Workbook

Sheet MODE EMPLOI
A1: MODE D'EMPLOI
A4: Prerequis : Excel 365 ou Excel 2021 (SYNTHESE!D4 = OK).
A6: 1. SAISIE : collez les cas d'un seul noeud (colonnes A a E).
A7: 2. SYNTHESE : se remplit toute seule — pas de filtre noeud.
A8: 3. B3 = Oui si colonne FY remplie (stabilite 3D), sinon Non.
A10: Conservez les noms standards : Vent G/D, Vent D/G, Neige cas I, etc.
A11: Dupliquez ce fichier pour chaque projet.

Sheet SAISIE
A1: 1 — SAISIE DES CAS DE CHARGE
A2: Collez vos cas bruts ici (1 noeud a la fois). La synthese se met a jour automatiquement.
A4: Noeud_Cas | B4: Nom_cas | C4: FX_daN | D4: FY_daN | E4: FZ_daN

Sheet SYNTHESE
A1: 2 — SYNTHESE (automatique)
A3: Stabilite 3D — afficher FY : | B3: Oui | D3: Excel
D4: =IF(ISERROR(FILTER(A1:A2,A1<>"")),"365 requis","OK")
A5: Nom du cas | B5: FX [daN] | C5: FY [daN] | D5: FZ [daN] | E5: Note
A6: Couverture | B6: =IFERROR(LET(v,FILTER(SAISIE!$C$5:$C$504,(OR(ISNUMBER(SEARCH("Couverture",SAISIE!$B$5:$B$504)),LEFT(SAISIE!$B$5:$B$504,2)="G "))),IF(COUNT(v)=0,"-",INDEX(v,1))),"-") | C6: =IF($B$3<>"Oui","",IFERROR(LET(v,FILTER(SAISIE!$D$5:$D$504,(OR(ISNUMBER(SEARCH("Couverture",SAISIE!$B$5:$B$504)),LEFT(SAISIE!$B$5:$B$504,2)="G "))),IF(COUNT(v)=0,"-",INDEX(v,1))),"-")) | D6: =IFERROR(LET(v,FILTER(SAISIE!$E$5:$E$504,(OR(ISNUMBER(SEARCH("Couverture",SAISIE!$B$5:$B$504)),LEFT(SAISIE!$B$5:$B$504,2)="G "))),IF(COUNT(v)=0,"-",INDEX(v,1))),"-")
A7: Vent G/D maxi | B7: =IFERROR(LET(fx,FILTER(SAISIE!$C$5:$C$504,(ISNUMBER(SEARCH("Vent G/D",SAISIE!$B$5:$B$504)))*(SAISIE!$E$5:$E$504<>"")),fz,FILTER(SAISIE!$E$5:$E$504,(ISNUMBER(SEARCH("Vent G/D",SAISIE!$B$5:$B$504)))*(SAISIE!$E$5:$E$504<>"")),mf,MIN(fz),IF(COUNT(fz)=0,"-",IF(MIN(fz)>=0,INDEX(fx,MATCH(MAX(fx),fx,0)),INDEX(fx,MATCH(mf,fz,0))))),"-") | C7: =IF($B$3<>"Oui","",IFERROR(LET(fy,FILTER(SAISIE!$D$5:$D$504,(ISNUMBER(SEARCH("Vent G/D",SAISIE!$B$5:$B$504)))*(SAISIE!$E$5:$E$504<>"")),fx,FILTER(SAISIE!$C$5:$C$504,(ISNUMBER(SEARCH("Vent G/D",SAISIE!$B$5:$B$504)))*(SAISIE!$E$5:$E$504<>"")),fz,FILTER(SAISIE!$E$5:$E$504,(ISNUMBER(SEARCH("Vent G/D",SAISIE!$B$5:$B$504)))*(SAISIE!$E$5:$E$504<>"")),mf,MIN(fz),IF(COUNT(fz)=0,"-",IF(MIN(fz)>=0,INDEX(fy,MATCH(MAX(fx),fx,0)),INDEX(fy,MATCH(mf,fz,0))))),"-")) | D7: =IFERROR(LET(fz,FILTER(SAISIE!$E$5:$E$504,(ISNUMBER(SEARCH("Vent G/D",SAISIE!$B$5:$B$504)))*(SAISIE!$E$5:$E$504<>"")),IF(COUNT(fz)=0,"-",IF(MIN(fz)>=0,0,MIN(fz)))),"-") | E7: (compression)
A8: Vent G/D mini | B8: =IFERROR(LET(fx,FILTER(SAISIE!$C$5:$C$504,(ISNUMBER(SEARCH("Vent G/D",SAISIE!$B$5:$B$504)))*(SAISIE!$E$5:$E$504<>"")),fz,FILTER(SAISIE!$E$5:$E$504,(ISNUMBER(SEARCH("Vent G/D",SAISIE!$B$5:$B$504)))*(SAISIE!$E$5:$E$504<>"")),Mf,MAX(fz),INDEX(fx,MATCH(Mf,fz,0))),"-") | C8: =IF($B$3<>"Oui","",IFERROR(LET(fy,FILTER(SAISIE!$D$5:$D$504,(ISNUMBER(SEARCH("Vent G/D",SAISIE!$B$5:$B$504)))*(SAISIE!$E$5:$E$504<>"")),fz,FILTER(SAISIE!$E$5:$E$504,(ISNUMBER(SEARCH("Vent G/D",SAISIE!$B$5:$B$504)))*(SAISIE!$E$5:$E$504<>"")),Mf,MAX(fz),INDEX(fy,MATCH(Mf,fz,0))),"-")) | D8: =IFERROR(LET(fz,FILTER(SAISIE!$E$5:$E$504,(ISNUMBER(SEARCH("Vent G/D",SAISIE!$B$5:$B$504)))*(SAISIE!$E$5:$E$504<>"")),IF(COUNT(fz)=0,"-",MAX(fz))),"-") | E8: (soulevement)
A9: Vent D/ G maxi | B9: =IFERROR(LET(fx,FILTER(SAISIE!$C$5:$C$504,(ISNUMBER(SEARCH("Vent D/G",SAISIE!$B$5:$B$504)))*(SAISIE!$E$5:$E$504<>"")),fz,FILTER(SAISIE!$E$5:$E$504,(ISNUMBER(SEARCH("Vent D/G",SAISIE!$B$5:$B$504)))*(SAISIE!$E$5:$E$504<>"")),mf,MIN(fz),IF(COUNT(fz)=0,"-",IF(MIN(fz)>=0,INDEX(fx,MATCH(MAX(fx),fx,0)),INDEX(fx,MATCH(mf,fz,0))))),"-") | C9: =IF($B$3<>"Oui","",IFERROR(LET(fy,FILTER(SAISIE!$D$5:$D$504,(ISNUMBER(SEARCH("Vent D/G",SAISIE!$B$5:$B$504)))*(SAISIE!$E$5:$E$504<>"")),fx,FILTER(SAISIE!$C$5:$C$504,(ISNUMBER(SEARCH("Vent D/G",SAISIE!$B$5:$B$504)))*(SAISIE!$E$5:$E$504<>"")),fz,FILTER(SAISIE!$E$5:$E$504,(ISNUMBER(SEARCH("Vent D/G",SAISIE!$B$5:$B$504)))*(SAISIE!$E$5:$E$504<>"")),mf,MIN(fz),IF(COUNT(fz)=0,"-",IF(MIN(fz)>=0,INDEX(fy,MATCH(MAX(fx),fx,0)),INDEX(fy,MATCH(mf,fz,0))))),"-")) | D9: =IFERROR(LET(fz,FILTER(SAISIE!$E$5:$E$504,(ISNUMBER(SEARCH("Vent D/G",SAISIE!$B$5:$B$504)))*(SAISIE!$E$5:$E$504<>"")),IF(COUNT(fz)=0,"-",IF(MIN(fz)>=0,0,MIN(fz)))),"-") | E9: (compression)
A10: Vent D/G mini | B10: =IFERROR(LET(fx,FILTER(SAISIE!$C$5:$C$504,(ISNUMBER(SEARCH("Vent D/G",SAISIE!$B$5:$B$504)))*(SAISIE!$E$5:$E$504<>"")),fz,FILTER(SAISIE!$E$5:$E$504,(ISNUMBER(SEARCH("Vent D/G",SAISIE!$B$5:$B$504)))*(SAISIE!$E$5:$E$504<>"")),Mf,MAX(fz),INDEX(fx,MATCH(Mf,fz,0))),"-") | C10: =IF($B$3<>"Oui","",IFERROR(LET(fy,FILTER(SAISIE!$D$5:$D$504,(ISNUMBER(SEARCH("Vent D/G",SAISIE!$B$5:$B$504)))*(SAISIE!$E$5:$E$504<>"")),fz,FILTER(SAISIE!$E$5:$E$504,(ISNUMBER(SEARCH("Vent D/G",SAISIE!$B$5:$B$504)))*(SAISIE!$E$5:$E$504<>"")),Mf,MAX(fz),INDEX(fy,MATCH(Mf,fz,0))),"-")) | D10: =IFERROR(LET(fz,FILTER(SAISIE!$E$5:$E$504,(ISNUMBER(SEARCH("Vent D/G",SAISIE!$B$5:$B$504)))*(SAISIE!$E$5:$E$504<>"")),IF(COUNT(fz)=0,"-",MAX(fz))),"-") | E10: (soulevement)
A11: Vent Av./Arr. maxi | B11: =IFERROR(LET(fx,FILTER(SAISIE!$C$5:$C$504,(ISNUMBER(SEARCH("Vent Av./Arr.",SAISIE!$B$5:$B$504)))*(SAISIE!$E$5:$E$504<>"")),fz,FILTER(SAISIE!$E$5:$E$504,(ISNUMBER(SEARCH("Vent Av./Arr.",SAISIE!$B$5:$B$504)))*(SAISIE!$E$5:$E$504<>"")),mf,MIN(fz),IF(COUNT(fz)=0,"-",IF(MIN(fz)>=0,INDEX(fx,MATCH(MAX(fx),fx,0)),INDEX(fx,MATCH(mf,fz,0))))),"-") | C11: =IF($B$3<>"Oui","",IFERROR(LET(fy,FILTER(SAISIE!$D$5:$D$504,(ISNUMBER(SEARCH("Vent Av./Arr.",SAISIE!$B$5:$B$504)))*(SAISIE!$E$5:$E$504<>"")),fx,FILTER(SAISIE!$C$5:$C$504,(ISNUMBER(SEARCH("Vent Av./Arr.",SAISIE!$B$5:$B$504)))*(SAISIE!$E$5:$E$504<>"")),fz,FILTER(SAISIE!$E$5:$E$504,(ISNUMBER(SEARCH("Vent Av./Arr.",SAISIE!$B$5:$B$504)))*(SAISIE!$E$5:$E$504<>"")),mf,MIN(fz),IF(COUNT(fz)=0,"-",IF(MIN(fz)>=0,INDEX(fy,MATCH(MAX(fx),fx,0)),INDEX(fy,MATCH(mf,fz,0))))),"-")) | D11: =IFERROR(LET(fz,FILTER(SAISIE!$E$5:$E$504,(ISNUMBER(SEARCH("Vent Av./Arr.",SAISIE!$B$5:$B$504)))*(SAISIE!$E$5:$E$504<>"")),IF(COUNT(fz)=0,"-",IF(MIN(fz)>=0,0,MIN(fz)))),"-") | E11: (compression)
A12: Vent Av./Arr. mini | B12: =IFERROR(LET(fx,FILTER(SAISIE!$C$5:$C$504,(ISNUMBER(SEARCH("Vent Av./Arr.",SAISIE!$B$5:$B$504)))*(SAISIE!$E$5:$E$504<>"")),fz,FILTER(SAISIE!$E$5:$E$504,(ISNUMBER(SEARCH("Vent Av./Arr.",SAISIE!$B$5:$B$504)))*(SAISIE!$E$5:$E$504<>"")),Mf,MAX(fz),INDEX(fx,MATCH(Mf,fz,0))),"-") | C12: =IF($B$3<>"Oui","",IFERROR(LET(fy,FILTER(SAISIE!$D$5:$D$504,(ISNUMBER(SEARCH("Vent Av./Arr.",SAISIE!$B$5:$B$504)))*(SAISIE!$E$5:$E$504<>"")),fz,FILTER(SAISIE!$E$5:$E$504,(ISNUMBER(SEARCH("Vent Av./Arr.",SAISIE!$B$5:$B$504)))*(SAISIE!$E$5:$E$504<>"")),Mf,MAX(fz),INDEX(fy,MATCH(Mf,fz,0))),"-")) | D12: =IFERROR(LET(fz,FILTER(SAISIE!$E$5:$E$504,(ISNUMBER(SEARCH("Vent Av./Arr.",SAISIE!$B$5:$B$504)))*(SAISIE!$E$5:$E$504<>"")),IF(COUNT(fz)=0,"-",MAX(fz))),"-") | E12: (soulevement)
A13: Vent Arr./Av maxi | B13: =IFERROR(LET(fx,FILTER(SAISIE!$C$5:$C$504,(ISNUMBER(SEARCH("Vent Arr./Av.",SAISIE!$B$5:$B$504)))*(SAISIE!$E$5:$E$504<>"")),fz,FILTER(SAISIE!$E$5:$E$504,(ISNUMBER(SEARCH("Vent Arr./Av.",SAISIE!$B$5:$B$504)))*(SAISIE!$E$5:$E$504<>"")),mf,MIN(fz),IF(COUNT(fz)=0,"-",IF(MIN(fz)>=0,INDEX(fx,MATCH(MAX(fx),fx,0)),INDEX(fx,MATCH(mf,fz,0))))),"-") | C13: =IF($B$3<>"Oui","",IFERROR(LET(fy,FILTER(SAISIE!$D$5:$D$504,(ISNUMBER(SEARCH("Vent Arr./Av.",SAISIE!$B$5:$B$504)))*(SAISIE!$E$5:$E$504<>"")),fx,FILTER(SAISIE!$C$5:$C$504,(ISNUMBER(SEARCH("Vent Arr./Av.",SAISIE!$B$5:$B$504)))*(SAISIE!$E$5:$E$504<>"")),fz,FILTER(SAISIE!$E$5:$E$504,(ISNUMBER(SEARCH("Vent Arr./Av.",SAISIE!$B$5:$B$504)))*(SAISIE!$E$5:$E$504<>"")),mf,MIN(fz),IF(COUNT(fz)=0,"-",IF(MIN(fz)>=0,INDEX(fy,MATCH(MAX(fx),fx,0)),INDEX(fy,MATCH(mf,fz,0))))),"-")) | D13: =IFERROR(LET(fz,FILTER(SAISIE!$E$5:$E$504,(ISNUMBER(SEARCH("Vent Arr./Av.",SAISIE!$B$5:$B$504)))*(SAISIE!$E$5:$E$504<>"")),IF(COUNT(fz)=0,"-",IF(MIN(fz)>=0,0,MIN(fz)))),"-") | E13: (compression)
A14: Vent Arr./Av mini | B14: =IFERROR(LET(fx,FILTER(SAISIE!$C$5:$C$504,(ISNUMBER(SEARCH("Vent Arr./Av.",SAISIE!$B$5:$B$504)))*(SAISIE!$E$5:$E$504<>"")),fz,FILTER(SAISIE!$E$5:$E$504,(ISNUMBER(SEARCH("Vent Arr./Av.",SAISIE!$B$5:$B$504)))*(SAISIE!$E$5:$E$504<>"")),Mf,MAX(fz),INDEX(fx,MATCH(Mf,fz,0))),"-") | C14: =IF($B$3<>"Oui","",IFERROR(LET(fy,FILTER(SAISIE!$D$5:$D$504,(ISNUMBER(SEARCH("Vent Arr./Av.",SAISIE!$B$5:$B$504)))*(SAISIE!$E$5:$E$504<>"")),fz,FILTER(SAISIE!$E$5:$E$504,(ISNUMBER(SEARCH("Vent Arr./Av.",SAISIE!$B$5:$B$504)))*(SAISIE!$E$5:$E$504<>"")),Mf,MAX(fz),INDEX(fy,MATCH(Mf,fz,0))),"-")) | D14: =IFERROR(LET(fz,FILTER(SAISIE!$E$5:$E$504,(ISNUMBER(SEARCH("Vent Arr./Av.",SAISIE!$B$5:$B$504)))*(SAISIE!$E$5:$E$504<>"")),IF(COUNT(fz)=0,"-",MAX(fz))),"-") | E14: (soulevement)
A15: Neige normale | B15: =IFERROR(LET(v,FILTER(SAISIE!$C$5:$C$504,(ISNUMBER(SEARCH("Neige",SAISIE!$B$5:$B$504))*(NOT(ISNUMBER(SEARCH("accidentel",SAISIE!$B$5:$B$504)))))*(SAISIE!$E$5:$E$504<>"")),fz,FILTER(SAISIE!$E$5:$E$504,(ISNUMBER(SEARCH("Neige",SAISIE!$B$5:$B$504))*(NOT(ISNUMBER(SEARCH("accidentel",SAISIE!$B$5:$B$504)))))*(SAISIE!$E$5:$E$504<>"")),IF(COUNT(fz)=0,"-",INDEX(v,MATCH(MIN(fz),fz,0)))),"-") | C15: =IF($B$3<>"Oui","",IFERROR(LET(v,FILTER(SAISIE!$D$5:$D$504,(ISNUMBER(SEARCH("Neige",SAISIE!$B$5:$B$504))*(NOT(ISNUMBER(SEARCH("accidentel",SAISIE!$B$5:$B$504)))))*(SAISIE!$E$5:$E$504<>"")),fz,FILTER(SAISIE!$E$5:$E$504,(ISNUMBER(SEARCH("Neige",SAISIE!$B$5:$B$504))*(NOT(ISNUMBER(SEARCH("accidentel",SAISIE!$B$5:$B$504)))))*(SAISIE!$E$5:$E$504<>"")),IF(COUNT(fz)=0,"-",INDEX(v,MATCH(MIN(fz),fz,0)))),"-")) | D15: =IFERROR(LET(v,FILTER(SAISIE!$E$5:$E$504,(ISNUMBER(SEARCH("Neige",SAISIE!$B$5:$B$504))*(NOT(ISNUMBER(SEARCH("accidentel",SAISIE!$B$5:$B$504)))))*(SAISIE!$E$5:$E$504<>"")),fz,FILTER(SAISIE!$E$5:$E$504,(ISNUMBER(SEARCH("Neige",SAISIE!$B$5:$B$504))*(NOT(ISNUMBER(SEARCH("accidentel",SAISIE!$B$5:$B$504)))))*(SAISIE!$E$5:$E$504<>"")),IF(COUNT(fz)=0,"-",INDEX(v,MATCH(MIN(fz),fz,0)))),"-")
A16: Neige accidentelle | B16: =IFERROR(LET(v,FILTER(SAISIE!$C$5:$C$504,(ISNUMBER(SEARCH("accidentel",SAISIE!$B$5:$B$504)))*(SAISIE!$E$5:$E$504<>"")),IF(COUNT(v)=0,"-",INDEX(v,1))),"-") | C16: =IF($B$3<>"Oui","",IFERROR(LET(v,FILTER(SAISIE!$D$5:$D$504,(ISNUMBER(SEARCH("accidentel",SAISIE!$B$5:$B$504)))*(SAISIE!$E$5:$E$504<>"")),IF(COUNT(v)=0,"-",INDEX(v,1))),"-")) | D16: =IFERROR(LET(v,FILTER(SAISIE!$E$5:$E$504,(ISNUMBER(SEARCH("accidentel",SAISIE!$B$5:$B$504)))*(SAISIE!$E$5:$E$504<>"")),IF(COUNT(v)=0,"-",INDEX(v,1))),"-")
