Workbook

Sheet MODE EMPLOI
A1: DDC Calculateur — 2 tableaux (avec / sans FY)
A4: CHOISISSEZ le tableau qui correspond a votre export Robot :
A6: TABLEAU 1 (lignes 5-204) : avec FY — stabilite 3D (FX, FY, FZ)
A7: TABLEAU 2 (lignes 210-409): sans FY — FX et FZ seulement
A9: Collez vos donnees dans UN seul tableau (pas les deux).
A10: SYNTHESE : 2 zones miroir — resultats dans la zone correspondante.
A11: Note dynamique : FZ > 0 = soulèvement, FZ < 0 = compression.
A12: F9 pour forcer le recalcul si besoin. Excel 2019 ou 365 requis.

Sheet SAISIE
A1: SAISIE — Collez vos cas de charge
A2: Utilisez le tableau AVEC FY ou SANS FY selon votre DDC Robot.
A3: TABLEAU — AVEC FY
A4: Noeud_Cas | B4: Nom_cas | C4: FX_daN | D4: FY_daN | E4: FZ_daN | F4: Noeud
A5: 47/1 | B5: G : Couverture : PA 6 BS 10 PV15 | C5: -116 | D5: 7 | E5: -1285 | F5: =IF(A5="","",VALUE(LEFT(A5,FIND("/",A5&"/")-1))) -> 47
A6: 47/2 | B6: Vent G/D dep.(-) Portique 2 | C6: 905 | D6: 40 | E6: 1422 | F6: =IF(A6="","",VALUE(LEFT(A6,FIND("/",A6&"/")-1))) -> 47
A7: 47/3 | B7: Vent G/D sur.(+) Portique 2 | C7: 900 | D7: 32 | E7: 1444 | F7: =IF(A7="","",VALUE(LEFT(A7,FIND("/",A7&"/")-1))) -> 47
A8: 47/4 | B8: Vent D/G dep.(-) Cpe - Portique 2 | C8: -345 | D8: 5 | E8: 462 | F8: =IF(A8="","",VALUE(LEFT(A8,FIND("/",A8&"/")-1))) -> 47
A9: 47/5 | B9: Vent D/G dep.(-) Cpe + Portique 2 | C9: -513 | D9: -11 | E9: -281 | F9: =IF(A9="","",VALUE(LEFT(A9,FIND("/",A9&"/")-1))) -> 47
A10: 47/6 | B10: Vent D/G sur.(+) Cpe - Portique 2 | C10: -349 | D10: -2 | E10: 485 | F10: =IF(A10="","",VALUE(LEFT(A10,FIND("/",A10&"/")-1))) -> 47
A11: 47/7 | B11: Vent D/G sur.(+) Cpe + Portique 2 | C11: -518 | D11: -22 | E11: -258 | F11: =IF(A11="","",VALUE(LEFT(A11,FIND("/",A11&"/")-1))) -> 47
A12: 47/8 | B12: Vent Av./Arr. dep.(-) Portique 2 | C12: -241 | D12: 205 | E12: 815 | F12: =IF(A12="","",VALUE(LEFT(A12,FIND("/",A12&"/")-1))) -> 47
A13: 47/9 | B13: Vent Av./Arr. sur.(+) Portique 2 | C13: -198 | D13: 195 | E13: 598 | F13: =IF(A13="","",VALUE(LEFT(A13,FIND("/",A13&"/")-1))) -> 47
A14: 47/10 | B14: Vent Arr./Av. dep.(-) Portique 2 | C14: -105 | D14: 0 | E14: 400 | F14: =IF(A14="","",VALUE(LEFT(A14,FIND("/",A14&"/")-1))) -> 47
A15: 47/11 | B15: Vent Arr./Av. sur.(+) Portique 2 | C15: -37 | D15: -11 | E15: 56 | F15: =IF(A15="","",VALUE(LEFT(A15,FIND("/",A15&"/")-1))) -> 47
A16: 47/12 | B16: Neige cas I | C16: -113 | D16: 0 | E16: -1010 | F16: =IF(A16="","",VALUE(LEFT(A16,FIND("/",A16&"/")-1))) -> 47
... A18: 47/14 | B18: Neige accidentel | C18: -251 | D18: 0 | E18: -2244 | F18: =IF(A18="","",VALUE(LEFT(A18,FIND("/",A18&"/")-1))) -> 47
F19: =IF(A19="","",VALUE(LEFT(A19,FIND("/",A19&"/")-1)))
F20: =IF(A20="","",VALUE(LEFT(A20,FIND("/",A20&"/")-1)))
F21: =IF(A21="","",VALUE(LEFT(A21,FIND("/",A21&"/")-1)))
F22: =IF(A22="","",VALUE(LEFT(A22,FIND("/",A22&"/")-1)))
F23: =IF(A23="","",VALUE(LEFT(A23,FIND("/",A23&"/")-1)))
F24: =IF(A24="","",VALUE(LEFT(A24,FIND("/",A24&"/")-1)))
F25: =IF(A25="","",VALUE(LEFT(A25,FIND("/",A25&"/")-1)))
F26: =IF(A26="","",VALUE(LEFT(A26,FIND("/",A26&"/")-1)))
F27: =IF(A27="","",VALUE(LEFT(A27,FIND("/",A27&"/")-1)))
F28: =IF(A28="","",VALUE(LEFT(A28,FIND("/",A28&"/")-1)))
F29: =IF(A29="","",VALUE(LEFT(A29,FIND("/",A29&"/")-1)))
F30: =IF(A30="","",VALUE(LEFT(A30,FIND("/",A30&"/")-1)))
... F204: =IF(A204="","",VALUE(LEFT(A204,FIND("/",A204&"/")-1)))
A206: ↓ Ne pas remplir les deux tableaux — choisir celui qui correspond ↓
A207: TABLEAU — SANS FY
A209: Noeud_Cas | B209: Nom_cas | C209: FX_daN | D209: FZ_daN | E209: Noeud
E210: =IF(A210="","",VALUE(LEFT(A210,FIND("/",A210&"/")-1)))
E211: =IF(A211="","",VALUE(LEFT(A211,FIND("/",A211&"/")-1)))
E212: =IF(A212="","",VALUE(LEFT(A212,FIND("/",A212&"/")-1)))
E213: =IF(A213="","",VALUE(LEFT(A213,FIND("/",A213&"/")-1)))
E214: =IF(A214="","",VALUE(LEFT(A214,FIND("/",A214&"/")-1)))
E215: =IF(A215="","",VALUE(LEFT(A215,FIND("/",A215&"/")-1)))
E216: =IF(A216="","",VALUE(LEFT(A216,FIND("/",A216&"/")-1)))
E217: =IF(A217="","",VALUE(LEFT(A217,FIND("/",A217&"/")-1)))
E218: =IF(A218="","",VALUE(LEFT(A218,FIND("/",A218&"/")-1)))
E219: =IF(A219="","",VALUE(LEFT(A219,FIND("/",A219&"/")-1)))
E220: =IF(A220="","",VALUE(LEFT(A220,FIND("/",A220&"/")-1)))
E221: =IF(A221="","",VALUE(LEFT(A221,FIND("/",A221&"/")-1)))
... E409: =IF(A409="","",VALUE(LEFT(A409,FIND("/",A409&"/")-1)))

Sheet SYNTHESE
A1: SYNTHESE — Calcul automatique
A2: ="Avec FY : "&COUNTA(SAISIE!$A$5:$A$204)&" cas | "&SUMPRODUCT(--(MOD(ROW($G$7:$G$246)-7,12)=0)*($G$7:$G$246<>""))&" noeud(s) || "&"Sans FY : "&COUNTA(SAISIE!$A$210:$A$409)&" cas | "&SUMPRODUCT(--(MOD(ROW($H$251:$H$490)-251,12)=0)*($H$251:$H$490<>""))&" noeud(s)" -> Avec FY : 14 cas | 1 noeud(s) || Sans FY : 0 cas | 0 noeud(s)
A5: SYNTHESE — AVEC FY
A6: Nom du cas | B6: FX [daN] | C6: FY [daN] | D6: FZ [daN] | E6: Note
A7: =IF($G$7="","","Noeud "&$G$7) -> Noeud 47 | G7: =IFERROR(INDEX(SAISIE!$F$5:$F$204,_xlfn.AGGREGATE(15,6,ROW(SAISIE!$F$5:$F$204)-ROW(SAISIE!$F$5)+1/(SAISIE!$F$5:$F$204<>"")/(COUNTIF($G$4:G6,SAISIE!$F$5:$F$204)=0),1)),"") -> 47
A8: =IF(OR($G$7="",NOT(TRUE)),"","Couverture") -> Couverture | B8: =IF($G$7="","",IFERROR(IFERROR(LOOKUP(2,1/((SAISIE!$F$5:$F$204=$G$7)*(LEFT(SAISIE!$B$5:$B$204,2)="G ")),SAISIE!$C$5:$C$204),LOOKUP(2,1/((SAISIE!$F$5:$F$204=$G$7)*(ISNUMBER(SEARCH("Couverture",SAISIE!$B$5:$B$204)))),SAISIE!$C$5:$C$204)),"-")) -> -116 | C8: =IF($G$7="","",IFERROR(IFERROR(LOOKUP(2,1/((SAISIE!$F$5:$F$204=$G$7)*(LEFT(SAISIE!$B$5:$B$204,2)="G ")),SAISIE!$D$5:$D$204),LOOKUP(2,1/((SAISIE!$F$5:$F$204=$G$7)*(ISNUMBER(SEARCH("Couverture",SAISIE!$B$5:$B$204)))),SAISIE!$D$5:$D$204)),"-")) -> 7 | D8: =IF($G$7="","",IFERROR(IFERROR(LOOKUP(2,1/((SAISIE!$F$5:$F$204=$G$7)*(LEFT(SAISIE!$B$5:$B$204,2)="G ")),SAISIE!$E$5:$E$204),LOOKUP(2,1/((SAISIE!$F$5:$F$204=$G$7)*(ISNUMBER(SEARCH("Couverture",SAISIE!$B$5:$B$204)))),SAISIE!$E$5:$E$204)),"-")) -> -1285 | E8: =IF($G$7="","",IF(OR(D8="",D8="-"),"",IF(D8>0,"(soulevement)",IF(D8<0,"(compression)","-")))) -> (compression)
A9: =IF(OR($G$7="",NOT(COUNTIFS(SAISIE!$B$5:$B$204,"*Vent G/D*",SAISIE!$F$5:$F$204,$G$7)>0)),"","Vent G/D") -> Vent G/D | B9: =IF(OR($G$7="",NOT(COUNTIFS(SAISIE!$B$5:$B$204,"*Vent G/D*",SAISIE!$F$5:$F$204,$G$7)>0)),"",IFERROR(IF(_xlfn.MINIFS(SAISIE!$E$5:$E$204,SAISIE!$B$5:$B$204,"*Vent G/D*",SAISIE!$F$5:$F$204,$G$7)>=0,_xlfn.MAXIFS(SAISIE!$C$5:$C$204,SAISIE!$B$5:$B$204,"*Vent G/D*",SAISIE!$F$5:$F$204,$G$7),INDEX(SAISIE!$C$5:$C$204,MATCH(_xlfn.MINIFS(SAISIE!$E$5:$E$204,SAISIE!$B$5:$B$204,"*Vent G/D*",SAISIE!$F$5:$F$204,$G$7),SAISIE!$E$5:$E$204,0))),"-")) -> 905 | C9: =IF(OR($G$7="",NOT(COUNTIFS(SAISIE!$B$5:$B$204,"*Vent G/D*",SAISIE!$F$5:$F$204,$G$7)>0)),"",IFERROR(IF(_xlfn.MINIFS(SAISIE!$E$5:$E$204,SAISIE!$B$5:$B$204,"*Vent G/D*",SAISIE!$F$5:$F$204,$G$7)>=0,INDEX(SAISIE!$D$5:$D$204,MATCH(_xlfn.MAXIFS(SAISIE!$C$5:$C$204,SAISIE!$B$5:$B$204,"*Vent G/D*",SAISIE!$F$5:$F$204,$G$7),SAISIE!$C$5:$C$204,0)),INDEX(SAISIE!$D$5:$D$204,MATCH(_xlfn.MINIFS(SAISIE!$E$5:$E$204,SAISIE!$B$5:$B$204,"*Vent G/D*",SAISIE!$F$5:$F$204,$G$7),SAISIE!$E$5:$E$204,0))),"-")) -> 40 | D9: =IF(OR($G$7="",NOT(COUNTIFS(SAISIE!$B$5:$B$204,"*Vent G/D*",SAISIE!$F$5:$F$204,$G$7)>0)),"",IFERROR(IF(_xlfn.MINIFS(SAISIE!$E$5:$E$204,SAISIE!$B$5:$B$204,"*Vent G/D*",SAISIE!$F$5:$F$204,$G$7)>=0,0,_xlfn.MINIFS(SAISIE!$E$5:$E$204,SAISIE!$B$5:$B$204,"*Vent G/D*",SAISIE!$F$5:$F$204,$G$7)),"-")) -> 0 | E9: =IF($G$7="","",IF(OR(D9="",D9="-"),"",IF(D9>0,"(soulevement)",IF(D9<0,"(compression)","-")))) -> -
A10: =IF(OR($G$7="",NOT(_xlfn.MAXIFS(SAISIE!$E$5:$E$204,SAISIE!$B$5:$B$204,"*Vent G/D*",SAISIE!$F$5:$F$204,$G$7)>0)),"","Vent G/D") -> Vent G/D | B10: =IF(OR($G$7="",NOT(_xlfn.MAXIFS(SAISIE!$E$5:$E$204,SAISIE!$B$5:$B$204,"*Vent G/D*",SAISIE!$F$5:$F$204,$G$7)>0)),"",IFERROR(INDEX(SAISIE!$C$5:$C$204,MATCH(_xlfn.MAXIFS(SAISIE!$E$5:$E$204,SAISIE!$B$5:$B$204,"*Vent G/D*",SAISIE!$F$5:$F$204,$G$7),SAISIE!$E$5:$E$204,0)),"-")) -> 900 | C10: =IF(OR($G$7="",NOT(_xlfn.MAXIFS(SAISIE!$E$5:$E$204,SAISIE!$B$5:$B$204,"*Vent G/D*",SAISIE!$F$5:$F$204,$G$7)>0)),"",IFERROR(INDEX(SAISIE!$D$5:$D$204,MATCH(_xlfn.MAXIFS(SAISIE!$E$5:$E$204,SAISIE!$B$5:$B$204,"*Vent G/D*",SAISIE!$F$5:$F$204,$G$7),SAISIE!$E$5:$E$204,0)),"-")) -> 32 | D10: =IF(OR($G$7="",NOT(_xlfn.MAXIFS(SAISIE!$E$5:$E$204,SAISIE!$B$5:$B$204,"*Vent G/D*",SAISIE!$F$5:$F$204,$G$7)>0)),"",IFERROR(_xlfn.MAXIFS(SAISIE!$E$5:$E$204,SAISIE!$B$5:$B$204,"*Vent G/D*",SAISIE!$F$5:$F$204,$G$7),"-")) -> 1444 | E10: =IF($G$7="","",IF(OR(D10="",D10="-"),"",IF(D10>0,"(soulevement)",IF(D10<0,"(compression)","-")))) -> (soulevement)
A11: =IF(OR($G$7="",NOT(COUNTIFS(SAISIE!$B$5:$B$204,"*Vent D/G*",SAISIE!$F$5:$F$204,$G$7)>0)),"","Vent D/G") -> Vent D/G | B11: =IF(OR($G$7="",NOT(COUNTIFS(SAISIE!$B$5:$B$204,"*Vent D/G*",SAISIE!$F$5:$F$204,$G$7)>0)),"",IFERROR(IF(_xlfn.MINIFS(SAISIE!$E$5:$E$204,SAISIE!$B$5:$B$204,"*Vent D/G*",SAISIE!$F$5:$F$204,$G$7)>=0,_xlfn.MAXIFS(SAISIE!$C$5:$C$204,SAISIE!$B$5:$B$204,"*Vent D/G*",SAISIE!$F$5:$F$204,$G$7),INDEX(SAISIE!$C$5:$C$204,MATCH(_xlfn.MINIFS(SAISIE!$E$5:$E$204,SAISIE!$B$5:$B$204,"*Vent D/G*",SAISIE!$F$5:$F$204,$G$7),SAISIE!$E$5:$E$204,0))),"-")) -> -513 | C11: =IF(OR($G$7="",NOT(COUNTIFS(SAISIE!$B$5:$B$204,"*Vent D/G*",SAISIE!$F$5:$F$204,$G$7)>0)),"",IFERROR(IF(_xlfn.MINIFS(SAISIE!$E$5:$E$204,SAISIE!$B$5:$B$204,"*Vent D/G*",SAISIE!$F$5:$F$204,$G$7)>=0,INDEX(SAISIE!$D$5:$D$204,MATCH(_xlfn.MAXIFS(SAISIE!$C$5:$C$204,SAISIE!$B$5:$B$204,"*Vent D/G*",SAISIE!$F$5:$F$204,$G$7),SAISIE!$C$5:$C$204,0)),INDEX(SAISIE!$D$5:$D$204,MATCH(_xlfn.MINIFS(SAISIE!$E$5:$E$204,SAISIE!$B$5:$B$204,"*Vent D/G*",SAISIE!$F$5:$F$204,$G$7),SAISIE!$E$5:$E$204,0))),"-")) -> -11 | D11: =IF(OR($G$7="",NOT(COUNTIFS(SAISIE!$B$5:$B$204,"*Vent D/G*",SAISIE!$F$5:$F$204,$G$7)>0)),"",IFERROR(IF(_xlfn.MINIFS(SAISIE!$E$5:$E$204,SAISIE!$B$5:$B$204,"*Vent D/G*",SAISIE!$F$5:$F$204,$G$7)>=0,0,_xlfn.MINIFS(SAISIE!$E$5:$E$204,SAISIE!$B$5:$B$204,"*Vent D/G*",SAISIE!$F$5:$F$204,$G$7)),"-")) -> -281 | E11: =IF($G$7="","",IF(OR(D11="",D11="-"),"",IF(D11>0,"(soulevement)",IF(D11<0,"(compression)","-")))) -> (compression)
A12: =IF(OR($G$7="",NOT(_xlfn.MAXIFS(SAISIE!$E$5:$E$204,SAISIE!$B$5:$B$204,"*Vent D/G*",SAISIE!$F$5:$F$204,$G$7)>0)),"","Vent D/G") -> Vent D/G | B12: =IF(OR($G$7="",NOT(_xlfn.MAXIFS(SAISIE!$E$5:$E$204,SAISIE!$B$5:$B$204,"*Vent D/G*",SAISIE!$F$5:$F$204,$G$7)>0)),"",IFERROR(INDEX(SAISIE!$C$5:$C$204,MATCH(_xlfn.MAXIFS(SAISIE!$E$5:$E$204,SAISIE!$B$5:$B$204,"*Vent D/G*",SAISIE!$F$5:$F$204,$G$7),SAISIE!$E$5:$E$204,0)),"-")) -> -349 | C12: =IF(OR($G$7="",NOT(_xlfn.MAXIFS(SAISIE!$E$5:$E$204,SAISIE!$B$5:$B$204,"*Vent D/G*",SAISIE!$F$5:$F$204,$G$7)>0)),"",IFERROR(INDEX(SAISIE!$D$5:$D$204,MATCH(_xlfn.MAXIFS(SAISIE!$E$5:$E$204,SAISIE!$B$5:$B$204,"*Vent D/G*",SAISIE!$F$5:$F$204,$G$7),SAISIE!$E$5:$E$204,0)),"-")) -> -2 | D12: =IF(OR($G$7="",NOT(_xlfn.MAXIFS(SAISIE!$E$5:$E$204,SAISIE!$B$5:$B$204,"*Vent D/G*",SAISIE!$F$5:$F$204,$G$7)>0)),"",IFERROR(_xlfn.MAXIFS(SAISIE!$E$5:$E$204,SAISIE!$B$5:$B$204,"*Vent D/G*",SAISIE!$F$5:$F$204,$G$7),"-")) -> 485 | E12: =IF($G$7="","",IF(OR(D12="",D12="-"),"",IF(D12>0,"(soulevement)",IF(D12<0,"(compression)","-")))) -> (soulevement)
A13: =IF(OR($G$7="",NOT(COUNTIFS(SAISIE!$B$5:$B$204,"*Vent Av./Arr.*",SAISIE!$F$5:$F$204,$G$7)>0)),"","Vent Av./Arr.") -> Vent Av./Arr. | B13: =IF(OR($G$7="",NOT(COUNTIFS(SAISIE!$B$5:$B$204,"*Vent Av./Arr.*",SAISIE!$F$5:$F$204,$G$7)>0)),"",IFERROR(IF(_xlfn.MINIFS(SAISIE!$E$5:$E$204,SAISIE!$B$5:$B$204,"*Vent Av./Arr.*",SAISIE!$F$5:$F$204,$G$7)>=0,_xlfn.MAXIFS(SAISIE!$C$5:$C$204,SAISIE!$B$5:$B$204,"*Vent Av./Arr.*",SAISIE!$F$5:$F$204,$G$7),INDEX(SAISIE!$C$5:$C$204,MATCH(_xlfn.MINIFS(SAISIE!$E$5:$E$204,SAISIE!$B$5:$B$204,"*Vent Av./Arr.*",SAISIE!$F$5:$F$204,$G$7),SAISIE!$E$5:$E$204,0))),"-")) -> -198 | C13: =IF(OR($G$7="",NOT(COUNTIFS(SAISIE!$B$5:$B$204,"*Vent Av./Arr.*",SAISIE!$F$5:$F$204,$G$7)>0)),"",IFERROR(IF(_xlfn.MINIFS(SAISIE!$E$5:$E$204,SAISIE!$B$5:$B$204,"*Vent Av./Arr.*",SAISIE!$F$5:$F$204,$G$7)>=0,INDEX(SAISIE!$D$5:$D$204,MATCH(_xlfn.MAXIFS(SAISIE!$C$5:$C$204,SAISIE!$B$5:$B$204,"*Vent Av./Arr.*",SAISIE!$F$5:$F$204,$G$7),SAISIE!$C$5:$C$204,0)),INDEX(SAISIE!$D$5:$D$204,MATCH(_xlfn.MINIFS(SAISIE!$E$5:$E$204,SAISIE!$B$5:$B$204,"*Vent Av./Arr.*",SAISIE!$F$5:$F$204,$G$7),SAISIE!$E$5:$E$204,0))),"-")) -> 195 | D13: =IF(OR($G$7="",NOT(COUNTIFS(SAISIE!$B$5:$B$204,"*Vent Av./Arr.*",SAISIE!$F$5:$F$204,$G$7)>0)),"",IFERROR(IF(_xlfn.MINIFS(SAISIE!$E$5:$E$204,SAISIE!$B$5:$B$204,"*Vent Av./Arr.*",SAISIE!$F$5:$F$204,$G$7)>=0,0,_xlfn.MINIFS(SAISIE!$E$5:$E$204,SAISIE!$B$5:$B$204,"*Vent Av./Arr.*",SAISIE!$F$5:$F$204,$G$7)),"-")) -> 0 | E13: =IF($G$7="","",IF(OR(D13="",D13="-"),"",IF(D13>0,"(soulevement)",IF(D13<0,"(compression)","-")))) -> -
A14: =IF(OR($G$7="",NOT(_xlfn.MAXIFS(SAISIE!$E$5:$E$204,SAISIE!$B$5:$B$204,"*Vent Av./Arr.*",SAISIE!$F$5:$F$204,$G$7)>0)),"","Vent Av./Arr.") -> Vent Av./Arr. | B14: =IF(OR($G$7="",NOT(_xlfn.MAXIFS(SAISIE!$E$5:$E$204,SAISIE!$B$5:$B$204,"*Vent Av./Arr.*",SAISIE!$F$5:$F$204,$G$7)>0)),"",IFERROR(INDEX(SAISIE!$C$5:$C$204,MATCH(_xlfn.MAXIFS(SAISIE!$E$5:$E$204,SAISIE!$B$5:$B$204,"*Vent Av./Arr.*",SAISIE!$F$5:$F$204,$G$7),SAISIE!$E$5:$E$204,0)),"-")) -> -241 | C14: =IF(OR($G$7="",NOT(_xlfn.MAXIFS(SAISIE!$E$5:$E$204,SAISIE!$B$5:$B$204,"*Vent Av./Arr.*",SAISIE!$F$5:$F$204,$G$7)>0)),"",IFERROR(INDEX(SAISIE!$D$5:$D$204,MATCH(_xlfn.MAXIFS(SAISIE!$E$5:$E$204,SAISIE!$B$5:$B$204,"*Vent Av./Arr.*",SAISIE!$F$5:$F$204,$G$7),SAISIE!$E$5:$E$204,0)),"-")) -> 205 | D14: =IF(OR($G$7="",NOT(_xlfn.MAXIFS(SAISIE!$E$5:$E$204,SAISIE!$B$5:$B$204,"*Vent Av./Arr.*",SAISIE!$F$5:$F$204,$G$7)>0)),"",IFERROR(_xlfn.MAXIFS(SAISIE!$E$5:$E$204,SAISIE!$B$5:$B$204,"*Vent Av./Arr.*",SAISIE!$F$5:$F$204,$G$7),"-")) -> 815 | E14: =IF($G$7="","",IF(OR(D14="",D14="-"),"",IF(D14>0,"(soulevement)",IF(D14<0,"(compression)","-")))) -> (soulevement)
A15: =IF(OR($G$7="",NOT(COUNTIFS(SAISIE!$B$5:$B$204,"*Vent Arr./Av.*",SAISIE!$F$5:$F$204,$G$7)>0)),"","Vent Arr./Av.") -> Vent Arr./Av. | B15: =IF(OR($G$7="",NOT(COUNTIFS(SAISIE!$B$5:$B$204,"*Vent Arr./Av.*",SAISIE!$F$5:$F$204,$G$7)>0)),"",IFERROR(IF(_xlfn.MINIFS(SAISIE!$E$5:$E$204,SAISIE!$B$5:$B$204,"*Vent Arr./Av.*",SAISIE!$F$5:$F$204,$G$7)>=0,_xlfn.MAXIFS(SAISIE!$C$5:$C$204,SAISIE!$B$5:$B$204,"*Vent Arr./Av.*",SAISIE!$F$5:$F$204,$G$7),INDEX(SAISIE!$C$5:$C$204,MATCH(_xlfn.MINIFS(SAISIE!$E$5:$E$204,SAISIE!$B$5:$B$204,"*Vent Arr./Av.*",SAISIE!$F$5:$F$204,$G$7),SAISIE!$E$5:$E$204,0))),"-")) -> -37 | C15: =IF(OR($G$7="",NOT(COUNTIFS(SAISIE!$B$5:$B$204,"*Vent Arr./Av.*",SAISIE!$F$5:$F$204,$G$7)>0)),"",IFERROR(IF(_xlfn.MINIFS(SAISIE!$E$5:$E$204,SAISIE!$B$5:$B$204,"*Vent Arr./Av.*",SAISIE!$F$5:$F$204,$G$7)>=0,INDEX(SAISIE!$D$5:$D$204,MATCH(_xlfn.MAXIFS(SAISIE!$C$5:$C$204,SAISIE!$B$5:$B$204,"*Vent Arr./Av.*",SAISIE!$F$5:$F$204,$G$7),SAISIE!$C$5:$C$204,0)),INDEX(SAISIE!$D$5:$D$204,MATCH(_xlfn.MINIFS(SAISIE!$E$5:$E$204,SAISIE!$B$5:$B$204,"*Vent Arr./Av.*",SAISIE!$F$5:$F$204,$G$7),SAISIE!$E$5:$E$204,0))),"-")) -> -11 | D15: =IF(OR($G$7="",NOT(COUNTIFS(SAISIE!$B$5:$B$204,"*Vent Arr./Av.*",SAISIE!$F$5:$F$204,$G$7)>0)),"",IFERROR(IF(_xlfn.MINIFS(SAISIE!$E$5:$E$204,SAISIE!$B$5:$B$204,"*Vent Arr./Av.*",SAISIE!$F$5:$F$204,$G$7)>=0,0,_xlfn.MINIFS(SAISIE!$E$5:$E$204,SAISIE!$B$5:$B$204,"*Vent Arr./Av.*",SAISIE!$F$5:$F$204,$G$7)),"-")) -> 0 | E15: =IF($G$7="","",IF(OR(D15="",D15="-"),"",IF(D15>0,"(soulevement)",IF(D15<0,"(compression)","-")))) -> -
A16: =IF(OR($G$7="",NOT(_xlfn.MAXIFS(SAISIE!$E$5:$E$204,SAISIE!$B$5:$B$204,"*Vent Arr./Av.*",SAISIE!$F$5:$F$204,$G$7)>0)),"","Vent Arr./Av.") -> Vent Arr./Av. | B16: =IF(OR($G$7="",NOT(_xlfn.MAXIFS(SAISIE!$E$5:$E$204,SAISIE!$B$5:$B$204,"*Vent Arr./Av.*",SAISIE!$F$5:$F$204,$G$7)>0)),"",IFERROR(INDEX(SAISIE!$C$5:$C$204,MATCH(_xlfn.MAXIFS(SAISIE!$E$5:$E$204,SAISIE!$B$5:$B$204,"*Vent Arr./Av.*",SAISIE!$F$5:$F$204,$G$7),SAISIE!$E$5:$E$204,0)),"-")) -> -105 | C16: =IF(OR($G$7="",NOT(_xlfn.MAXIFS(SAISIE!$E$5:$E$204,SAISIE!$B$5:$B$204,"*Vent Arr./Av.*",SAISIE!$F$5:$F$204,$G$7)>0)),"",IFERROR(INDEX(SAISIE!$D$5:$D$204,MATCH(_xlfn.MAXIFS(SAISIE!$E$5:$E$204,SAISIE!$B$5:$B$204,"*Vent Arr./Av.*",SAISIE!$F$5:$F$204,$G$7),SAISIE!$E$5:$E$204,0)),"-")) -> 0 | D16: =IF(OR($G$7="",NOT(_xlfn.MAXIFS(SAISIE!$E$5:$E$204,SAISIE!$B$5:$B$204,"*Vent Arr./Av.*",SAISIE!$F$5:$F$204,$G$7)>0)),"",IFERROR(_xlfn.MAXIFS(SAISIE!$E$5:$E$204,SAISIE!$B$5:$B$204,"*Vent Arr./Av.*",SAISIE!$F$5:$F$204,$G$7),"-")) -> 400 | E16: =IF($G$7="","",IF(OR(D16="",D16="-"),"",IF(D16>0,"(soulevement)",IF(D16<0,"(compression)","-")))) -> (soulevement)
A17: =IF(OR($G$7="",NOT(TRUE)),"","Neige normale") -> Neige normale | B17: =IF($G$7="","",IFERROR(INDEX(SAISIE!$C$5:$C$204,MATCH(_xlfn.MINIFS(SAISIE!$E$5:$E$204,SAISIE!$B$5:$B$204,"*Neige*",SAISIE!$B$5:$B$204,"<>*accidentel*",SAISIE!$F$5:$F$204,$G$7),SAISIE!$E$5:$E$204,0)),"-")) -> -113 | C17: =IF($G$7="","",IFERROR(INDEX(SAISIE!$D$5:$D$204,MATCH(_xlfn.MINIFS(SAISIE!$E$5:$E$204,SAISIE!$B$5:$B$204,"*Neige*",SAISIE!$B$5:$B$204,"<>*accidentel*",SAISIE!$F$5:$F$204,$G$7),SAISIE!$E$5:$E$204,0)),"-")) -> 0 | D17: =IF($G$7="","",IFERROR(INDEX(SAISIE!$E$5:$E$204,MATCH(_xlfn.MINIFS(SAISIE!$E$5:$E$204,SAISIE!$B$5:$B$204,"*Neige*",SAISIE!$B$5:$B$204,"<>*accidentel*",SAISIE!$F$5:$F$204,$G$7),SAISIE!$E$5:$E$204,0)),"-")) -> -1010 | E17: =IF($G$7="","",IF(OR(D17="",D17="-"),"",IF(D17>0,"(soulevement)",IF(D17<0,"(compression)","-")))) -> (compression)
A18: =IF(OR($G$7="",NOT(TRUE)),"","Neige accidentelle") -> Neige accidentelle | B18: =IF($G$7="","",IFERROR(LOOKUP(2,1/((SAISIE!$F$5:$F$204=$G$7)*(ISNUMBER(SEARCH("accidentel",SAISIE!$B$5:$B$204)))),SAISIE!$C$5:$C$204),"-")) -> -251 | C18: =IF($G$7="","",IFERROR(LOOKUP(2,1/((SAISIE!$F$5:$F$204=$G$7)*(ISNUMBER(SEARCH("accidentel",SAISIE!$B$5:$B$204)))),SAISIE!$D$5:$D$204),"-")) -> 0 | D18: =IF($G$7="","",IFERROR(LOOKUP(2,1/((SAISIE!$F$5:$F$204=$G$7)*(ISNUMBER(SEARCH("accidentel",SAISIE!$B$5:$B$204)))),SAISIE!$E$5:$E$204),"-")) -> -2244 | E18: =IF($G$7="","",IF(OR(D18="",D18="-"),"",IF(D18>0,"(soulevement)",IF(D18<0,"(compression)","-")))) -> (compression)
A19: =IF($G$19="","","Noeud "&$G$19) | G19: =IFERROR(INDEX(SAISIE!$F$5:$F$204,_xlfn.AGGREGATE(15,6,ROW(SAISIE!$F$5:$F$204)-ROW(SAISIE!$F$5)+1/(SAISIE!$F$5:$F$204<>"")/(COUNTIF($G$4:G18,SAISIE!$F$5:$F$204)=0),1)),"")
A20: =IF(OR($G$19="",NOT(TRUE)),"","Couverture") | B20: =IF($G$19="","",IFERROR(IFERROR(LOOKUP(2,1/((SAISIE!$F$5:$F$204=$G$19)*(LEFT(SAISIE!$B$5:$B$204,2)="G ")),SAISIE!$C$5:$C$204),LOOKUP(2,1/((SAISIE!$F$5:$F$204=$G$19)*(ISNUMBER(SEARCH("Couverture",SAISIE!$B$5:$B$204)))),SAISIE!$C$5:$C$204)),"-")) | C20: =IF($G$19="","",IFERROR(IFERROR(LOOKUP(2,1/((SAISIE!$F$5:$F$204=$G$19)*(LEFT(SAISIE!$B$5:$B$204,2)="G ")),SAISIE!$D$5:$D$204),LOOKUP(2,1/((SAISIE!$F$5:$F$204=$G$19)*(ISNUMBER(SEARCH("Couverture",SAISIE!$B$5:$B$204)))),SAISIE!$D$5:$D$204)),"-")) | D20: =IF($G$19="","",IFERROR(IFERROR(LOOKUP(2,1/((SAISIE!$F$5:$F$204=$G$19)*(LEFT(SAISIE!$B$5:$B$204,2)="G ")),SAISIE!$E$5:$E$204),LOOKUP(2,1/((SAISIE!$F$5:$F$204=$G$19)*(ISNUMBER(SEARCH("Couverture",SAISIE!$B$5:$B$204)))),SAISIE!$E$5:$E$204)),"-")) | E20: =IF($G$19="","",IF(OR(D20="",D20="-"),"",IF(D20>0,"(soulevement)",IF(D20<0,"(compression)","-"))))
A21: =IF(OR($G$19="",NOT(COUNTIFS(SAISIE!$B$5:$B$204,"*Vent G/D*",SAISIE!$F$5:$F$204,$G$19)>0)),"","Vent G/D") | B21: =IF(OR($G$19="",NOT(COUNTIFS(SAISIE!$B$5:$B$204,"*Vent G/D*",SAISIE!$F$5:$F$204,$G$19)>0)),"",IFERROR(IF(_xlfn.MINIFS(SAISIE!$E$5:$E$204,SAISIE!$B$5:$B$204,"*Vent G/D*",SAISIE!$F$5:$F$204,$G$19)>=0,_xlfn.MAXIFS(SAISIE!$C$5:$C$204,SAISIE!$B$5:$B$204,"*Vent G/D*",SAISIE!$F$5:$F$204,$G$19),INDEX(SAISIE!$C$5:$C$204,MATCH(_xlfn.MINIFS(SAISIE!$E$5:$E$204,SAISIE!$B$5:$B$204,"*Vent G/D*",SAISIE!$F$5:$F$204,$G$19),SAISIE!$E$5:$E$204,0))),"-")) | C21: =IF(OR($G$19="",NOT(COUNTIFS(SAISIE!$B$5:$B$204,"*Vent G/D*",SAISIE!$F$5:$F$204,$G$19)>0)),"",IFERROR(IF(_xlfn.MINIFS(SAISIE!$E$5:$E$204,SAISIE!$B$5:$B$204,"*Vent G/D*",SAISIE!$F$5:$F$204,$G$19)>=0,INDEX(SAISIE!$D$5:$D$204,MATCH(_xlfn.MAXIFS(SAISIE!$C$5:$C$204,SAISIE!$B$5:$B$204,"*Vent G/D*",SAISIE!$F$5:$F$204,$G$19),SAISIE!$C$5:$C$204,0)),INDEX(SAISIE!$D$5:$D$204,MATCH(_xlfn.MINIFS(SAISIE!$E$5:$E$204,SAISIE!$B$5:$B$204,"*Vent G/D*",SAISIE!$F$5:$F$204,$G$19),SAISIE!$E$5:$E$204,0))),"-")) | D21: =IF(OR($G$19="",NOT(COUNTIFS(SAISIE!$B$5:$B$204,"*Vent G/D*",SAISIE!$F$5:$F$204,$G$19)>0)),"",IFERROR(IF(_xlfn.MINIFS(SAISIE!$E$5:$E$204,SAISIE!$B$5:$B$204,"*Vent G/D*",SAISIE!$F$5:$F$204,$G$19)>=0,0,_xlfn.MINIFS(SAISIE!$E$5:$E$204,SAISIE!$B$5:$B$204,"*Vent G/D*",SAISIE!$F$5:$F$204,$G$19)),"-")) | E21: =IF($G$19="","",IF(OR(D21="",D21="-"),"",IF(D21>0,"(soulevement)",IF(D21<0,"(compression)","-"))))
A22: =IF(OR($G$19="",NOT(_xlfn.MAXIFS(SAISIE!$E$5:$E$204,SAISIE!$B$5:$B$204,"*Vent G/D*",SAISIE!$F$5:$F$204,$G$19)>0)),"","Vent G/D") | B22: =IF(OR($G$19="",NOT(_xlfn.MAXIFS(SAISIE!$E$5:$E$204,SAISIE!$B$5:$B$204,"*Vent G/D*",SAISIE!$F$5:$F$204,$G$19)>0)),"",IFERROR(INDEX(SAISIE!$C$5:$C$204,MATCH(_xlfn.MAXIFS(SAISIE!$E$5:$E$204,SAISIE!$B$5:$B$204,"*Vent G/D*",SAISIE!$F$5:$F$204,$G$19),SAISIE!$E$5:$E$204,0)),"-")) | C22: =IF(OR($G$19="",NOT(_xlfn.MAXIFS(SAISIE!$E$5:$E$204,SAISIE!$B$5:$B$204,"*Vent G/D*",SAISIE!$F$5:$F$204,$G$19)>0)),"",IFERROR(INDEX(SAISIE!$D$5:$D$204,MATCH(_xlfn.MAXIFS(SAISIE!$E$5:$E$204,SAISIE!$B$5:$B$204,"*Vent G/D*",SAISIE!$F$5:$F$204,$G$19),SAISIE!$E$5:$E$204,0)),"-")) | D22: =IF(OR($G$19="",NOT(_xlfn.MAXIFS(SAISIE!$E$5:$E$204,SAISIE!$B$5:$B$204,"*Vent G/D*",SAISIE!$F$5:$F$204,$G$19)>0)),"",IFERROR(_xlfn.MAXIFS(SAISIE!$E$5:$E$204,SAISIE!$B$5:$B$204,"*Vent G/D*",SAISIE!$F$5:$F$204,$G$19),"-")) | E22: =IF($G$19="","",IF(OR(D22="",D22="-"),"",IF(D22>0,"(soulevement)",IF(D22<0,"(compression)","-"))))
A23: =IF(OR($G$19="",NOT(COUNTIFS(SAISIE!$B$5:$B$204,"*Vent D/G*",SAISIE!$F$5:$F$204,$G$19)>0)),"","Vent D/G") | B23: =IF(OR($G$19="",NOT(COUNTIFS(SAISIE!$B$5:$B$204,"*Vent D/G*",SAISIE!$F$5:$F$204,$G$19)>0)),"",IFERROR(IF(_xlfn.MINIFS(SAISIE!$E$5:$E$204,SAISIE!$B$5:$B$204,"*Vent D/G*",SAISIE!$F$5:$F$204,$G$19)>=0,_xlfn.MAXIFS(SAISIE!$C$5:$C$204,SAISIE!$B$5:$B$204,"*Vent D/G*",SAISIE!$F$5:$F$204,$G$19),INDEX(SAISIE!$C$5:$C$204,MATCH(_xlfn.MINIFS(SAISIE!$E$5:$E$204,SAISIE!$B$5:$B$204,"*Vent D/G*",SAISIE!$F$5:$F$204,$G$19),SAISIE!$E$5:$E$204,0))),"-")) | C23: =IF(OR($G$19="",NOT(COUNTIFS(SAISIE!$B$5:$B$204,"*Vent D/G*",SAISIE!$F$5:$F$204,$G$19)>0)),"",IFERROR(IF(_xlfn.MINIFS(SAISIE!$E$5:$E$204,SAISIE!$B$5:$B$204,"*Vent D/G*",SAISIE!$F$5:$F$204,$G$19)>=0,INDEX(SAISIE!$D$5:$D$204,MATCH(_xlfn.MAXIFS(SAISIE!$C$5:$C$204,SAISIE!$B$5:$B$204,"*Vent D/G*",SAISIE!$F$5:$F$204,$G$19),SAISIE!$C$5:$C$204,0)),INDEX(SAISIE!$D$5:$D$204,MATCH(_xlfn.MINIFS(SAISIE!$E$5:$E$204,SAISIE!$B$5:$B$204,"*Vent D/G*",SAISIE!$F$5:$F$204,$G$19),SAISIE!$E$5:$E$204,0))),"-")) | D23: =IF(OR($G$19="",NOT(COUNTIFS(SAISIE!$B$5:$B$204,"*Vent D/G*",SAISIE!$F$5:$F$204,$G$19)>0)),"",IFERROR(IF(_xlfn.MINIFS(SAISIE!$E$5:$E$204,SAISIE!$B$5:$B$204,"*Vent D/G*",SAISIE!$F$5:$F$204,$G$19)>=0,0,_xlfn.MINIFS(SAISIE!$E$5:$E$204,SAISIE!$B$5:$B$204,"*Vent D/G*",SAISIE!$F$5:$F$204,$G$19)),"-")) | E23: =IF($G$19="","",IF(OR(D23="",D23="-"),"",IF(D23>0,"(soulevement)",IF(D23<0,"(compression)","-"))))
A24: =IF(OR($G$19="",NOT(_xlfn.MAXIFS(SAISIE!$E$5:$E$204,SAISIE!$B$5:$B$204,"*Vent D/G*",SAISIE!$F$5:$F$204,$G$19)>0)),"","Vent D/G") | B24: =IF(OR($G$19="",NOT(_xlfn.MAXIFS(SAISIE!$E$5:$E$204,SAISIE!$B$5:$B$204,"*Vent D/G*",SAISIE!$F$5:$F$204,$G$19)>0)),"",IFERROR(INDEX(SAISIE!$C$5:$C$204,MATCH(_xlfn.MAXIFS(SAISIE!$E$5:$E$204,SAISIE!$B$5:$B$204,"*Vent D/G*",SAISIE!$F$5:$F$204,$G$19),SAISIE!$E$5:$E$204,0)),"-")) | C24: =IF(OR($G$19="",NOT(_xlfn.MAXIFS(SAISIE!$E$5:$E$204,SAISIE!$B$5:$B$204,"*Vent D/G*",SAISIE!$F$5:$F$204,$G$19)>0)),"",IFERROR(INDEX(SAISIE!$D$5:$D$204,MATCH(_xlfn.MAXIFS(SAISIE!$E$5:$E$204,SAISIE!$B$5:$B$204,"*Vent D/G*",SAISIE!$F$5:$F$204,$G$19),SAISIE!$E$5:$E$204,0)),"-")) | D24: =IF(OR($G$19="",NOT(_xlfn.MAXIFS(SAISIE!$E$5:$E$204,SAISIE!$B$5:$B$204,"*Vent D/G*",SAISIE!$F$5:$F$204,$G$19)>0)),"",IFERROR(_xlfn.MAXIFS(SAISIE!$E$5:$E$204,SAISIE!$B$5:$B$204,"*Vent D/G*",SAISIE!$F$5:$F$204,$G$19),"-")) | E24: =IF($G$19="","",IF(OR(D24="",D24="-"),"",IF(D24>0,"(soulevement)",IF(D24<0,"(compression)","-"))))
A25: =IF(OR($G$19="",NOT(COUNTIFS(SAISIE!$B$5:$B$204,"*Vent Av./Arr.*",SAISIE!$F$5:$F$204,$G$19)>0)),"","Vent Av./Arr.") | B25: =IF(OR($G$19="",NOT(COUNTIFS(SAISIE!$B$5:$B$204,"*Vent Av./Arr.*",SAISIE!$F$5:$F$204,$G$19)>0)),"",IFERROR(IF(_xlfn.MINIFS(SAISIE!$E$5:$E$204,SAISIE!$B$5:$B$204,"*Vent Av./Arr.*",SAISIE!$F$5:$F$204,$G$19)>=0,_xlfn.MAXIFS(SAISIE!$C$5:$C$204,SAISIE!$B$5:$B$204,"*Vent Av./Arr.*",SAISIE!$F$5:$F$204,$G$19),INDEX(SAISIE!$C$5:$C$204,MATCH(_xlfn.MINIFS(SAISIE!$E$5:$E$204,SAISIE!$B$5:$B$204,"*Vent Av./Arr.*",SAISIE!$F$5:$F$204,$G$19),SAISIE!$E$5:$E$204,0))),"-")) | C25: =IF(OR($G$19="",NOT(COUNTIFS(SAISIE!$B$5:$B$204,"*Vent Av./Arr.*",SAISIE!$F$5:$F$204,$G$19)>0)),"",IFERROR(IF(_xlfn.MINIFS(SAISIE!$E$5:$E$204,SAISIE!$B$5:$B$204,"*Vent Av./Arr.*",SAISIE!$F$5:$F$204,$G$19)>=0,INDEX(SAISIE!$D$5:$D$204,MATCH(_xlfn.MAXIFS(SAISIE!$C$5:$C$204,SAISIE!$B$5:$B$204,"*Vent Av./Arr.*",SAISIE!$F$5:$F$204,$G$19),SAISIE!$C$5:$C$204,0)),INDEX(SAISIE!$D$5:$D$204,MATCH(_xlfn.MINIFS(SAISIE!$E$5:$E$204,SAISIE!$B$5:$B$204,"*Vent Av./Arr.*",SAISIE!$F$5:$F$204,$G$19),SAISIE!$E$5:$E$204,0))),"-")) | D25: =IF(OR($G$19="",NOT(COUNTIFS(SAISIE!$B$5:$B$204,"*Vent Av./Arr.*",SAISIE!$F$5:$F$204,$G$19)>0)),"",IFERROR(IF(_xlfn.MINIFS(SAISIE!$E$5:$E$204,SAISIE!$B$5:$B$204,"*Vent Av./Arr.*",SAISIE!$F$5:$F$204,$G$19)>=0,0,_xlfn.MINIFS(SAISIE!$E$5:$E$204,SAISIE!$B$5:$B$204,"*Vent Av./Arr.*",SAISIE!$F$5:$F$204,$G$19)),"-")) | E25: =IF($G$19="","",IF(OR(D25="",D25="-"),"",IF(D25>0,"(soulevement)",IF(D25<0,"(compression)","-"))))
A26: =IF(OR($G$19="",NOT(_xlfn.MAXIFS(SAISIE!$E$5:$E$204,SAISIE!$B$5:$B$204,"*Vent Av./Arr.*",SAISIE!$F$5:$F$204,$G$19)>0)),"","Vent Av./Arr.") | B26: =IF(OR($G$19="",NOT(_xlfn.MAXIFS(SAISIE!$E$5:$E$204,SAISIE!$B$5:$B$204,"*Vent Av./Arr.*",SAISIE!$F$5:$F$204,$G$19)>0)),"",IFERROR(INDEX(SAISIE!$C$5:$C$204,MATCH(_xlfn.MAXIFS(SAISIE!$E$5:$E$204,SAISIE!$B$5:$B$204,"*Vent Av./Arr.*",SAISIE!$F$5:$F$204,$G$19),SAISIE!$E$5:$E$204,0)),"-")) | C26: =IF(OR($G$19="",NOT(_xlfn.MAXIFS(SAISIE!$E$5:$E$204,SAISIE!$B$5:$B$204,"*Vent Av./Arr.*",SAISIE!$F$5:$F$204,$G$19)>0)),"",IFERROR(INDEX(SAISIE!$D$5:$D$204,MATCH(_xlfn.MAXIFS(SAISIE!$E$5:$E$204,SAISIE!$B$5:$B$204,"*Vent Av./Arr.*",SAISIE!$F$5:$F$204,$G$19),SAISIE!$E$5:$E$204,0)),"-")) | D26: =IF(OR($G$19="",NOT(_xlfn.MAXIFS(SAISIE!$E$5:$E$204,SAISIE!$B$5:$B$204,"*Vent Av./Arr.*",SAISIE!$F$5:$F$204,$G$19)>0)),"",IFERROR(_xlfn.MAXIFS(SAISIE!$E$5:$E$204,SAISIE!$B$5:$B$204,"*Vent Av./Arr.*",SAISIE!$F$5:$F$204,$G$19),"-")) | E26: =IF($G$19="","",IF(OR(D26="",D26="-"),"",IF(D26>0,"(soulevement)",IF(D26<0,"(compression)","-"))))
A27: =IF(OR($G$19="",NOT(COUNTIFS(SAISIE!$B$5:$B$204,"*Vent Arr./Av.*",SAISIE!$F$5:$F$204,$G$19)>0)),"","Vent Arr./Av.") | B27: =IF(OR($G$19="",NOT(COUNTIFS(SAISIE!$B$5:$B$204,"*Vent Arr./Av.*",SAISIE!$F$5:$F$204,$G$19)>0)),"",IFERROR(IF(_xlfn.MINIFS(SAISIE!$E$5:$E$204,SAISIE!$B$5:$B$204,"*Vent Arr./Av.*",SAISIE!$F$5:$F$204,$G$19)>=0,_xlfn.MAXIFS(SAISIE!$C$5:$C$204,SAISIE!$B$5:$B$204,"*Vent Arr./Av.*",SAISIE!$F$5:$F$204,$G$19),INDEX(SAISIE!$C$5:$C$204,MATCH(_xlfn.MINIFS(SAISIE!$E$5:$E$204,SAISIE!$B$5:$B$204,"*Vent Arr./Av.*",SAISIE!$F$5:$F$204,$G$19),SAISIE!$E$5:$E$204,0))),"-")) | C27: =IF(OR($G$19="",NOT(COUNTIFS(SAISIE!$B$5:$B$204,"*Vent Arr./Av.*",SAISIE!$F$5:$F$204,$G$19)>0)),"",IFERROR(IF(_xlfn.MINIFS(SAISIE!$E$5:$E$204,SAISIE!$B$5:$B$204,"*Vent Arr./Av.*",SAISIE!$F$5:$F$204,$G$19)>=0,INDEX(SAISIE!$D$5:$D$204,MATCH(_xlfn.MAXIFS(SAISIE!$C$5:$C$204,SAISIE!$B$5:$B$204,"*Vent Arr./Av.*",SAISIE!$F$5:$F$204,$G$19),SAISIE!$C$5:$C$204,0)),INDEX(SAISIE!$D$5:$D$204,MATCH(_xlfn.MINIFS(SAISIE!$E$5:$E$204,SAISIE!$B$5:$B$204,"*Vent Arr./Av.*",SAISIE!$F$5:$F$204,$G$19),SAISIE!$E$5:$E$204,0))),"-")) | D27: =IF(OR($G$19="",NOT(COUNTIFS(SAISIE!$B$5:$B$204,"*Vent Arr./Av.*",SAISIE!$F$5:$F$204,$G$19)>0)),"",IFERROR(IF(_xlfn.MINIFS(SAISIE!$E$5:$E$204,SAISIE!$B$5:$B$204,"*Vent Arr./Av.*",SAISIE!$F$5:$F$204,$G$19)>=0,0,_xlfn.MINIFS(SAISIE!$E$5:$E$204,SAISIE!$B$5:$B$204,"*Vent Arr./Av.*",SAISIE!$F$5:$F$204,$G$19)),"-")) | E27: =IF($G$19="","",IF(OR(D27="",D27="-"),"",IF(D27>0,"(soulevement)",IF(D27<0,"(compression)","-"))))
A28: =IF(OR($G$19="",NOT(_xlfn.MAXIFS(SAISIE!$E$5:$E$204,SAISIE!$B$5:$B$204,"*Vent Arr./Av.*",SAISIE!$F$5:$F$204,$G$19)>0)),"","Vent Arr./Av.") | B28: =IF(OR($G$19="",NOT(_xlfn.MAXIFS(SAISIE!$E$5:$E$204,SAISIE!$B$5:$B$204,"*Vent Arr./Av.*",SAISIE!$F$5:$F$204,$G$19)>0)),"",IFERROR(INDEX(SAISIE!$C$5:$C$204,MATCH(_xlfn.MAXIFS(SAISIE!$E$5:$E$204,SAISIE!$B$5:$B$204,"*Vent Arr./Av.*",SAISIE!$F$5:$F$204,$G$19),SAISIE!$E$5:$E$204,0)),"-")) | C28: =IF(OR($G$19="",NOT(_xlfn.MAXIFS(SAISIE!$E$5:$E$204,SAISIE!$B$5:$B$204,"*Vent Arr./Av.*",SAISIE!$F$5:$F$204,$G$19)>0)),"",IFERROR(INDEX(SAISIE!$D$5:$D$204,MATCH(_xlfn.MAXIFS(SAISIE!$E$5:$E$204,SAISIE!$B$5:$B$204,"*Vent Arr./Av.*",SAISIE!$F$5:$F$204,$G$19),SAISIE!$E$5:$E$204,0)),"-")) | D28: =IF(OR($G$19="",NOT(_xlfn.MAXIFS(SAISIE!$E$5:$E$204,SAISIE!$B$5:$B$204,"*Vent Arr./Av.*",SAISIE!$F$5:$F$204,$G$19)>0)),"",IFERROR(_xlfn.MAXIFS(SAISIE!$E$5:$E$204,SAISIE!$B$5:$B$204,"*Vent Arr./Av.*",SAISIE!$F$5:$F$204,$G$19),"-")) | E28: =IF($G$19="","",IF(OR(D28="",D28="-"),"",IF(D28>0,"(soulevement)",IF(D28<0,"(compression)","-"))))
A29: =IF(OR($G$19="",NOT(TRUE)),"","Neige normale") | B29: =IF($G$19="","",IFERROR(INDEX(SAISIE!$C$5:$C$204,MATCH(_xlfn.MINIFS(SAISIE!$E$5:$E$204,SAISIE!$B$5:$B$204,"*Neige*",SAISIE!$B$5:$B$204,"<>*accidentel*",SAISIE!$F$5:$F$204,$G$19),SAISIE!$E$5:$E$204,0)),"-")) | C29: =IF($G$19="","",IFERROR(INDEX(SAISIE!$D$5:$D$204,MATCH(_xlfn.MINIFS(SAISIE!$E$5:$E$204,SAISIE!$B$5:$B$204,"*Neige*",SAISIE!$B$5:$B$204,"<>*accidentel*",SAISIE!$F$5:$F$204,$G$19),SAISIE!$E$5:$E$204,0)),"-")) | D29: =IF($G$19="","",IFERROR(INDEX(SAISIE!$E$5:$E$204,MATCH(_xlfn.MINIFS(SAISIE!$E$5:$E$204,SAISIE!$B$5:$B$204,"*Neige*",SAISIE!$B$5:$B$204,"<>*accidentel*",SAISIE!$F$5:$F$204,$G$19),SAISIE!$E$5:$E$204,0)),"-")) | E29: =IF($G$19="","",IF(OR(D29="",D29="-"),"",IF(D29>0,"(soulevement)",IF(D29<0,"(compression)","-"))))
A30: =IF(OR($G$19="",NOT(TRUE)),"","Neige accidentelle") | B30: =IF($G$19="","",IFERROR(LOOKUP(2,1/((SAISIE!$F$5:$F$204=$G$19)*(ISNUMBER(SEARCH("accidentel",SAISIE!$B$5:$B$204)))),SAISIE!$C$5:$C$204),"-")) | C30: =IF($G$19="","",IFERROR(LOOKUP(2,1/((SAISIE!$F$5:$F$204=$G$19)*(ISNUMBER(SEARCH("accidentel",SAISIE!$B$5:$B$204)))),SAISIE!$D$5:$D$204),"-")) | D30: =IF($G$19="","",IFERROR(LOOKUP(2,1/((SAISIE!$F$5:$F$204=$G$19)*(ISNUMBER(SEARCH("accidentel",SAISIE!$B$5:$B$204)))),SAISIE!$E$5:$E$204),"-")) | E30: =IF($G$19="","",IF(OR(D30="",D30="-"),"",IF(D30>0,"(soulevement)",IF(D30<0,"(compression)","-"))))
A31: =IF($G$31="","","Noeud "&$G$31) | G31: =IFERROR(INDEX(SAISIE!$F$5:$F$204,_xlfn.AGGREGATE(15,6,ROW(SAISIE!$F$5:$F$204)-ROW(SAISIE!$F$5)+1/(SAISIE!$F$5:$F$204<>"")/(COUNTIF($G$4:G30,SAISIE!$F$5:$F$204)=0),1)),"")
A32: =IF(OR($G$31="",NOT(TRUE)),"","Couverture") | B32: =IF($G$31="","",IFERROR(IFERROR(LOOKUP(2,1/((SAISIE!$F$5:$F$204=$G$31)*(LEFT(SAISIE!$B$5:$B$204,2)="G ")),SAISIE!$C$5:$C$204),LOOKUP(2,1/((SAISIE!$F$5:$F$204=$G$31)*(ISNUMBER(SEARCH("Couverture",SAISIE!$B$5:$B$204)))),SAISIE!$C$5:$C$204)),"-")) | C32: =IF($G$31="","",IFERROR(IFERROR(LOOKUP(2,1/((SAISIE!$F$5:$F$204=$G$31)*(LEFT(SAISIE!$B$5:$B$204,2)="G ")),SAISIE!$D$5:$D$204),LOOKUP(2,1/((SAISIE!$F$5:$F$204=$G$31)*(ISNUMBER(SEARCH("Couverture",SAISIE!$B$5:$B$204)))),SAISIE!$D$5:$D$204)),"-")) | D32: =IF($G$31="","",IFERROR(IFERROR(LOOKUP(2,1/((SAISIE!$F$5:$F$204=$G$31)*(LEFT(SAISIE!$B$5:$B$204,2)="G ")),SAISIE!$E$5:$E$204),LOOKUP(2,1/((SAISIE!$F$5:$F$204=$G$31)*(ISNUMBER(SEARCH("Couverture",SAISIE!$B$5:$B$204)))),SAISIE!$E$5:$E$204)),"-")) | E32: =IF($G$31="","",IF(OR(D32="",D32="-"),"",IF(D32>0,"(soulevement)",IF(D32<0,"(compression)","-"))))
A33: =IF(OR($G$31="",NOT(COUNTIFS(SAISIE!$B$5:$B$204,"*Vent G/D*",SAISIE!$F$5:$F$204,$G$31)>0)),"","Vent G/D") | B33: =IF(OR($G$31="",NOT(COUNTIFS(SAISIE!$B$5:$B$204,"*Vent G/D*",SAISIE!$F$5:$F$204,$G$31)>0)),"",IFERROR(IF(_xlfn.MINIFS(SAISIE!$E$5:$E$204,SAISIE!$B$5:$B$204,"*Vent G/D*",SAISIE!$F$5:$F$204,$G$31)>=0,_xlfn.MAXIFS(SAISIE!$C$5:$C$204,SAISIE!$B$5:$B$204,"*Vent G/D*",SAISIE!$F$5:$F$204,$G$31),INDEX(SAISIE!$C$5:$C$204,MATCH(_xlfn.MINIFS(SAISIE!$E$5:$E$204,SAISIE!$B$5:$B$204,"*Vent G/D*",SAISIE!$F$5:$F$204,$G$31),SAISIE!$E$5:$E$204,0))),"-")) | C33: =IF(OR($G$31="",NOT(COUNTIFS(SAISIE!$B$5:$B$204,"*Vent G/D*",SAISIE!$F$5:$F$204,$G$31)>0)),"",IFERROR(IF(_xlfn.MINIFS(SAISIE!$E$5:$E$204,SAISIE!$B$5:$B$204,"*Vent G/D*",SAISIE!$F$5:$F$204,$G$31)>=0,INDEX(SAISIE!$D$5:$D$204,MATCH(_xlfn.MAXIFS(SAISIE!$C$5:$C$204,SAISIE!$B$5:$B$204,"*Vent G/D*",SAISIE!$F$5:$F$204,$G$31),SAISIE!$C$5:$C$204,0)),INDEX(SAISIE!$D$5:$D$204,MATCH(_xlfn.MINIFS(SAISIE!$E$5:$E$204,SAISIE!$B$5:$B$204,"*Vent G/D*",SAISIE!$F$5:$F$204,$G$31),SAISIE!$E$5:$E$204,0))),"-")) | D33: =IF(OR($G$31="",NOT(COUNTIFS(SAISIE!$B$5:$B$204,"*Vent G/D*",SAISIE!$F$5:$F$204,$G$31)>0)),"",IFERROR(IF(_xlfn.MINIFS(SAISIE!$E$5:$E$204,SAISIE!$B$5:$B$204,"*Vent G/D*",SAISIE!$F$5:$F$204,$G$31)>=0,0,_xlfn.MINIFS(SAISIE!$E$5:$E$204,SAISIE!$B$5:$B$204,"*Vent G/D*",SAISIE!$F$5:$F$204,$G$31)),"-")) | E33: =IF($G$31="","",IF(OR(D33="",D33="-"),"",IF(D33>0,"(soulevement)",IF(D33<0,"(compression)","-"))))
A34: =IF(OR($G$31="",NOT(_xlfn.MAXIFS(SAISIE!$E$5:$E$204,SAISIE!$B$5:$B$204,"*Vent G/D*",SAISIE!$F$5:$F$204,$G$31)>0)),"","Vent G/D") | B34: =IF(OR($G$31="",NOT(_xlfn.MAXIFS(SAISIE!$E$5:$E$204,SAISIE!$B$5:$B$204,"*Vent G/D*",SAISIE!$F$5:$F$204,$G$31)>0)),"",IFERROR(INDEX(SAISIE!$C$5:$C$204,MATCH(_xlfn.MAXIFS(SAISIE!$E$5:$E$204,SAISIE!$B$5:$B$204,"*Vent G/D*",SAISIE!$F$5:$F$204,$G$31),SAISIE!$E$5:$E$204,0)),"-")) | C34: =IF(OR($G$31="",NOT(_xlfn.MAXIFS(SAISIE!$E$5:$E$204,SAISIE!$B$5:$B$204,"*Vent G/D*",SAISIE!$F$5:$F$204,$G$31)>0)),"",IFERROR(INDEX(SAISIE!$D$5:$D$204,MATCH(_xlfn.MAXIFS(SAISIE!$E$5:$E$204,SAISIE!$B$5:$B$204,"*Vent G/D*",SAISIE!$F$5:$F$204,$G$31),SAISIE!$E$5:$E$204,0)),"-")) | D34: =IF(OR($G$31="",NOT(_xlfn.MAXIFS(SAISIE!$E$5:$E$204,SAISIE!$B$5:$B$204,"*Vent G/D*",SAISIE!$F$5:$F$204,$G$31)>0)),"",IFERROR(_xlfn.MAXIFS(SAISIE!$E$5:$E$204,SAISIE!$B$5:$B$204,"*Vent G/D*",SAISIE!$F$5:$F$204,$G$31),"-")) | E34: =IF($G$31="","",IF(OR(D34="",D34="-"),"",IF(D34>0,"(soulevement)",IF(D34<0,"(compression)","-"))))
A35: =IF(OR($G$31="",NOT(COUNTIFS(SAISIE!$B$5:$B$204,"*Vent D/G*",SAISIE!$F$5:$F$204,$G$31)>0)),"","Vent D/G") | B35: =IF(OR($G$31="",NOT(COUNTIFS(SAISIE!$B$5:$B$204,"*Vent D/G*",SAISIE!$F$5:$F$204,$G$31)>0)),"",IFERROR(IF(_xlfn.MINIFS(SAISIE!$E$5:$E$204,SAISIE!$B$5:$B$204,"*Vent D/G*",SAISIE!$F$5:$F$204,$G$31)>=0,_xlfn.MAXIFS(SAISIE!$C$5:$C$204,SAISIE!$B$5:$B$204,"*Vent D/G*",SAISIE!$F$5:$F$204,$G$31),INDEX(SAISIE!$C$5:$C$204,MATCH(_xlfn.MINIFS(SAISIE!$E$5:$E$204,SAISIE!$B$5:$B$204,"*Vent D/G*",SAISIE!$F$5:$F$204,$G$31),SAISIE!$E$5:$E$204,0))),"-")) | C35: =IF(OR($G$31="",NOT(COUNTIFS(SAISIE!$B$5:$B$204,"*Vent D/G*",SAISIE!$F$5:$F$204,$G$31)>0)),"",IFERROR(IF(_xlfn.MINIFS(SAISIE!$E$5:$E$204,SAISIE!$B$5:$B$204,"*Vent D/G*",SAISIE!$F$5:$F$204,$G$31)>=0,INDEX(SAISIE!$D$5:$D$204,MATCH(_xlfn.MAXIFS(SAISIE!$C$5:$C$204,SAISIE!$B$5:$B$204,"*Vent D/G*",SAISIE!$F$5:$F$204,$G$31),SAISIE!$C$5:$C$204,0)),INDEX(SAISIE!$D$5:$D$204,MATCH(_xlfn.MINIFS(SAISIE!$E$5:$E$204,SAISIE!$B$5:$B$204,"*Vent D/G*",SAISIE!$F$5:$F$204,$G$31),SAISIE!$E$5:$E$204,0))),"-")) | D35: =IF(OR($G$31="",NOT(COUNTIFS(SAISIE!$B$5:$B$204,"*Vent D/G*",SAISIE!$F$5:$F$204,$G$31)>0)),"",IFERROR(IF(_xlfn.MINIFS(SAISIE!$E$5:$E$204,SAISIE!$B$5:$B$204,"*Vent D/G*",SAISIE!$F$5:$F$204,$G$31)>=0,0,_xlfn.MINIFS(SAISIE!$E$5:$E$204,SAISIE!$B$5:$B$204,"*Vent D/G*",SAISIE!$F$5:$F$204,$G$31)),"-")) | E35: =IF($G$31="","",IF(OR(D35="",D35="-"),"",IF(D35>0,"(soulevement)",IF(D35<0,"(compression)","-"))))
A36: =IF(OR($G$31="",NOT(_xlfn.MAXIFS(SAISIE!$E$5:$E$204,SAISIE!$B$5:$B$204,"*Vent D/G*",SAISIE!$F$5:$F$204,$G$31)>0)),"","Vent D/G") | B36: =IF(OR($G$31="",NOT(_xlfn.MAXIFS(SAISIE!$E$5:$E$204,SAISIE!$B$5:$B$204,"*Vent D/G*",SAISIE!$F$5:$F$204,$G$31)>0)),"",IFERROR(INDEX(SAISIE!$C$5:$C$204,MATCH(_xlfn.MAXIFS(SAISIE!$E$5:$E$204,SAISIE!$B$5:$B$204,"*Vent D/G*",SAISIE!$F$5:$F$204,$G$31),SAISIE!$E$5:$E$204,0)),"-")) | C36: =IF(OR($G$31="",NOT(_xlfn.MAXIFS(SAISIE!$E$5:$E$204,SAISIE!$B$5:$B$204,"*Vent D/G*",SAISIE!$F$5:$F$204,$G$31)>0)),"",IFERROR(INDEX(SAISIE!$D$5:$D$204,MATCH(_xlfn.MAXIFS(SAISIE!$E$5:$E$204,SAISIE!$B$5:$B$204,"*Vent D/G*",SAISIE!$F$5:$F$204,$G$31),SAISIE!$E$5:$E$204,0)),"-")) | D36: =IF(OR($G$31="",NOT(_xlfn.MAXIFS(SAISIE!$E$5:$E$204,SAISIE!$B$5:$B$204,"*Vent D/G*",SAISIE!$F$5:$F$204,$G$31)>0)),"",IFERROR(_xlfn.MAXIFS(SAISIE!$E$5:$E$204,SAISIE!$B$5:$B$204,"*Vent D/G*",SAISIE!$F$5:$F$204,$G$31),"-")) | E36: =IF($G$31="","",IF(OR(D36="",D36="-"),"",IF(D36>0,"(soulevement)",IF(D36<0,"(compression)","-"))))
A37: =IF(OR($G$31="",NOT(COUNTIFS(SAISIE!$B$5:$B$204,"*Vent Av./Arr.*",SAISIE!$F$5:$F$204,$G$31)>0)),"","Vent Av./Arr.") | B37: =IF(OR($G$31="",NOT(COUNTIFS(SAISIE!$B$5:$B$204,"*Vent Av./Arr.*",SAISIE!$F$5:$F$204,$G$31)>0)),"",IFERROR(IF(_xlfn.MINIFS(SAISIE!$E$5:$E$204,SAISIE!$B$5:$B$204,"*Vent Av./Arr.*",SAISIE!$F$5:$F$204,$G$31)>=0,_xlfn.MAXIFS(SAISIE!$C$5:$C$204,SAISIE!$B$5:$B$204,"*Vent Av./Arr.*",SAISIE!$F$5:$F$204,$G$31),INDEX(SAISIE!$C$5:$C$204,MATCH(_xlfn.MINIFS(SAISIE!$E$5:$E$204,SAISIE!$B$5:$B$204,"*Vent Av./Arr.*",SAISIE!$F$5:$F$204,$G$31),SAISIE!$E$5:$E$204,0))),"-")) | C37: =IF(OR($G$31="",NOT(COUNTIFS(SAISIE!$B$5:$B$204,"*Vent Av./Arr.*",SAISIE!$F$5:$F$204,$G$31)>0)),"",IFERROR(IF(_xlfn.MINIFS(SAISIE!$E$5:$E$204,SAISIE!$B$5:$B$204,"*Vent Av./Arr.*",SAISIE!$F$5:$F$204,$G$31)>=0,INDEX(SAISIE!$D$5:$D$204,MATCH(_xlfn.MAXIFS(SAISIE!$C$5:$C$204,SAISIE!$B$5:$B$204,"*Vent Av./Arr.*",SAISIE!$F$5:$F$204,$G$31),SAISIE!$C$5:$C$204,0)),INDEX(SAISIE!$D$5:$D$204,MATCH(_xlfn.MINIFS(SAISIE!$E$5:$E$204,SAISIE!$B$5:$B$204,"*Vent Av./Arr.*",SAISIE!$F$5:$F$204,$G$31),SAISIE!$E$5:$E$204,0))),"-")) | D37: =IF(OR($G$31="",NOT(COUNTIFS(SAISIE!$B$5:$B$204,"*Vent Av./Arr.*",SAISIE!$F$5:$F$204,$G$31)>0)),"",IFERROR(IF(_xlfn.MINIFS(SAISIE!$E$5:$E$204,SAISIE!$B$5:$B$204,"*Vent Av./Arr.*",SAISIE!$F$5:$F$204,$G$31)>=0,0,_xlfn.MINIFS(SAISIE!$E$5:$E$204,SAISIE!$B$5:$B$204,"*Vent Av./Arr.*",SAISIE!$F$5:$F$204,$G$31)),"-")) | E37: =IF($G$31="","",IF(OR(D37="",D37="-"),"",IF(D37>0,"(soulevement)",IF(D37<0,"(compression)","-"))))
A38: =IF(OR($G$31="",NOT(_xlfn.MAXIFS(SAISIE!$E$5:$E$204,SAISIE!$B$5:$B$204,"*Vent Av./Arr.*",SAISIE!$F$5:$F$204,$G$31)>0)),"","Vent Av./Arr.") | B38: =IF(OR($G$31="",NOT(_xlfn.MAXIFS(SAISIE!$E$5:$E$204,SAISIE!$B$5:$B$204,"*Vent Av./Arr.*",SAISIE!$F$5:$F$204,$G$31)>0)),"",IFERROR(INDEX(SAISIE!$C$5:$C$204,MATCH(_xlfn.MAXIFS(SAISIE!$E$5:$E$204,SAISIE!$B$5:$B$204,"*Vent Av./Arr.*",SAISIE!$F$5:$F$204,$G$31),SAISIE!$E$5:$E$204,0)),"-")) | C38: =IF(OR($G$31="",NOT(_xlfn.MAXIFS(SAISIE!$E$5:$E$204,SAISIE!$B$5:$B$204,"*Vent Av./Arr.*",SAISIE!$F$5:$F$204,$G$31)>0)),"",IFERROR(INDEX(SAISIE!$D$5:$D$204,MATCH(_xlfn.MAXIFS(SAISIE!$E$5:$E$204,SAISIE!$B$5:$B$204,"*Vent Av./Arr.*",SAISIE!$F$5:$F$204,$G$31),SAISIE!$E$5:$E$204,0)),"-")) | D38: =IF(OR($G$31="",NOT(_xlfn.MAXIFS(SAISIE!$E$5:$E$204,SAISIE!$B$5:$B$204,"*Vent Av./Arr.*",SAISIE!$F$5:$F$204,$G$31)>0)),"",IFERROR(_xlfn.MAXIFS(SAISIE!$E$5:$E$204,SAISIE!$B$5:$B$204,"*Vent Av./Arr.*",SAISIE!$F$5:$F$204,$G$31),"-")) | E38: =IF($G$31="","",IF(OR(D38="",D38="-"),"",IF(D38>0,"(soulevement)",IF(D38<0,"(compression)","-"))))
A39: =IF(OR($G$31="",NOT(COUNTIFS(SAISIE!$B$5:$B$204,"*Vent Arr./Av.*",SAISIE!$F$5:$F$204,$G$31)>0)),"","Vent Arr./Av.") | B39: =IF(OR($G$31="",NOT(COUNTIFS(SAISIE!$B$5:$B$204,"*Vent Arr./Av.*",SAISIE!$F$5:$F$204,$G$31)>0)),"",IFERROR(IF(_xlfn.MINIFS(SAISIE!$E$5:$E$204,SAISIE!$B$5:$B$204,"*Vent Arr./Av.*",SAISIE!$F$5:$F$204,$G$31)>=0,_xlfn.MAXIFS(SAISIE!$C$5:$C$204,SAISIE!$B$5:$B$204,"*Vent Arr./Av.*",SAISIE!$F$5:$F$204,$G$31),INDEX(SAISIE!$C$5:$C$204,MATCH(_xlfn.MINIFS(SAISIE!$E$5:$E$204,SAISIE!$B$5:$B$204,"*Vent Arr./Av.*",SAISIE!$F$5:$F$204,$G$31),SAISIE!$E$5:$E$204,0))),"-")) | C39: =IF(OR($G$31="",NOT(COUNTIFS(SAISIE!$B$5:$B$204,"*Vent Arr./Av.*",SAISIE!$F$5:$F$204,$G$31)>0)),"",IFERROR(IF(_xlfn.MINIFS(SAISIE!$E$5:$E$204,SAISIE!$B$5:$B$204,"*Vent Arr./Av.*",SAISIE!$F$5:$F$204,$G$31)>=0,INDEX(SAISIE!$D$5:$D$204,MATCH(_xlfn.MAXIFS(SAISIE!$C$5:$C$204,SAISIE!$B$5:$B$204,"*Vent Arr./Av.*",SAISIE!$F$5:$F$204,$G$31),SAISIE!$C$5:$C$204,0)),INDEX(SAISIE!$D$5:$D$204,MATCH(_xlfn.MINIFS(SAISIE!$E$5:$E$204,SAISIE!$B$5:$B$204,"*Vent Arr./Av.*",SAISIE!$F$5:$F$204,$G$31),SAISIE!$E$5:$E$204,0))),"-")) | D39: =IF(OR($G$31="",NOT(COUNTIFS(SAISIE!$B$5:$B$204,"*Vent Arr./Av.*",SAISIE!$F$5:$F$204,$G$31)>0)),"",IFERROR(IF(_xlfn.MINIFS(SAISIE!$E$5:$E$204,SAISIE!$B$5:$B$204,"*Vent Arr./Av.*",SAISIE!$F$5:$F$204,$G$31)>=0,0,_xlfn.MINIFS(SAISIE!$E$5:$E$204,SAISIE!$B$5:$B$204,"*Vent Arr./Av.*",SAISIE!$F$5:$F$204,$G$31)),"-")) | E39: =IF($G$31="","",IF(OR(D39="",D39="-"),"",IF(D39>0,"(soulevement)",IF(D39<0,"(compression)","-"))))
A40: =IF(OR($G$31="",NOT(_xlfn.MAXIFS(SAISIE!$E$5:$E$204,SAISIE!$B$5:$B$204,"*Vent Arr./Av.*",SAISIE!$F$5:$F$204,$G$31)>0)),"","Vent Arr./Av.") | B40: =IF(OR($G$31="",NOT(_xlfn.MAXIFS(SAISIE!$E$5:$E$204,SAISIE!$B$5:$B$204,"*Vent Arr./Av.*",SAISIE!$F$5:$F$204,$G$31)>0)),"",IFERROR(INDEX(SAISIE!$C$5:$C$204,MATCH(_xlfn.MAXIFS(SAISIE!$E$5:$E$204,SAISIE!$B$5:$B$204,"*Vent Arr./Av.*",SAISIE!$F$5:$F$204,$G$31),SAISIE!$E$5:$E$204,0)),"-")) | C40: =IF(OR($G$31="",NOT(_xlfn.MAXIFS(SAISIE!$E$5:$E$204,SAISIE!$B$5:$B$204,"*Vent Arr./Av.*",SAISIE!$F$5:$F$204,$G$31)>0)),"",IFERROR(INDEX(SAISIE!$D$5:$D$204,MATCH(_xlfn.MAXIFS(SAISIE!$E$5:$E$204,SAISIE!$B$5:$B$204,"*Vent Arr./Av.*",SAISIE!$F$5:$F$204,$G$31),SAISIE!$E$5:$E$204,0)),"-")) | D40: =IF(OR($G$31="",NOT(_xlfn.MAXIFS(SAISIE!$E$5:$E$204,SAISIE!$B$5:$B$204,"*Vent Arr./Av.*",SAISIE!$F$5:$F$204,$G$31)>0)),"",IFERROR(_xlfn.MAXIFS(SAISIE!$E$5:$E$204,SAISIE!$B$5:$B$204,"*Vent Arr./Av.*",SAISIE!$F$5:$F$204,$G$31),"-")) | E40: =IF($G$31="","",IF(OR(D40="",D40="-"),"",IF(D40>0,"(soulevement)",IF(D40<0,"(compression)","-"))))
A41: =IF(OR($G$31="",NOT(TRUE)),"","Neige normale") | B41: =IF($G$31="","",IFERROR(INDEX(SAISIE!$C$5:$C$204,MATCH(_xlfn.MINIFS(SAISIE!$E$5:$E$204,SAISIE!$B$5:$B$204,"*Neige*",SAISIE!$B$5:$B$204,"<>*accidentel*",SAISIE!$F$5:$F$204,$G$31),SAISIE!$E$5:$E$204,0)),"-")) | C41: =IF($G$31="","",IFERROR(INDEX(SAISIE!$D$5:$D$204,MATCH(_xlfn.MINIFS(SAISIE!$E$5:$E$204,SAISIE!$B$5:$B$204,"*Neige*",SAISIE!$B$5:$B$204,"<>*accidentel*",SAISIE!$F$5:$F$204,$G$31),SAISIE!$E$5:$E$204,0)),"-")) | D41: =IF($G$31="","",IFERROR(INDEX(SAISIE!$E$5:$E$204,MATCH(_xlfn.MINIFS(SAISIE!$E$5:$E$204,SAISIE!$B$5:$B$204,"*Neige*",SAISIE!$B$5:$B$204,"<>*accidentel*",SAISIE!$F$5:$F$204,$G$31),SAISIE!$E$5:$E$204,0)),"-")) | E41: =IF($G$31="","",IF(OR(D41="",D41="-"),"",IF(D41>0,"(soulevement)",IF(D41<0,"(compression)","-"))))
A42: =IF(OR($G$31="",NOT(TRUE)),"","Neige accidentelle") | B42: =IF($G$31="","",IFERROR(LOOKUP(2,1/((SAISIE!$F$5:$F$204=$G$31)*(ISNUMBER(SEARCH("accidentel",SAISIE!$B$5:$B$204)))),SAISIE!$C$5:$C$204),"-")) | C42: =IF($G$31="","",IFERROR(LOOKUP(2,1/((SAISIE!$F$5:$F$204=$G$31)*(ISNUMBER(SEARCH("accidentel",SAISIE!$B$5:$B$204)))),SAISIE!$D$5:$D$204),"-")) | D42: =IF($G$31="","",IFERROR(LOOKUP(2,1/((SAISIE!$F$5:$F$204=$G$31)*(ISNUMBER(SEARCH("accidentel",SAISIE!$B$5:$B$204)))),SAISIE!$E$5:$E$204),"-")) | E42: =IF($G$31="","",IF(OR(D42="",D42="-"),"",IF(D42>0,"(soulevement)",IF(D42<0,"(compression)","-"))))
A43: =IF($G$43="","","Noeud "&$G$43) | G43: =IFERROR(INDEX(SAISIE!$F$5:$F$204,_xlfn.AGGREGATE(15,6,ROW(SAISIE!$F$5:$F$204)-ROW(SAISIE!$F$5)+1/(SAISIE!$F$5:$F$204<>"")/(COUNTIF($G$4:G42,SAISIE!$F$5:$F$204)=0),1)),"")
A44: =IF(OR($G$43="",NOT(TRUE)),"","Couverture") | B44: =IF($G$43="","",IFERROR(IFERROR(LOOKUP(2,1/((SAISIE!$F$5:$F$204=$G$43)*(LEFT(SAISIE!$B$5:$B$204,2)="G ")),SAISIE!$C$5:$C$204),LOOKUP(2,1/((SAISIE!$F$5:$F$204=$G$43)*(ISNUMBER(SEARCH("Couverture",SAISIE!$B$5:$B$204)))),SAISIE!$C$5:$C$204)),"-")) | C44: =IF($G$43="","",IFERROR(IFERROR(LOOKUP(2,1/((SAISIE!$F$5:$F$204=$G$43)*(LEFT(SAISIE!$B$5:$B$204,2)="G ")),SAISIE!$D$5:$D$204),LOOKUP(2,1/((SAISIE!$F$5:$F$204=$G$43)*(ISNUMBER(SEARCH("Couverture",SAISIE!$B$5:$B$204)))),SAISIE!$D$5:$D$204)),"-")) | D44: =IF($G$43="","",IFERROR(IFERROR(LOOKUP(2,1/((SAISIE!$F$5:$F$204=$G$43)*(LEFT(SAISIE!$B$5:$B$204,2)="G ")),SAISIE!$E$5:$E$204),LOOKUP(2,1/((SAISIE!$F$5:$F$204=$G$43)*(ISNUMBER(SEARCH("Couverture",SAISIE!$B$5:$B$204)))),SAISIE!$E$5:$E$204)),"-")) | E44: =IF($G$43="","",IF(OR(D44="",D44="-"),"",IF(D44>0,"(soulevement)",IF(D44<0,"(compression)","-"))))
A45: =IF(OR($G$43="",NOT(COUNTIFS(SAISIE!$B$5:$B$204,"*Vent G/D*",SAISIE!$F$5:$F$204,$G$43)>0)),"","Vent G/D") | B45: =IF(OR($G$43="",NOT(COUNTIFS(SAISIE!$B$5:$B$204,"*Vent G/D*",SAISIE!$F$5:$F$204,$G$43)>0)),"",IFERROR(IF(_xlfn.MINIFS(SAISIE!$E$5:$E$204,SAISIE!$B$5:$B$204,"*Vent G/D*",SAISIE!$F$5:$F$204,$G$43)>=0,_xlfn.MAXIFS(SAISIE!$C$5:$C$204,SAISIE!$B$5:$B$204,"*Vent G/D*",SAISIE!$F$5:$F$204,$G$43),INDEX(SAISIE!$C$5:$C$204,MATCH(_xlfn.MINIFS(SAISIE!$E$5:$E$204,SAISIE!$B$5:$B$204,"*Vent G/D*",SAISIE!$F$5:$F$204,$G$43),SAISIE!$E$5:$E$204,0))),"-")) | C45: =IF(OR($G$43="",NOT(COUNTIFS(SAISIE!$B$5:$B$204,"*Vent G/D*",SAISIE!$F$5:$F$204,$G$43)>0)),"",IFERROR(IF(_xlfn.MINIFS(SAISIE!$E$5:$E$204,SAISIE!$B$5:$B$204,"*Vent G/D*",SAISIE!$F$5:$F$204,$G$43)>=0,INDEX(SAISIE!$D$5:$D$204,MATCH(_xlfn.MAXIFS(SAISIE!$C$5:$C$204,SAISIE!$B$5:$B$204,"*Vent G/D*",SAISIE!$F$5:$F$204,$G$43),SAISIE!$C$5:$C$204,0)),INDEX(SAISIE!$D$5:$D$204,MATCH(_xlfn.MINIFS(SAISIE!$E$5:$E$204,SAISIE!$B$5:$B$204,"*Vent G/D*",SAISIE!$F$5:$F$204,$G$43),SAISIE!$E$5:$E$204,0))),"-")) | D45: =IF(OR($G$43="",NOT(COUNTIFS(SAISIE!$B$5:$B$204,"*Vent G/D*",SAISIE!$F$5:$F$204,$G$43)>0)),"",IFERROR(IF(_xlfn.MINIFS(SAISIE!$E$5:$E$204,SAISIE!$B$5:$B$204,"*Vent G/D*",SAISIE!$F$5:$F$204,$G$43)>=0,0,_xlfn.MINIFS(SAISIE!$E$5:$E$204,SAISIE!$B$5:$B$204,"*Vent G/D*",SAISIE!$F$5:$F$204,$G$43)),"-")) | E45: =IF($G$43="","",IF(OR(D45="",D45="-"),"",IF(D45>0,"(soulevement)",IF(D45<0,"(compression)","-"))))
A46: =IF(OR($G$43="",NOT(_xlfn.MAXIFS(SAISIE!$E$5:$E$204,SAISIE!$B$5:$B$204,"*Vent G/D*",SAISIE!$F$5:$F$204,$G$43)>0)),"","Vent G/D") | B46: =IF(OR($G$43="",NOT(_xlfn.MAXIFS(SAISIE!$E$5:$E$204,SAISIE!$B$5:$B$204,"*Vent G/D*",SAISIE!$F$5:$F$204,$G$43)>0)),"",IFERROR(INDEX(SAISIE!$C$5:$C$204,MATCH(_xlfn.MAXIFS(SAISIE!$E$5:$E$204,SAISIE!$B$5:$B$204,"*Vent G/D*",SAISIE!$F$5:$F$204,$G$43),SAISIE!$E$5:$E$204,0)),"-")) | C46: =IF(OR($G$43="",NOT(_xlfn.MAXIFS(SAISIE!$E$5:$E$204,SAISIE!$B$5:$B$204,"*Vent G/D*",SAISIE!$F$5:$F$204,$G$43)>0)),"",IFERROR(INDEX(SAISIE!$D$5:$D$204,MATCH(_xlfn.MAXIFS(SAISIE!$E$5:$E$204,SAISIE!$B$5:$B$204,"*Vent G/D*",SAISIE!$F$5:$F$204,$G$43),SAISIE!$E$5:$E$204,0)),"-")) | D46: =IF(OR($G$43="",NOT(_xlfn.MAXIFS(SAISIE!$E$5:$E$204,SAISIE!$B$5:$B$204,"*Vent G/D*",SAISIE!$F$5:$F$204,$G$43)>0)),"",IFERROR(_xlfn.MAXIFS(SAISIE!$E$5:$E$204,SAISIE!$B$5:$B$204,"*Vent G/D*",SAISIE!$F$5:$F$204,$G$43),"-")) | E46: =IF($G$43="","",IF(OR(D46="",D46="-"),"",IF(D46>0,"(soulevement)",IF(D46<0,"(compression)","-"))))
A47: =IF(OR($G$43="",NOT(COUNTIFS(SAISIE!$B$5:$B$204,"*Vent D/G*",SAISIE!$F$5:$F$204,$G$43)>0)),"","Vent D/G") | B47: =IF(OR($G$43="",NOT(COUNTIFS(SAISIE!$B$5:$B$204,"*Vent D/G*",SAISIE!$F$5:$F$204,$G$43)>0)),"",IFERROR(IF(_xlfn.MINIFS(SAISIE!$E$5:$E$204,SAISIE!$B$5:$B$204,"*Vent D/G*",SAISIE!$F$5:$F$204,$G$43)>=0,_xlfn.MAXIFS(SAISIE!$C$5:$C$204,SAISIE!$B$5:$B$204,"*Vent D/G*",SAISIE!$F$5:$F$204,$G$43),INDEX(SAISIE!$C$5:$C$204,MATCH(_xlfn.MINIFS(SAISIE!$E$5:$E$204,SAISIE!$B$5:$B$204,"*Vent D/G*",SAISIE!$F$5:$F$204,$G$43),SAISIE!$E$5:$E$204,0))),"-")) | C47: =IF(OR($G$43="",NOT(COUNTIFS(SAISIE!$B$5:$B$204,"*Vent D/G*",SAISIE!$F$5:$F$204,$G$43)>0)),"",IFERROR(IF(_xlfn.MINIFS(SAISIE!$E$5:$E$204,SAISIE!$B$5:$B$204,"*Vent D/G*",SAISIE!$F$5:$F$204,$G$43)>=0,INDEX(SAISIE!$D$5:$D$204,MATCH(_xlfn.MAXIFS(SAISIE!$C$5:$C$204,SAISIE!$B$5:$B$204,"*Vent D/G*",SAISIE!$F$5:$F$204,$G$43),SAISIE!$C$5:$C$204,0)),INDEX(SAISIE!$D$5:$D$204,MATCH(_xlfn.MINIFS(SAISIE!$E$5:$E$204,SAISIE!$B$5:$B$204,"*Vent D/G*",SAISIE!$F$5:$F$204,$G$43),SAISIE!$E$5:$E$204,0))),"-")) | D47: =IF(OR($G$43="",NOT(COUNTIFS(SAISIE!$B$5:$B$204,"*Vent D/G*",SAISIE!$F$5:$F$204,$G$43)>0)),"",IFERROR(IF(_xlfn.MINIFS(SAISIE!$E$5:$E$204,SAISIE!$B$5:$B$204,"*Vent D/G*",SAISIE!$F$5:$F$204,$G$43)>=0,0,_xlfn.MINIFS(SAISIE!$E$5:$E$204,SAISIE!$B$5:$B$204,"*Vent D/G*",SAISIE!$F$5:$F$204,$G$43)),"-")) | E47: =IF($G$43="","",IF(OR(D47="",D47="-"),"",IF(D47>0,"(soulevement)",IF(D47<0,"(compression)","-"))))
A48: =IF(OR($G$43="",NOT(_xlfn.MAXIFS(SAISIE!$E$5:$E$204,SAISIE!$B$5:$B$204,"*Vent D/G*",SAISIE!$F$5:$F$204,$G$43)>0)),"","Vent D/G") | B48: =IF(OR($G$43="",NOT(_xlfn.MAXIFS(SAISIE!$E$5:$E$204,SAISIE!$B$5:$B$204,"*Vent D/G*",SAISIE!$F$5:$F$204,$G$43)>0)),"",IFERROR(INDEX(SAISIE!$C$5:$C$204,MATCH(_xlfn.MAXIFS(SAISIE!$E$5:$E$204,SAISIE!$B$5:$B$204,"*Vent D/G*",SAISIE!$F$5:$F$204,$G$43),SAISIE!$E$5:$E$204,0)),"-")) | C48: =IF(OR($G$43="",NOT(_xlfn.MAXIFS(SAISIE!$E$5:$E$204,SAISIE!$B$5:$B$204,"*Vent D/G*",SAISIE!$F$5:$F$204,$G$43)>0)),"",IFERROR(INDEX(SAISIE!$D$5:$D$204,MATCH(_xlfn.MAXIFS(SAISIE!$E$5:$E$204,SAISIE!$B$5:$B$204,"*Vent D/G*",SAISIE!$F$5:$F$204,$G$43),SAISIE!$E$5:$E$204,0)),"-")) | D48: =IF(OR($G$43="",NOT(_xlfn.MAXIFS(SAISIE!$E$5:$E$204,SAISIE!$B$5:$B$204,"*Vent D/G*",SAISIE!$F$5:$F$204,$G$43)>0)),"",IFERROR(_xlfn.MAXIFS(SAISIE!$E$5:$E$204,SAISIE!$B$5:$B$204,"*Vent D/G*",SAISIE!$F$5:$F$204,$G$43),"-")) | E48: =IF($G$43="","",IF(OR(D48="",D48="-"),"",IF(D48>0,"(soulevement)",IF(D48<0,"(compression)","-"))))
A49: =IF(OR($G$43="",NOT(COUNTIFS(SAISIE!$B$5:$B$204,"*Vent Av./Arr.*",SAISIE!$F$5:$F$204,$G$43)>0)),"","Vent Av./Arr.") | B49: =IF(OR($G$43="",NOT(COUNTIFS(SAISIE!$B$5:$B$204,"*Vent Av./Arr.*",SAISIE!$F$5:$F$204,$G$43)>0)),"",IFERROR(IF(_xlfn.MINIFS(SAISIE!$E$5:$E$204,SAISIE!$B$5:$B$204,"*Vent Av./Arr.*",SAISIE!$F$5:$F$204,$G$43)>=0,_xlfn.MAXIFS(SAISIE!$C$5:$C$204,SAISIE!$B$5:$B$204,"*Vent Av./Arr.*",SAISIE!$F$5:$F$204,$G$43),INDEX(SAISIE!$C$5:$C$204,MATCH(_xlfn.MINIFS(SAISIE!$E$5:$E$204,SAISIE!$B$5:$B$204,"*Vent Av./Arr.*",SAISIE!$F$5:$F$204,$G$43),SAISIE!$E$5:$E$204,0))),"-")) | C49: =IF(OR($G$43="",NOT(COUNTIFS(SAISIE!$B$5:$B$204,"*Vent Av./Arr.*",SAISIE!$F$5:$F$204,$G$43)>0)),"",IFERROR(IF(_xlfn.MINIFS(SAISIE!$E$5:$E$204,SAISIE!$B$5:$B$204,"*Vent Av./Arr.*",SAISIE!$F$5:$F$204,$G$43)>=0,INDEX(SAISIE!$D$5:$D$204,MATCH(_xlfn.MAXIFS(SAISIE!$C$5:$C$204,SAISIE!$B$5:$B$204,"*Vent Av./Arr.*",SAISIE!$F$5:$F$204,$G$43),SAISIE!$C$5:$C$204,0)),INDEX(SAISIE!$D$5:$D$204,MATCH(_xlfn.MINIFS(SAISIE!$E$5:$E$204,SAISIE!$B$5:$B$204,"*Vent Av./Arr.*",SAISIE!$F$5:$F$204,$G$43),SAISIE!$E$5:$E$204,0))),"-")) | D49: =IF(OR($G$43="",NOT(COUNTIFS(SAISIE!$B$5:$B$204,"*Vent Av./Arr.*",SAISIE!$F$5:$F$204,$G$43)>0)),"",IFERROR(IF(_xlfn.MINIFS(SAISIE!$E$5:$E$204,SAISIE!$B$5:$B$204,"*Vent Av./Arr.*",SAISIE!$F$5:$F$204,$G$43)>=0,0,_xlfn.MINIFS(SAISIE!$E$5:$E$204,SAISIE!$B$5:$B$204,"*Vent Av./Arr.*",SAISIE!$F$5:$F$204,$G$43)),"-")) | E49: =IF($G$43="","",IF(OR(D49="",D49="-"),"",IF(D49>0,"(soulevement)",IF(D49<0,"(compression)","-"))))
A50: =IF(OR($G$43="",NOT(_xlfn.MAXIFS(SAISIE!$E$5:$E$204,SAISIE!$B$5:$B$204,"*Vent Av./Arr.*",SAISIE!$F$5:$F$204,$G$43)>0)),"","Vent Av./Arr.") | B50: =IF(OR($G$43="",NOT(_xlfn.MAXIFS(SAISIE!$E$5:$E$204,SAISIE!$B$5:$B$204,"*Vent Av./Arr.*",SAISIE!$F$5:$F$204,$G$43)>0)),"",IFERROR(INDEX(SAISIE!$C$5:$C$204,MATCH(_xlfn.MAXIFS(SAISIE!$E$5:$E$204,SAISIE!$B$5:$B$204,"*Vent Av./Arr.*",SAISIE!$F$5:$F$204,$G$43),SAISIE!$E$5:$E$204,0)),"-")) | C50: =IF(OR($G$43="",NOT(_xlfn.MAXIFS(SAISIE!$E$5:$E$204,SAISIE!$B$5:$B$204,"*Vent Av./Arr.*",SAISIE!$F$5:$F$204,$G$43)>0)),"",IFERROR(INDEX(SAISIE!$D$5:$D$204,MATCH(_xlfn.MAXIFS(SAISIE!$E$5:$E$204,SAISIE!$B$5:$B$204,"*Vent Av./Arr.*",SAISIE!$F$5:$F$204,$G$43),SAISIE!$E$5:$E$204,0)),"-")) | D50: =IF(OR($G$43="",NOT(_xlfn.MAXIFS(SAISIE!$E$5:$E$204,SAISIE!$B$5:$B$204,"*Vent Av./Arr.*",SAISIE!$F$5:$F$204,$G$43)>0)),"",IFERROR(_xlfn.MAXIFS(SAISIE!$E$5:$E$204,SAISIE!$B$5:$B$204,"*Vent Av./Arr.*",SAISIE!$F$5:$F$204,$G$43),"-")) | E50: =IF($G$43="","",IF(OR(D50="",D50="-"),"",IF(D50>0,"(soulevement)",IF(D50<0,"(compression)","-"))))
A51: =IF(OR($G$43="",NOT(COUNTIFS(SAISIE!$B$5:$B$204,"*Vent Arr./Av.*",SAISIE!$F$5:$F$204,$G$43)>0)),"","Vent Arr./Av.") | B51: =IF(OR($G$43="",NOT(COUNTIFS(SAISIE!$B$5:$B$204,"*Vent Arr./Av.*",SAISIE!$F$5:$F$204,$G$43)>0)),"",IFERROR(IF(_xlfn.MINIFS(SAISIE!$E$5:$E$204,SAISIE!$B$5:$B$204,"*Vent Arr./Av.*",SAISIE!$F$5:$F$204,$G$43)>=0,_xlfn.MAXIFS(SAISIE!$C$5:$C$204,SAISIE!$B$5:$B$204,"*Vent Arr./Av.*",SAISIE!$F$5:$F$204,$G$43),INDEX(SAISIE!$C$5:$C$204,MATCH(_xlfn.MINIFS(SAISIE!$E$5:$E$204,SAISIE!$B$5:$B$204,"*Vent Arr./Av.*",SAISIE!$F$5:$F$204,$G$43),SAISIE!$E$5:$E$204,0))),"-")) | C51: =IF(OR($G$43="",NOT(COUNTIFS(SAISIE!$B$5:$B$204,"*Vent Arr./Av.*",SAISIE!$F$5:$F$204,$G$43)>0)),"",IFERROR(IF(_xlfn.MINIFS(SAISIE!$E$5:$E$204,SAISIE!$B$5:$B$204,"*Vent Arr./Av.*",SAISIE!$F$5:$F$204,$G$43)>=0,INDEX(SAISIE!$D$5:$D$204,MATCH(_xlfn.MAXIFS(SAISIE!$C$5:$C$204,SAISIE!$B$5:$B$204,"*Vent Arr./Av.*",SAISIE!$F$5:$F$204,$G$43),SAISIE!$C$5:$C$204,0)),INDEX(SAISIE!$D$5:$D$204,MATCH(_xlfn.MINIFS(SAISIE!$E$5:$E$204,SAISIE!$B$5:$B$204,"*Vent Arr./Av.*",SAISIE!$F$5:$F$204,$G$43),SAISIE!$E$5:$E$204,0))),"-")) | D51: =IF(OR($G$43="",NOT(COUNTIFS(SAISIE!$B$5:$B$204,"*Vent Arr./Av.*",SAISIE!$F$5:$F$204,$G$43)>0)),"",IFERROR(IF(_xlfn.MINIFS(SAISIE!$E$5:$E$204,SAISIE!$B$5:$B$204,"*Vent Arr./Av.*",SAISIE!$F$5:$F$204,$G$43)>=0,0,_xlfn.MINIFS(SAISIE!$E$5:$E$204,SAISIE!$B$5:$B$204,"*Vent Arr./Av.*",SAISIE!$F$5:$F$204,$G$43)),"-")) | E51: =IF($G$43="","",IF(OR(D51="",D51="-"),"",IF(D51>0,"(soulevement)",IF(D51<0,"(compression)","-"))))
A52: =IF(OR($G$43="",NOT(_xlfn.MAXIFS(SAISIE!$E$5:$E$204,SAISIE!$B$5:$B$204,"*Vent Arr./Av.*",SAISIE!$F$5:$F$204,$G$43)>0)),"","Vent Arr./Av.") | B52: =IF(OR($G$43="",NOT(_xlfn.MAXIFS(SAISIE!$E$5:$E$204,SAISIE!$B$5:$B$204,"*Vent Arr./Av.*",SAISIE!$F$5:$F$204,$G$43)>0)),"",IFERROR(INDEX(SAISIE!$C$5:$C$204,MATCH(_xlfn.MAXIFS(SAISIE!$E$5:$E$204,SAISIE!$B$5:$B$204,"*Vent Arr./Av.*",SAISIE!$F$5:$F$204,$G$43),SAISIE!$E$5:$E$204,0)),"-")) | C52: =IF(OR($G$43="",NOT(_xlfn.MAXIFS(SAISIE!$E$5:$E$204,SAISIE!$B$5:$B$204,"*Vent Arr./Av.*",SAISIE!$F$5:$F$204,$G$43)>0)),"",IFERROR(INDEX(SAISIE!$D$5:$D$204,MATCH(_xlfn.MAXIFS(SAISIE!$E$5:$E$204,SAISIE!$B$5:$B$204,"*Vent Arr./Av.*",SAISIE!$F$5:$F$204,$G$43),SAISIE!$E$5:$E$204,0)),"-")) | D52: =IF(OR($G$43="",NOT(_xlfn.MAXIFS(SAISIE!$E$5:$E$204,SAISIE!$B$5:$B$204,"*Vent Arr./Av.*",SAISIE!$F$5:$F$204,$G$43)>0)),"",IFERROR(_xlfn.MAXIFS(SAISIE!$E$5:$E$204,SAISIE!$B$5:$B$204,"*Vent Arr./Av.*",SAISIE!$F$5:$F$204,$G$43),"-")) | E52: =IF($G$43="","",IF(OR(D52="",D52="-"),"",IF(D52>0,"(soulevement)",IF(D52<0,"(compression)","-"))))
A53: =IF(OR($G$43="",NOT(TRUE)),"","Neige normale") | B53: =IF($G$43="","",IFERROR(INDEX(SAISIE!$C$5:$C$204,MATCH(_xlfn.MINIFS(SAISIE!$E$5:$E$204,SAISIE!$B$5:$B$204,"*Neige*",SAISIE!$B$5:$B$204,"<>*accidentel*",SAISIE!$F$5:$F$204,$G$43),SAISIE!$E$5:$E$204,0)),"-")) | C53: =IF($G$43="","",IFERROR(INDEX(SAISIE!$D$5:$D$204,MATCH(_xlfn.MINIFS(SAISIE!$E$5:$E$204,SAISIE!$B$5:$B$204,"*Neige*",SAISIE!$B$5:$B$204,"<>*accidentel*",SAISIE!$F$5:$F$204,$G$43),SAISIE!$E$5:$E$204,0)),"-")) | D53: =IF($G$43="","",IFERROR(INDEX(SAISIE!$E$5:$E$204,MATCH(_xlfn.MINIFS(SAISIE!$E$5:$E$204,SAISIE!$B$5:$B$204,"*Neige*",SAISIE!$B$5:$B$204,"<>*accidentel*",SAISIE!$F$5:$F$204,$G$43),SAISIE!$E$5:$E$204,0)),"-")) | E53: =IF($G$43="","",IF(OR(D53="",D53="-"),"",IF(D53>0,"(soulevement)",IF(D53<0,"(compression)","-"))))
A54: =IF(OR($G$43="",NOT(TRUE)),"","Neige accidentelle") | B54: =IF($G$43="","",IFERROR(LOOKUP(2,1/((SAISIE!$F$5:$F$204=$G$43)*(ISNUMBER(SEARCH("accidentel",SAISIE!$B$5:$B$204)))),SAISIE!$C$5:$C$204),"-")) | C54: =IF($G$43="","",IFERROR(LOOKUP(2,1/((SAISIE!$F$5:$F$204=$G$43)*(ISNUMBER(SEARCH("accidentel",SAISIE!$B$5:$B$204)))),SAISIE!$D$5:$D$204),"-")) | D54: =IF($G$43="","",IFERROR(LOOKUP(2,1/((SAISIE!$F$5:$F$204=$G$43)*(ISNUMBER(SEARCH("accidentel",SAISIE!$B$5:$B$204)))),SAISIE!$E$5:$E$204),"-")) | E54: =IF($G$43="","",IF(OR(D54="",D54="-"),"",IF(D54>0,"(soulevement)",IF(D54<0,"(compression)","-"))))
A55: =IF($G$55="","","Noeud "&$G$55) | G55: =IFERROR(INDEX(SAISIE!$F$5:$F$204,_xlfn.AGGREGATE(15,6,ROW(SAISIE!$F$5:$F$204)-ROW(SAISIE!$F$5)+1/(SAISIE!$F$5:$F$204<>"")/(COUNTIF($G$4:G54,SAISIE!$F$5:$F$204)=0),1)),"")
A56: =IF(OR($G$55="",NOT(TRUE)),"","Couverture") | B56: =IF($G$55="","",IFERROR(IFERROR(LOOKUP(2,1/((SAISIE!$F$5:$F$204=$G$55)*(LEFT(SAISIE!$B$5:$B$204,2)="G ")),SAISIE!$C$5:$C$204),LOOKUP(2,1/((SAISIE!$F$5:$F$204=$G$55)*(ISNUMBER(SEARCH("Couverture",SAISIE!$B$5:$B$204)))),SAISIE!$C$5:$C$204)),"-")) | C56: =IF($G$55="","",IFERROR(IFERROR(LOOKUP(2,1/((SAISIE!$F$5:$F$204=$G$55)*(LEFT(SAISIE!$B$5:$B$204,2)="G ")),SAISIE!$D$5:$D$204),LOOKUP(2,1/((SAISIE!$F$5:$F$204=$G$55)*(ISNUMBER(SEARCH("Couverture",SAISIE!$B$5:$B$204)))),SAISIE!$D$5:$D$204)),"-")) | D56: =IF($G$55="","",IFERROR(IFERROR(LOOKUP(2,1/((SAISIE!$F$5:$F$204=$G$55)*(LEFT(SAISIE!$B$5:$B$204,2)="G ")),SAISIE!$E$5:$E$204),LOOKUP(2,1/((SAISIE!$F$5:$F$204=$G$55)*(ISNUMBER(SEARCH("Couverture",SAISIE!$B$5:$B$204)))),SAISIE!$E$5:$E$204)),"-")) | E56: =IF($G$55="","",IF(OR(D56="",D56="-"),"",IF(D56>0,"(soulevement)",IF(D56<0,"(compression)","-"))))
A57: =IF(OR($G$55="",NOT(COUNTIFS(SAISIE!$B$5:$B$204,"*Vent G/D*",SAISIE!$F$5:$F$204,$G$55)>0)),"","Vent G/D") | B57: =IF(OR($G$55="",NOT(COUNTIFS(SAISIE!$B$5:$B$204,"*Vent G/D*",SAISIE!$F$5:$F$204,$G$55)>0)),"",IFERROR(IF(_xlfn.MINIFS(SAISIE!$E$5:$E$204,SAISIE!$B$5:$B$204,"*Vent G/D*",SAISIE!$F$5:$F$204,$G$55)>=0,_xlfn.MAXIFS(SAISIE!$C$5:$C$204,SAISIE!$B$5:$B$204,"*Vent G/D*",SAISIE!$F$5:$F$204,$G$55),INDEX(SAISIE!$C$5:$C$204,MATCH(_xlfn.MINIFS(SAISIE!$E$5:$E$204,SAISIE!$B$5:$B$204,"*Vent G/D*",SAISIE!$F$5:$F$204,$G$55),SAISIE!$E$5:$E$204,0))),"-")) | C57: =IF(OR($G$55="",NOT(COUNTIFS(SAISIE!$B$5:$B$204,"*Vent G/D*",SAISIE!$F$5:$F$204,$G$55)>0)),"",IFERROR(IF(_xlfn.MINIFS(SAISIE!$E$5:$E$204,SAISIE!$B$5:$B$204,"*Vent G/D*",SAISIE!$F$5:$F$204,$G$55)>=0,INDEX(SAISIE!$D$5:$D$204,MATCH(_xlfn.MAXIFS(SAISIE!$C$5:$C$204,SAISIE!$B$5:$B$204,"*Vent G/D*",SAISIE!$F$5:$F$204,$G$55),SAISIE!$C$5:$C$204,0)),INDEX(SAISIE!$D$5:$D$204,MATCH(_xlfn.MINIFS(SAISIE!$E$5:$E$204,SAISIE!$B$5:$B$204,"*Vent G/D*",SAISIE!$F$5:$F$204,$G$55),SAISIE!$E$5:$E$204,0))),"-")) | D57: =IF(OR($G$55="",NOT(COUNTIFS(SAISIE!$B$5:$B$204,"*Vent G/D*",SAISIE!$F$5:$F$204,$G$55)>0)),"",IFERROR(IF(_xlfn.MINIFS(SAISIE!$E$5:$E$204,SAISIE!$B$5:$B$204,"*Vent G/D*",SAISIE!$F$5:$F$204,$G$55)>=0,0,_xlfn.MINIFS(SAISIE!$E$5:$E$204,SAISIE!$B$5:$B$204,"*Vent G/D*",SAISIE!$F$5:$F$204,$G$55)),"-")) | E57: =IF($G$55="","",IF(OR(D57="",D57="-"),"",IF(D57>0,"(soulevement)",IF(D57<0,"(compression)","-"))))
A58: =IF(OR($G$55="",NOT(_xlfn.MAXIFS(SAISIE!$E$5:$E$204,SAISIE!$B$5:$B$204,"*Vent G/D*",SAISIE!$F$5:$F$204,$G$55)>0)),"","Vent G/D") | B58: =IF(OR($G$55="",NOT(_xlfn.MAXIFS(SAISIE!$E$5:$E$204,SAISIE!$B$5:$B$204,"*Vent G/D*",SAISIE!$F$5:$F$204,$G$55)>0)),"",IFERROR(INDEX(SAISIE!$C$5:$C$204,MATCH(_xlfn.MAXIFS(SAISIE!$E$5:$E$204,SAISIE!$B$5:$B$204,"*Vent G/D*",SAISIE!$F$5:$F$204,$G$55),SAISIE!$E$5:$E$204,0)),"-")) | C58: =IF(OR($G$55="",NOT(_xlfn.MAXIFS(SAISIE!$E$5:$E$204,SAISIE!$B$5:$B$204,"*Vent G/D*",SAISIE!$F$5:$F$204,$G$55)>0)),"",IFERROR(INDEX(SAISIE!$D$5:$D$204,MATCH(_xlfn.MAXIFS(SAISIE!$E$5:$E$204,SAISIE!$B$5:$B$204,"*Vent G/D*",SAISIE!$F$5:$F$204,$G$55),SAISIE!$E$5:$E$204,0)),"-")) | D58: =IF(OR($G$55="",NOT(_xlfn.MAXIFS(SAISIE!$E$5:$E$204,SAISIE!$B$5:$B$204,"*Vent G/D*",SAISIE!$F$5:$F$204,$G$55)>0)),"",IFERROR(_xlfn.MAXIFS(SAISIE!$E$5:$E$204,SAISIE!$B$5:$B$204,"*Vent G/D*",SAISIE!$F$5:$F$204,$G$55),"-")) | E58: =IF($G$55="","",IF(OR(D58="",D58="-"),"",IF(D58>0,"(soulevement)",IF(D58<0,"(compression)","-"))))
A59: =IF(OR($G$55="",NOT(COUNTIFS(SAISIE!$B$5:$B$204,"*Vent D/G*",SAISIE!$F$5:$F$204,$G$55)>0)),"","Vent D/G") | B59: =IF(OR($G$55="",NOT(COUNTIFS(SAISIE!$B$5:$B$204,"*Vent D/G*",SAISIE!$F$5:$F$204,$G$55)>0)),"",IFERROR(IF(_xlfn.MINIFS(SAISIE!$E$5:$E$204,SAISIE!$B$5:$B$204,"*Vent D/G*",SAISIE!$F$5:$F$204,$G$55)>=0,_xlfn.MAXIFS(SAISIE!$C$5:$C$204,SAISIE!$B$5:$B$204,"*Vent D/G*",SAISIE!$F$5:$F$204,$G$55),INDEX(SAISIE!$C$5:$C$204,MATCH(_xlfn.MINIFS(SAISIE!$E$5:$E$204,SAISIE!$B$5:$B$204,"*Vent D/G*",SAISIE!$F$5:$F$204,$G$55),SAISIE!$E$5:$E$204,0))),"-")) | C59: =IF(OR($G$55="",NOT(COUNTIFS(SAISIE!$B$5:$B$204,"*Vent D/G*",SAISIE!$F$5:$F$204,$G$55)>0)),"",IFERROR(IF(_xlfn.MINIFS(SAISIE!$E$5:$E$204,SAISIE!$B$5:$B$204,"*Vent D/G*",SAISIE!$F$5:$F$204,$G$55)>=0,INDEX(SAISIE!$D$5:$D$204,MATCH(_xlfn.MAXIFS(SAISIE!$C$5:$C$204,SAISIE!$B$5:$B$204,"*Vent D/G*",SAISIE!$F$5:$F$204,$G$55),SAISIE!$C$5:$C$204,0)),INDEX(SAISIE!$D$5:$D$204,MATCH(_xlfn.MINIFS(SAISIE!$E$5:$E$204,SAISIE!$B$5:$B$204,"*Vent D/G*",SAISIE!$F$5:$F$204,$G$55),SAISIE!$E$5:$E$204,0))),"-")) | D59: =IF(OR($G$55="",NOT(COUNTIFS(SAISIE!$B$5:$B$204,"*Vent D/G*",SAISIE!$F$5:$F$204,$G$55)>0)),"",IFERROR(IF(_xlfn.MINIFS(SAISIE!$E$5:$E$204,SAISIE!$B$5:$B$204,"*Vent D/G*",SAISIE!$F$5:$F$204,$G$55)>=0,0,_xlfn.MINIFS(SAISIE!$E$5:$E$204,SAISIE!$B$5:$B$204,"*Vent D/G*",SAISIE!$F$5:$F$204,$G$55)),"-")) | E59: =IF($G$55="","",IF(OR(D59="",D59="-"),"",IF(D59>0,"(soulevement)",IF(D59<0,"(compression)","-"))))
A60: =IF(OR($G$55="",NOT(_xlfn.MAXIFS(SAISIE!$E$5:$E$204,SAISIE!$B$5:$B$204,"*Vent D/G*",SAISIE!$F$5:$F$204,$G$55)>0)),"","Vent D/G") | B60: =IF(OR($G$55="",NOT(_xlfn.MAXIFS(SAISIE!$E$5:$E$204,SAISIE!$B$5:$B$204,"*Vent D/G*",SAISIE!$F$5:$F$204,$G$55)>0)),"",IFERROR(INDEX(SAISIE!$C$5:$C$204,MATCH(_xlfn.MAXIFS(SAISIE!$E$5:$E$204,SAISIE!$B$5:$B$204,"*Vent D/G*",SAISIE!$F$5:$F$204,$G$55),SAISIE!$E$5:$E$204,0)),"-")) | C60: =IF(OR($G$55="",NOT(_xlfn.MAXIFS(SAISIE!$E$5:$E$204,SAISIE!$B$5:$B$204,"*Vent D/G*",SAISIE!$F$5:$F$204,$G$55)>0)),"",IFERROR(INDEX(SAISIE!$D$5:$D$204,MATCH(_xlfn.MAXIFS(SAISIE!$E$5:$E$204,SAISIE!$B$5:$B$204,"*Vent D/G*",SAISIE!$F$5:$F$204,$G$55),SAISIE!$E$5:$E$204,0)),"-")) | D60: =IF(OR($G$55="",NOT(_xlfn.MAXIFS(SAISIE!$E$5:$E$204,SAISIE!$B$5:$B$204,"*Vent D/G*",SAISIE!$F$5:$F$204,$G$55)>0)),"",IFERROR(_xlfn.MAXIFS(SAISIE!$E$5:$E$204,SAISIE!$B$5:$B$204,"*Vent D/G*",SAISIE!$F$5:$F$204,$G$55),"-")) | E60: =IF($G$55="","",IF(OR(D60="",D60="-"),"",IF(D60>0,"(soulevement)",IF(D60<0,"(compression)","-"))))
A61: =IF(OR($G$55="",NOT(COUNTIFS(SAISIE!$B$5:$B$204,"*Vent Av./Arr.*",SAISIE!$F$5:$F$204,$G$55)>0)),"","Vent Av./Arr.") | B61: =IF(OR($G$55="",NOT(COUNTIFS(SAISIE!$B$5:$B$204,"*Vent Av./Arr.*",SAISIE!$F$5:$F$204,$G$55)>0)),"",IFERROR(IF(_xlfn.MINIFS(SAISIE!$E$5:$E$204,SAISIE!$B$5:$B$204,"*Vent Av./Arr.*",SAISIE!$F$5:$F$204,$G$55)>=0,_xlfn.MAXIFS(SAISIE!$C$5:$C$204,SAISIE!$B$5:$B$204,"*Vent Av./Arr.*",SAISIE!$F$5:$F$204,$G$55),INDEX(SAISIE!$C$5:$C$204,MATCH(_xlfn.MINIFS(SAISIE!$E$5:$E$204,SAISIE!$B$5:$B$204,"*Vent Av./Arr.*",SAISIE!$F$5:$F$204,$G$55),SAISIE!$E$5:$E$204,0))),"-")) | C61: =IF(OR($G$55="",NOT(COUNTIFS(SAISIE!$B$5:$B$204,"*Vent Av./Arr.*",SAISIE!$F$5:$F$204,$G$55)>0)),"",IFERROR(IF(_xlfn.MINIFS(SAISIE!$E$5:$E$204,SAISIE!$B$5:$B$204,"*Vent Av./Arr.*",SAISIE!$F$5:$F$204,$G$55)>=0,INDEX(SAISIE!$D$5:$D$204,MATCH(_xlfn.MAXIFS(SAISIE!$C$5:$C$204,SAISIE!$B$5:$B$204,"*Vent Av./Arr.*",SAISIE!$F$5:$F$204,$G$55),SAISIE!$C$5:$C$204,0)),INDEX(SAISIE!$D$5:$D$204,MATCH(_xlfn.MINIFS(SAISIE!$E$5:$E$204,SAISIE!$B$5:$B$204,"*Vent Av./Arr.*",SAISIE!$F$5:$F$204,$G$55),SAISIE!$E$5:$E$204,0))),"-")) | D61: =IF(OR($G$55="",NOT(COUNTIFS(SAISIE!$B$5:$B$204,"*Vent Av./Arr.*",SAISIE!$F$5:$F$204,$G$55)>0)),"",IFERROR(IF(_xlfn.MINIFS(SAISIE!$E$5:$E$204,SAISIE!$B$5:$B$204,"*Vent Av./Arr.*",SAISIE!$F$5:$F$204,$G$55)>=0,0,_xlfn.MINIFS(SAISIE!$E$5:$E$204,SAISIE!$B$5:$B$204,"*Vent Av./Arr.*",SAISIE!$F$5:$F$204,$G$55)),"-")) | E61: =IF($G$55="","",IF(OR(D61="",D61="-"),"",IF(D61>0,"(soulevement)",IF(D61<0,"(compression)","-"))))
A62: =IF(OR($G$55="",NOT(_xlfn.MAXIFS(SAISIE!$E$5:$E$204,SAISIE!$B$5:$B$204,"*Vent Av./Arr.*",SAISIE!$F$5:$F$204,$G$55)>0)),"","Vent Av./Arr.") | B62: =IF(OR($G$55="",NOT(_xlfn.MAXIFS(SAISIE!$E$5:$E$204,SAISIE!$B$5:$B$204,"*Vent Av./Arr.*",SAISIE!$F$5:$F$204,$G$55)>0)),"",IFERROR(INDEX(SAISIE!$C$5:$C$204,MATCH(_xlfn.MAXIFS(SAISIE!$E$5:$E$204,SAISIE!$B$5:$B$204,"*Vent Av./Arr.*",SAISIE!$F$5:$F$204,$G$55),SAISIE!$E$5:$E$204,0)),"-")) | C62: =IF(OR($G$55="",NOT(_xlfn.MAXIFS(SAISIE!$E$5:$E$204,SAISIE!$B$5:$B$204,"*Vent Av./Arr.*",SAISIE!$F$5:$F$204,$G$55)>0)),"",IFERROR(INDEX(SAISIE!$D$5:$D$204,MATCH(_xlfn.MAXIFS(SAISIE!$E$5:$E$204,SAISIE!$B$5:$B$204,"*Vent Av./Arr.*",SAISIE!$F$5:$F$204,$G$55),SAISIE!$E$5:$E$204,0)),"-")) | D62: =IF(OR($G$55="",NOT(_xlfn.MAXIFS(SAISIE!$E$5:$E$204,SAISIE!$B$5:$B$204,"*Vent Av./Arr.*",SAISIE!$F$5:$F$204,$G$55)>0)),"",IFERROR(_xlfn.MAXIFS(SAISIE!$E$5:$E$204,SAISIE!$B$5:$B$204,"*Vent Av./Arr.*",SAISIE!$F$5:$F$204,$G$55),"-")) | E62: =IF($G$55="","",IF(OR(D62="",D62="-"),"",IF(D62>0,"(soulevement)",IF(D62<0,"(compression)","-"))))
A63: =IF(OR($G$55="",NOT(COUNTIFS(SAISIE!$B$5:$B$204,"*Vent Arr./Av.*",SAISIE!$F$5:$F$204,$G$55)>0)),"","Vent Arr./Av.") | B63: =IF(OR($G$55="",NOT(COUNTIFS(SAISIE!$B$5:$B$204,"*Vent Arr./Av.*",SAISIE!$F$5:$F$204,$G$55)>0)),"",IFERROR(IF(_xlfn.MINIFS(SAISIE!$E$5:$E$204,SAISIE!$B$5:$B$204,"*Vent Arr./Av.*",SAISIE!$F$5:$F$204,$G$55)>=0,_xlfn.MAXIFS(SAISIE!$C$5:$C$204,SAISIE!$B$5:$B$204,"*Vent Arr./Av.*",SAISIE!$F$5:$F$204,$G$55),INDEX(SAISIE!$C$5:$C$204,MATCH(_xlfn.MINIFS(SAISIE!$E$5:$E$204,SAISIE!$B$5:$B$204,"*Vent Arr./Av.*",SAISIE!$F$5:$F$204,$G$55),SAISIE!$E$5:$E$204,0))),"-")) | C63: =IF(OR($G$55="",NOT(COUNTIFS(SAISIE!$B$5:$B$204,"*Vent Arr./Av.*",SAISIE!$F$5:$F$204,$G$55)>0)),"",IFERROR(IF(_xlfn.MINIFS(SAISIE!$E$5:$E$204,SAISIE!$B$5:$B$204,"*Vent Arr./Av.*",SAISIE!$F$5:$F$204,$G$55)>=0,INDEX(SAISIE!$D$5:$D$204,MATCH(_xlfn.MAXIFS(SAISIE!$C$5:$C$204,SAISIE!$B$5:$B$204,"*Vent Arr./Av.*",SAISIE!$F$5:$F$204,$G$55),SAISIE!$C$5:$C$204,0)),INDEX(SAISIE!$D$5:$D$204,MATCH(_xlfn.MINIFS(SAISIE!$E$5:$E$204,SAISIE!$B$5:$B$204,"*Vent Arr./Av.*",SAISIE!$F$5:$F$204,$G$55),SAISIE!$E$5:$E$204,0))),"-")) | D63: =IF(OR($G$55="",NOT(COUNTIFS(SAISIE!$B$5:$B$204,"*Vent Arr./Av.*",SAISIE!$F$5:$F$204,$G$55)>0)),"",IFERROR(IF(_xlfn.MINIFS(SAISIE!$E$5:$E$204,SAISIE!$B$5:$B$204,"*Vent Arr./Av.*",SAISIE!$F$5:$F$204,$G$55)>=0,0,_xlfn.MINIFS(SAISIE!$E$5:$E$204,SAISIE!$B$5:$B$204,"*Vent Arr./Av.*",SAISIE!$F$5:$F$204,$G$55)),"-")) | E63: =IF($G$55="","",IF(OR(D63="",D63="-"),"",IF(D63>0,"(soulevement)",IF(D63<0,"(compression)","-"))))
A64: =IF(OR($G$55="",NOT(_xlfn.MAXIFS(SAISIE!$E$5:$E$204,SAISIE!$B$5:$B$204,"*Vent Arr./Av.*",SAISIE!$F$5:$F$204,$G$55)>0)),"","Vent Arr./Av.") | B64: =IF(OR($G$55="",NOT(_xlfn.MAXIFS(SAISIE!$E$5:$E$204,SAISIE!$B$5:$B$204,"*Vent Arr./Av.*",SAISIE!$F$5:$F$204,$G$55)>0)),"",IFERROR(INDEX(SAISIE!$C$5:$C$204,MATCH(_xlfn.MAXIFS(SAISIE!$E$5:$E$204,SAISIE!$B$5:$B$204,"*Vent Arr./Av.*",SAISIE!$F$5:$F$204,$G$55),SAISIE!$E$5:$E$204,0)),"-")) | C64: =IF(OR($G$55="",NOT(_xlfn.MAXIFS(SAISIE!$E$5:$E$204,SAISIE!$B$5:$B$204,"*Vent Arr./Av.*",SAISIE!$F$5:$F$204,$G$55)>0)),"",IFERROR(INDEX(SAISIE!$D$5:$D$204,MATCH(_xlfn.MAXIFS(SAISIE!$E$5:$E$204,SAISIE!$B$5:$B$204,"*Vent Arr./Av.*",SAISIE!$F$5:$F$204,$G$55),SAISIE!$E$5:$E$204,0)),"-")) | D64: =IF(OR($G$55="",NOT(_xlfn.MAXIFS(SAISIE!$E$5:$E$204,SAISIE!$B$5:$B$204,"*Vent Arr./Av.*",SAISIE!$F$5:$F$204,$G$55)>0)),"",IFERROR(_xlfn.MAXIFS(SAISIE!$E$5:$E$204,SAISIE!$B$5:$B$204,"*Vent Arr./Av.*",SAISIE!$F$5:$F$204,$G$55),"-")) | E64: =IF($G$55="","",IF(OR(D64="",D64="-"),"",IF(D64>0,"(soulevement)",IF(D64<0,"(compression)","-"))))
A65: =IF(OR($G$55="",NOT(TRUE)),"","Neige normale") | B65: =IF($G$55="","",IFERROR(INDEX(SAISIE!$C$5:$C$204,MATCH(_xlfn.MINIFS(SAISIE!$E$5:$E$204,SAISIE!$B$5:$B$204,"*Neige*",SAISIE!$B$5:$B$204,"<>*accidentel*",SAISIE!$F$5:$F$204,$G$55),SAISIE!$E$5:$E$204,0)),"-")) | C65: =IF($G$55="","",IFERROR(INDEX(SAISIE!$D$5:$D$204,MATCH(_xlfn.MINIFS(SAISIE!$E$5:$E$204,SAISIE!$B$5:$B$204,"*Neige*",SAISIE!$B$5:$B$204,"<>*accidentel*",SAISIE!$F$5:$F$204,$G$55),SAISIE!$E$5:$E$204,0)),"-")) | D65: =IF($G$55="","",IFERROR(INDEX(SAISIE!$E$5:$E$204,MATCH(_xlfn.MINIFS(SAISIE!$E$5:$E$204,SAISIE!$B$5:$B$204,"*Neige*",SAISIE!$B$5:$B$204,"<>*accidentel*",SAISIE!$F$5:$F$204,$G$55),SAISIE!$E$5:$E$204,0)),"-")) | E65: =IF($G$55="","",IF(OR(D65="",D65="-"),"",IF(D65>0,"(soulevement)",IF(D65<0,"(compression)","-"))))
A66: =IF(OR($G$55="",NOT(TRUE)),"","Neige accidentelle") | B66: =IF($G$55="","",IFERROR(LOOKUP(2,1/((SAISIE!$F$5:$F$204=$G$55)*(ISNUMBER(SEARCH("accidentel",SAISIE!$B$5:$B$204)))),SAISIE!$C$5:$C$204),"-")) | C66: =IF($G$55="","",IFERROR(LOOKUP(2,1/((SAISIE!$F$5:$F$204=$G$55)*(ISNUMBER(SEARCH("accidentel",SAISIE!$B$5:$B$204)))),SAISIE!$D$5:$D$204),"-")) | D66: =IF($G$55="","",IFERROR(LOOKUP(2,1/((SAISIE!$F$5:$F$204=$G$55)*(ISNUMBER(SEARCH("accidentel",SAISIE!$B$5:$B$204)))),SAISIE!$E$5:$E$204),"-")) | E66: =IF($G$55="","",IF(OR(D66="",D66="-"),"",IF(D66>0,"(soulevement)",IF(D66<0,"(compression)","-"))))
A67: =IF($G$67="","","Noeud "&$G$67) | G67: =IFERROR(INDEX(SAISIE!$F$5:$F$204,_xlfn.AGGREGATE(15,6,ROW(SAISIE!$F$5:$F$204)-ROW(SAISIE!$F$5)+1/(SAISIE!$F$5:$F$204<>"")/(COUNTIF($G$4:G66,SAISIE!$F$5:$F$204)=0),1)),"")
A68: =IF(OR($G$67="",NOT(TRUE)),"","Couverture") | B68: =IF($G$67="","",IFERROR(IFERROR(LOOKUP(2,1/((SAISIE!$F$5:$F$204=$G$67)*(LEFT(SAISIE!$B$5:$B$204,2)="G ")),SAISIE!$C$5:$C$204),LOOKUP(2,1/((SAISIE!$F$5:$F$204=$G$67)*(ISNUMBER(SEARCH("Couverture",SAISIE!$B$5:$B$204)))),SAISIE!$C$5:$C$204)),"-")) | C68: =IF($G$67="","",IFERROR(IFERROR(LOOKUP(2,1/((SAISIE!$F$5:$F$204=$G$67)*(LEFT(SAISIE!$B$5:$B$204,2)="G ")),SAISIE!$D$5:$D$204),LOOKUP(2,1/((SAISIE!$F$5:$F$204=$G$67)*(ISNUMBER(SEARCH("Couverture",SAISIE!$B$5:$B$204)))),SAISIE!$D$5:$D$204)),"-")) | D68: =IF($G$67="","",IFERROR(IFERROR(LOOKUP(2,1/((SAISIE!$F$5:$F$204=$G$67)*(LEFT(SAISIE!$B$5:$B$204,2)="G ")),SAISIE!$E$5:$E$204),LOOKUP(2,1/((SAISIE!$F$5:$F$204=$G$67)*(ISNUMBER(SEARCH("Couverture",SAISIE!$B$5:$B$204)))),SAISIE!$E$5:$E$204)),"-")) | E68: =IF($G$67="","",IF(OR(D68="",D68="-"),"",IF(D68>0,"(soulevement)",IF(D68<0,"(compression)","-"))))
A69: =IF(OR($G$67="",NOT(COUNTIFS(SAISIE!$B$5:$B$204,"*Vent G/D*",SAISIE!$F$5:$F$204,$G$67)>0)),"","Vent G/D") | B69: =IF(OR($G$67="",NOT(COUNTIFS(SAISIE!$B$5:$B$204,"*Vent G/D*",SAISIE!$F$5:$F$204,$G$67)>0)),"",IFERROR(IF(_xlfn.MINIFS(SAISIE!$E$5:$E$204,SAISIE!$B$5:$B$204,"*Vent G/D*",SAISIE!$F$5:$F$204,$G$67)>=0,_xlfn.MAXIFS(SAISIE!$C$5:$C$204,SAISIE!$B$5:$B$204,"*Vent G/D*",SAISIE!$F$5:$F$204,$G$67),INDEX(SAISIE!$C$5:$C$204,MATCH(_xlfn.MINIFS(SAISIE!$E$5:$E$204,SAISIE!$B$5:$B$204,"*Vent G/D*",SAISIE!$F$5:$F$204,$G$67),SAISIE!$E$5:$E$204,0))),"-")) | C69: =IF(OR($G$67="",NOT(COUNTIFS(SAISIE!$B$5:$B$204,"*Vent G/D*",SAISIE!$F$5:$F$204,$G$67)>0)),"",IFERROR(IF(_xlfn.MINIFS(SAISIE!$E$5:$E$204,SAISIE!$B$5:$B$204,"*Vent G/D*",SAISIE!$F$5:$F$204,$G$67)>=0,INDEX(SAISIE!$D$5:$D$204,MATCH(_xlfn.MAXIFS(SAISIE!$C$5:$C$204,SAISIE!$B$5:$B$204,"*Vent G/D*",SAISIE!$F$5:$F$204,$G$67),SAISIE!$C$5:$C$204,0)),INDEX(SAISIE!$D$5:$D$204,MATCH(_xlfn.MINIFS(SAISIE!$E$5:$E$204,SAISIE!$B$5:$B$204,"*Vent G/D*",SAISIE!$F$5:$F$204,$G$67),SAISIE!$E$5:$E$204,0))),"-")) | D69: =IF(OR($G$67="",NOT(COUNTIFS(SAISIE!$B$5:$B$204,"*Vent G/D*",SAISIE!$F$5:$F$204,$G$67)>0)),"",IFERROR(IF(_xlfn.MINIFS(SAISIE!$E$5:$E$204,SAISIE!$B$5:$B$204,"*Vent G/D*",SAISIE!$F$5:$F$204,$G$67)>=0,0,_xlfn.MINIFS(SAISIE!$E$5:$E$204,SAISIE!$B$5:$B$204,"*Vent G/D*",SAISIE!$F$5:$F$204,$G$67)),"-")) | E69: =IF($G$67="","",IF(OR(D69="",D69="-"),"",IF(D69>0,"(soulevement)",IF(D69<0,"(compression)","-"))))
A70: =IF(OR($G$67="",NOT(_xlfn.MAXIFS(SAISIE!$E$5:$E$204,SAISIE!$B$5:$B$204,"*Vent G/D*",SAISIE!$F$5:$F$204,$G$67)>0)),"","Vent G/D") | B70: =IF(OR($G$67="",NOT(_xlfn.MAXIFS(SAISIE!$E$5:$E$204,SAISIE!$B$5:$B$204,"*Vent G/D*",SAISIE!$F$5:$F$204,$G$67)>0)),"",IFERROR(INDEX(SAISIE!$C$5:$C$204,MATCH(_xlfn.MAXIFS(SAISIE!$E$5:$E$204,SAISIE!$B$5:$B$204,"*Vent G/D*",SAISIE!$F$5:$F$204,$G$67),SAISIE!$E$5:$E$204,0)),"-")) | C70: =IF(OR($G$67="",NOT(_xlfn.MAXIFS(SAISIE!$E$5:$E$204,SAISIE!$B$5:$B$204,"*Vent G/D*",SAISIE!$F$5:$F$204,$G$67)>0)),"",IFERROR(INDEX(SAISIE!$D$5:$D$204,MATCH(_xlfn.MAXIFS(SAISIE!$E$5:$E$204,SAISIE!$B$5:$B$204,"*Vent G/D*",SAISIE!$F$5:$F$204,$G$67),SAISIE!$E$5:$E$204,0)),"-")) | D70: =IF(OR($G$67="",NOT(_xlfn.MAXIFS(SAISIE!$E$5:$E$204,SAISIE!$B$5:$B$204,"*Vent G/D*",SAISIE!$F$5:$F$204,$G$67)>0)),"",IFERROR(_xlfn.MAXIFS(SAISIE!$E$5:$E$204,SAISIE!$B$5:$B$204,"*Vent G/D*",SAISIE!$F$5:$F$204,$G$67),"-")) | E70: =IF($G$67="","",IF(OR(D70="",D70="-"),"",IF(D70>0,"(soulevement)",IF(D70<0,"(compression)","-"))))
A71: =IF(OR($G$67="",NOT(COUNTIFS(SAISIE!$B$5:$B$204,"*Vent D/G*",SAISIE!$F$5:$F$204,$G$67)>0)),"","Vent D/G") | B71: =IF(OR($G$67="",NOT(COUNTIFS(SAISIE!$B$5:$B$204,"*Vent D/G*",SAISIE!$F$5:$F$204,$G$67)>0)),"",IFERROR(IF(_xlfn.MINIFS(SAISIE!$E$5:$E$204,SAISIE!$B$5:$B$204,"*Vent D/G*",SAISIE!$F$5:$F$204,$G$67)>=0,_xlfn.MAXIFS(SAISIE!$C$5:$C$204,SAISIE!$B$5:$B$204,"*Vent D/G*",SAISIE!$F$5:$F$204,$G$67),INDEX(SAISIE!$C$5:$C$204,MATCH(_xlfn.MINIFS(SAISIE!$E$5:$E$204,SAISIE!$B$5:$B$204,"*Vent D/G*",SAISIE!$F$5:$F$204,$G$67),SAISIE!$E$5:$E$204,0))),"-")) | C71: =IF(OR($G$67="",NOT(COUNTIFS(SAISIE!$B$5:$B$204,"*Vent D/G*",SAISIE!$F$5:$F$204,$G$67)>0)),"",IFERROR(IF(_xlfn.MINIFS(SAISIE!$E$5:$E$204,SAISIE!$B$5:$B$204,"*Vent D/G*",SAISIE!$F$5:$F$204,$G$67)>=0,INDEX(SAISIE!$D$5:$D$204,MATCH(_xlfn.MAXIFS(SAISIE!$C$5:$C$204,SAISIE!$B$5:$B$204,"*Vent D/G*",SAISIE!$F$5:$F$204,$G$67),SAISIE!$C$5:$C$204,0)),INDEX(SAISIE!$D$5:$D$204,MATCH(_xlfn.MINIFS(SAISIE!$E$5:$E$204,SAISIE!$B$5:$B$204,"*Vent D/G*",SAISIE!$F$5:$F$204,$G$67),SAISIE!$E$5:$E$204,0))),"-")) | D71: =IF(OR($G$67="",NOT(COUNTIFS(SAISIE!$B$5:$B$204,"*Vent D/G*",SAISIE!$F$5:$F$204,$G$67)>0)),"",IFERROR(IF(_xlfn.MINIFS(SAISIE!$E$5:$E$204,SAISIE!$B$5:$B$204,"*Vent D/G*",SAISIE!$F$5:$F$204,$G$67)>=0,0,_xlfn.MINIFS(SAISIE!$E$5:$E$204,SAISIE!$B$5:$B$204,"*Vent D/G*",SAISIE!$F$5:$F$204,$G$67)),"-")) | E71: =IF($G$67="","",IF(OR(D71="",D71="-"),"",IF(D71>0,"(soulevement)",IF(D71<0,"(compression)","-"))))
A72: =IF(OR($G$67="",NOT(_xlfn.MAXIFS(SAISIE!$E$5:$E$204,SAISIE!$B$5:$B$204,"*Vent D/G*",SAISIE!$F$5:$F$204,$G$67)>0)),"","Vent D/G") | B72: =IF(OR($G$67="",NOT(_xlfn.MAXIFS(SAISIE!$E$5:$E$204,SAISIE!$B$5:$B$204,"*Vent D/G*",SAISIE!$F$5:$F$204,$G$67)>0)),"",IFERROR(INDEX(SAISIE!$C$5:$C$204,MATCH(_xlfn.MAXIFS(SAISIE!$E$5:$E$204,SAISIE!$B$5:$B$204,"*Vent D/G*",SAISIE!$F$5:$F$204,$G$67),SAISIE!$E$5:$E$204,0)),"-")) | C72: =IF(OR($G$67="",NOT(_xlfn.MAXIFS(SAISIE!$E$5:$E$204,SAISIE!$B$5:$B$204,"*Vent D/G*",SAISIE!$F$5:$F$204,$G$67)>0)),"",IFERROR(INDEX(SAISIE!$D$5:$D$204,MATCH(_xlfn.MAXIFS(SAISIE!$E$5:$E$204,SAISIE!$B$5:$B$204,"*Vent D/G*",SAISIE!$F$5:$F$204,$G$67),SAISIE!$E$5:$E$204,0)),"-")) | D72: =IF(OR($G$67="",NOT(_xlfn.MAXIFS(SAISIE!$E$5:$E$204,SAISIE!$B$5:$B$204,"*Vent D/G*",SAISIE!$F$5:$F$204,$G$67)>0)),"",IFERROR(_xlfn.MAXIFS(SAISIE!$E$5:$E$204,SAISIE!$B$5:$B$204,"*Vent D/G*",SAISIE!$F$5:$F$204,$G$67),"-")) | E72: =IF($G$67="","",IF(OR(D72="",D72="-"),"",IF(D72>0,"(soulevement)",IF(D72<0,"(compression)","-"))))
A73: =IF(OR($G$67="",NOT(COUNTIFS(SAISIE!$B$5:$B$204,"*Vent Av./Arr.*",SAISIE!$F$5:$F$204,$G$67)>0)),"","Vent Av./Arr.") | B73: =IF(OR($G$67="",NOT(COUNTIFS(SAISIE!$B$5:$B$204,"*Vent Av./Arr.*",SAISIE!$F$5:$F$204,$G$67)>0)),"",IFERROR(IF(_xlfn.MINIFS(SAISIE!$E$5:$E$204,SAISIE!$B$5:$B$204,"*Vent Av./Arr.*",SAISIE!$F$5:$F$204,$G$67)>=0,_xlfn.MAXIFS(SAISIE!$C$5:$C$204,SAISIE!$B$5:$B$204,"*Vent Av./Arr.*",SAISIE!$F$5:$F$204,$G$67),INDEX(SAISIE!$C$5:$C$204,MATCH(_xlfn.MINIFS(SAISIE!$E$5:$E$204,SAISIE!$B$5:$B$204,"*Vent Av./Arr.*",SAISIE!$F$5:$F$204,$G$67),SAISIE!$E$5:$E$204,0))),"-")) | C73: =IF(OR($G$67="",NOT(COUNTIFS(SAISIE!$B$5:$B$204,"*Vent Av./Arr.*",SAISIE!$F$5:$F$204,$G$67)>0)),"",IFERROR(IF(_xlfn.MINIFS(SAISIE!$E$5:$E$204,SAISIE!$B$5:$B$204,"*Vent Av./Arr.*",SAISIE!$F$5:$F$204,$G$67)>=0,INDEX(SAISIE!$D$5:$D$204,MATCH(_xlfn.MAXIFS(SAISIE!$C$5:$C$204,SAISIE!$B$5:$B$204,"*Vent Av./Arr.*",SAISIE!$F$5:$F$204,$G$67),SAISIE!$C$5:$C$204,0)),INDEX(SAISIE!$D$5:$D$204,MATCH(_xlfn.MINIFS(SAISIE!$E$5:$E$204,SAISIE!$B$5:$B$204,"*Vent Av./Arr.*",SAISIE!$F$5:$F$204,$G$67),SAISIE!$E$5:$E$204,0))),"-")) | D73: =IF(OR($G$67="",NOT(COUNTIFS(SAISIE!$B$5:$B$204,"*Vent Av./Arr.*",SAISIE!$F$5:$F$204,$G$67)>0)),"",IFERROR(IF(_xlfn.MINIFS(SAISIE!$E$5:$E$204,SAISIE!$B$5:$B$204,"*Vent Av./Arr.*",SAISIE!$F$5:$F$204,$G$67)>=0,0,_xlfn.MINIFS(SAISIE!$E$5:$E$204,SAISIE!$B$5:$B$204,"*Vent Av./Arr.*",SAISIE!$F$5:$F$204,$G$67)),"-")) | E73: =IF($G$67="","",IF(OR(D73="",D73="-"),"",IF(D73>0,"(soulevement)",IF(D73<0,"(compression)","-"))))
A74: =IF(OR($G$67="",NOT(_xlfn.MAXIFS(SAISIE!$E$5:$E$204,SAISIE!$B$5:$B$204,"*Vent Av./Arr.*",SAISIE!$F$5:$F$204,$G$67)>0)),"","Vent Av./Arr.") | B74: =IF(OR($G$67="",NOT(_xlfn.MAXIFS(SAISIE!$E$5:$E$204,SAISIE!$B$5:$B$204,"*Vent Av./Arr.*",SAISIE!$F$5:$F$204,$G$67)>0)),"",IFERROR(INDEX(SAISIE!$C$5:$C$204,MATCH(_xlfn.MAXIFS(SAISIE!$E$5:$E$204,SAISIE!$B$5:$B$204,"*Vent Av./Arr.*",SAISIE!$F$5:$F$204,$G$67),SAISIE!$E$5:$E$204,0)),"-")) | C74: =IF(OR($G$67="",NOT(_xlfn.MAXIFS(SAISIE!$E$5:$E$204,SAISIE!$B$5:$B$204,"*Vent Av./Arr.*",SAISIE!$F$5:$F$204,$G$67)>0)),"",IFERROR(INDEX(SAISIE!$D$5:$D$204,MATCH(_xlfn.MAXIFS(SAISIE!$E$5:$E$204,SAISIE!$B$5:$B$204,"*Vent Av./Arr.*",SAISIE!$F$5:$F$204,$G$67),SAISIE!$E$5:$E$204,0)),"-")) | D74: =IF(OR($G$67="",NOT(_xlfn.MAXIFS(SAISIE!$E$5:$E$204,SAISIE!$B$5:$B$204,"*Vent Av./Arr.*",SAISIE!$F$5:$F$204,$G$67)>0)),"",IFERROR(_xlfn.MAXIFS(SAISIE!$E$5:$E$204,SAISIE!$B$5:$B$204,"*Vent Av./Arr.*",SAISIE!$F$5:$F$204,$G$67),"-")) | E74: =IF($G$67="","",IF(OR(D74="",D74="-"),"",IF(D74>0,"(soulevement)",IF(D74<0,"(compression)","-"))))
A75: =IF(OR($G$67="",NOT(COUNTIFS(SAISIE!$B$5:$B$204,"*Vent Arr./Av.*",SAISIE!$F$5:$F$204,$G$67)>0)),"","Vent Arr./Av.") | B75: =IF(OR($G$67="",NOT(COUNTIFS(SAISIE!$B$5:$B$204,"*Vent Arr./Av.*",SAISIE!$F$5:$F$204,$G$67)>0)),"",IFERROR(IF(_xlfn.MINIFS(SAISIE!$E$5:$E$204,SAISIE!$B$5:$B$204,"*Vent Arr./Av.*",SAISIE!$F$5:$F$204,$G$67)>=0,_xlfn.MAXIFS(SAISIE!$C$5:$C$204,SAISIE!$B$5:$B$204,"*Vent Arr./Av.*",SAISIE!$F$5:$F$204,$G$67),INDEX(SAISIE!$C$5:$C$204,MATCH(_xlfn.MINIFS(SAISIE!$E$5:$E$204,SAISIE!$B$5:$B$204,"*Vent Arr./Av.*",SAISIE!$F$5:$F$204,$G$67),SAISIE!$E$5:$E$204,0))),"-")) | C75: =IF(OR($G$67="",NOT(COUNTIFS(SAISIE!$B$5:$B$204,"*Vent Arr./Av.*",SAISIE!$F$5:$F$204,$G$67)>0)),"",IFERROR(IF(_xlfn.MINIFS(SAISIE!$E$5:$E$204,SAISIE!$B$5:$B$204,"*Vent Arr./Av.*",SAISIE!$F$5:$F$204,$G$67)>=0,INDEX(SAISIE!$D$5:$D$204,MATCH(_xlfn.MAXIFS(SAISIE!$C$5:$C$204,SAISIE!$B$5:$B$204,"*Vent Arr./Av.*",SAISIE!$F$5:$F$204,$G$67),SAISIE!$C$5:$C$204,0)),INDEX(SAISIE!$D$5:$D$204,MATCH(_xlfn.MINIFS(SAISIE!$E$5:$E$204,SAISIE!$B$5:$B$204,"*Vent Arr./Av.*",SAISIE!$F$5:$F$204,$G$67),SAISIE!$E$5:$E$204,0))),"-")) | D75: =IF(OR($G$67="",NOT(COUNTIFS(SAISIE!$B$5:$B$204,"*Vent Arr./Av.*",SAISIE!$F$5:$F$204,$G$67)>0)),"",IFERROR(IF(_xlfn.MINIFS(SAISIE!$E$5:$E$204,SAISIE!$B$5:$B$204,"*Vent Arr./Av.*",SAISIE!$F$5:$F$204,$G$67)>=0,0,_xlfn.MINIFS(SAISIE!$E$5:$E$204,SAISIE!$B$5:$B$204,"*Vent Arr./Av.*",SAISIE!$F$5:$F$204,$G$67)),"-")) | E75: =IF($G$67="","",IF(OR(D75="",D75="-"),"",IF(D75>0,"(soulevement)",IF(D75<0,"(compression)","-"))))
A76: =IF(OR($G$67="",NOT(_xlfn.MAXIFS(SAISIE!$E$5:$E$204,SAISIE!$B$5:$B$204,"*Vent Arr./Av.*",SAISIE!$F$5:$F$204,$G$67)>0)),"","Vent Arr./Av.") | B76: =IF(OR($G$67="",NOT(_xlfn.MAXIFS(SAISIE!$E$5:$E$204,SAISIE!$B$5:$B$204,"*Vent Arr./Av.*",SAISIE!$F$5:$F$204,$G$67)>0)),"",IFERROR(INDEX(SAISIE!$C$5:$C$204,MATCH(_xlfn.MAXIFS(SAISIE!$E$5:$E$204,SAISIE!$B$5:$B$204,"*Vent Arr./Av.*",SAISIE!$F$5:$F$204,$G$67),SAISIE!$E$5:$E$204,0)),"-")) | C76: =IF(OR($G$67="",NOT(_xlfn.MAXIFS(SAISIE!$E$5:$E$204,SAISIE!$B$5:$B$204,"*Vent Arr./Av.*",SAISIE!$F$5:$F$204,$G$67)>0)),"",IFERROR(INDEX(SAISIE!$D$5:$D$204,MATCH(_xlfn.MAXIFS(SAISIE!$E$5:$E$204,SAISIE!$B$5:$B$204,"*Vent Arr./Av.*",SAISIE!$F$5:$F$204,$G$67),SAISIE!$E$5:$E$204,0)),"-")) | D76: =IF(OR($G$67="",NOT(_xlfn.MAXIFS(SAISIE!$E$5:$E$204,SAISIE!$B$5:$B$204,"*Vent Arr./Av.*",SAISIE!$F$5:$F$204,$G$67)>0)),"",IFERROR(_xlfn.MAXIFS(SAISIE!$E$5:$E$204,SAISIE!$B$5:$B$204,"*Vent Arr./Av.*",SAISIE!$F$5:$F$204,$G$67),"-")) | E76: =IF($G$67="","",IF(OR(D76="",D76="-"),"",IF(D76>0,"(soulevement)",IF(D76<0,"(compression)","-"))))
A77: =IF(OR($G$67="",NOT(TRUE)),"","Neige normale") | B77: =IF($G$67="","",IFERROR(INDEX(SAISIE!$C$5:$C$204,MATCH(_xlfn.MINIFS(SAISIE!$E$5:$E$204,SAISIE!$B$5:$B$204,"*Neige*",SAISIE!$B$5:$B$204,"<>*accidentel*",SAISIE!$F$5:$F$204,$G$67),SAISIE!$E$5:$E$204,0)),"-")) | C77: =IF($G$67="","",IFERROR(INDEX(SAISIE!$D$5:$D$204,MATCH(_xlfn.MINIFS(SAISIE!$E$5:$E$204,SAISIE!$B$5:$B$204,"*Neige*",SAISIE!$B$5:$B$204,"<>*accidentel*",SAISIE!$F$5:$F$204,$G$67),SAISIE!$E$5:$E$204,0)),"-")) | D77: =IF($G$67="","",IFERROR(INDEX(SAISIE!$E$5:$E$204,MATCH(_xlfn.MINIFS(SAISIE!$E$5:$E$204,SAISIE!$B$5:$B$204,"*Neige*",SAISIE!$B$5:$B$204,"<>*accidentel*",SAISIE!$F$5:$F$204,$G$67),SAISIE!$E$5:$E$204,0)),"-")) | E77: =IF($G$67="","",IF(OR(D77="",D77="-"),"",IF(D77>0,"(soulevement)",IF(D77<0,"(compression)","-"))))
A78: =IF(OR($G$67="",NOT(TRUE)),"","Neige accidentelle") | B78: =IF($G$67="","",IFERROR(LOOKUP(2,1/((SAISIE!$F$5:$F$204=$G$67)*(ISNUMBER(SEARCH("accidentel",SAISIE!$B$5:$B$204)))),SAISIE!$C$5:$C$204),"-")) | C78: =IF($G$67="","",IFERROR(LOOKUP(2,1/((SAISIE!$F$5:$F$204=$G$67)*(ISNUMBER(SEARCH("accidentel",SAISIE!$B$5:$B$204)))),SAISIE!$D$5:$D$204),"-")) | D78: =IF($G$67="","",IFERROR(LOOKUP(2,1/((SAISIE!$F$5:$F$204=$G$67)*(ISNUMBER(SEARCH("accidentel",SAISIE!$B$5:$B$204)))),SAISIE!$E$5:$E$204),"-")) | E78: =IF($G$67="","",IF(OR(D78="",D78="-"),"",IF(D78>0,"(soulevement)",IF(D78<0,"(compression)","-"))))
A79: =IF($G$79="","","Noeud "&$G$79) | G79: =IFERROR(INDEX(SAISIE!$F$5:$F$204,_xlfn.AGGREGATE(15,6,ROW(SAISIE!$F$5:$F$204)-ROW(SAISIE!$F$5)+1/(SAISIE!$F$5:$F$204<>"")/(COUNTIF($G$4:G78,SAISIE!$F$5:$F$204)=0),1)),"")
A80: =IF(OR($G$79="",NOT(TRUE)),"","Couverture") | B80: =IF($G$79="","",IFERROR(IFERROR(LOOKUP(2,1/((SAISIE!$F$5:$F$204=$G$79)*(LEFT(SAISIE!$B$5:$B$204,2)="G ")),SAISIE!$C$5:$C$204),LOOKUP(2,1/((SAISIE!$F$5:$F$204=$G$79)*(ISNUMBER(SEARCH("Couverture",SAISIE!$B$5:$B$204)))),SAISIE!$C$5:$C$204)),"-")) | C80: =IF($G$79="","",IFERROR(IFERROR(LOOKUP(2,1/((SAISIE!$F$5:$F$204=$G$79)*(LEFT(SAISIE!$B$5:$B$204,2)="G ")),SAISIE!$D$5:$D$204),LOOKUP(2,1/((SAISIE!$F$5:$F$204=$G$79)*(ISNUMBER(SEARCH("Couverture",SAISIE!$B$5:$B$204)))),SAISIE!$D$5:$D$204)),"-")) | D80: =IF($G$79="","",IFERROR(IFERROR(LOOKUP(2,1/((SAISIE!$F$5:$F$204=$G$79)*(LEFT(SAISIE!$B$5:$B$204,2)="G ")),SAISIE!$E$5:$E$204),LOOKUP(2,1/((SAISIE!$F$5:$F$204=$G$79)*(ISNUMBER(SEARCH("Couverture",SAISIE!$B$5:$B$204)))),SAISIE!$E$5:$E$204)),"-")) | E80: =IF($G$79="","",IF(OR(D80="",D80="-"),"",IF(D80>0,"(soulevement)",IF(D80<0,"(compression)","-"))))
A81: =IF(OR($G$79="",NOT(COUNTIFS(SAISIE!$B$5:$B$204,"*Vent G/D*",SAISIE!$F$5:$F$204,$G$79)>0)),"","Vent G/D") | B81: =IF(OR($G$79="",NOT(COUNTIFS(SAISIE!$B$5:$B$204,"*Vent G/D*",SAISIE!$F$5:$F$204,$G$79)>0)),"",IFERROR(IF(_xlfn.MINIFS(SAISIE!$E$5:$E$204,SAISIE!$B$5:$B$204,"*Vent G/D*",SAISIE!$F$5:$F$204,$G$79)>=0,_xlfn.MAXIFS(SAISIE!$C$5:$C$204,SAISIE!$B$5:$B$204,"*Vent G/D*",SAISIE!$F$5:$F$204,$G$79),INDEX(SAISIE!$C$5:$C$204,MATCH(_xlfn.MINIFS(SAISIE!$E$5:$E$204,SAISIE!$B$5:$B$204,"*Vent G/D*",SAISIE!$F$5:$F$204,$G$79),SAISIE!$E$5:$E$204,0))),"-")) | C81: =IF(OR($G$79="",NOT(COUNTIFS(SAISIE!$B$5:$B$204,"*Vent G/D*",SAISIE!$F$5:$F$204,$G$79)>0)),"",IFERROR(IF(_xlfn.MINIFS(SAISIE!$E$5:$E$204,SAISIE!$B$5:$B$204,"*Vent G/D*",SAISIE!$F$5:$F$204,$G$79)>=0,INDEX(SAISIE!$D$5:$D$204,MATCH(_xlfn.MAXIFS(SAISIE!$C$5:$C$204,SAISIE!$B$5:$B$204,"*Vent G/D*",SAISIE!$F$5:$F$204,$G$79),SAISIE!$C$5:$C$204,0)),INDEX(SAISIE!$D$5:$D$204,MATCH(_xlfn.MINIFS(SAISIE!$E$5:$E$204,SAISIE!$B$5:$B$204,"*Vent G/D*",SAISIE!$F$5:$F$204,$G$79),SAISIE!$E$5:$E$204,0))),"-")) | D81: =IF(OR($G$79="",NOT(COUNTIFS(SAISIE!$B$5:$B$204,"*Vent G/D*",SAISIE!$F$5:$F$204,$G$79)>0)),"",IFERROR(IF(_xlfn.MINIFS(SAISIE!$E$5:$E$204,SAISIE!$B$5:$B$204,"*Vent G/D*",SAISIE!$F$5:$F$204,$G$79)>=0,0,_xlfn.MINIFS(SAISIE!$E$5:$E$204,SAISIE!$B$5:$B$204,"*Vent G/D*",SAISIE!$F$5:$F$204,$G$79)),"-")) | E81: =IF($G$79="","",IF(OR(D81="",D81="-"),"",IF(D81>0,"(soulevement)",IF(D81<0,"(compression)","-"))))
A82: =IF(OR($G$79="",NOT(_xlfn.MAXIFS(SAISIE!$E$5:$E$204,SAISIE!$B$5:$B$204,"*Vent G/D*",SAISIE!$F$5:$F$204,$G$79)>0)),"","Vent G/D") | B82: =IF(OR($G$79="",NOT(_xlfn.MAXIFS(SAISIE!$E$5:$E$204,SAISIE!$B$5:$B$204,"*Vent G/D*",SAISIE!$F$5:$F$204,$G$79)>0)),"",IFERROR(INDEX(SAISIE!$C$5:$C$204,MATCH(_xlfn.MAXIFS(SAISIE!$E$5:$E$204,SAISIE!$B$5:$B$204,"*Vent G/D*",SAISIE!$F$5:$F$204,$G$79),SAISIE!$E$5:$E$204,0)),"-")) | C82: =IF(OR($G$79="",NOT(_xlfn.MAXIFS(SAISIE!$E$5:$E$204,SAISIE!$B$5:$B$204,"*Vent G/D*",SAISIE!$F$5:$F$204,$G$79)>0)),"",IFERROR(INDEX(SAISIE!$D$5:$D$204,MATCH(_xlfn.MAXIFS(SAISIE!$E$5:$E$204,SAISIE!$B$5:$B$204,"*Vent G/D*",SAISIE!$F$5:$F$204,$G$79),SAISIE!$E$5:$E$204,0)),"-")) | D82: =IF(OR($G$79="",NOT(_xlfn.MAXIFS(SAISIE!$E$5:$E$204,SAISIE!$B$5:$B$204,"*Vent G/D*",SAISIE!$F$5:$F$204,$G$79)>0)),"",IFERROR(_xlfn.MAXIFS(SAISIE!$E$5:$E$204,SAISIE!$B$5:$B$204,"*Vent G/D*",SAISIE!$F$5:$F$204,$G$79),"-")) | E82: =IF($G$79="","",IF(OR(D82="",D82="-"),"",IF(D82>0,"(soulevement)",IF(D82<0,"(compression)","-"))))
A83: =IF(OR($G$79="",NOT(COUNTIFS(SAISIE!$B$5:$B$204,"*Vent D/G*",SAISIE!$F$5:$F$204,$G$79)>0)),"","Vent D/G") | B83: =IF(OR($G$79="",NOT(COUNTIFS(SAISIE!$B$5:$B$204,"*Vent D/G*",SAISIE!$F$5:$F$204,$G$79)>0)),"",IFERROR(IF(_xlfn.MINIFS(SAISIE!$E$5:$E$204,SAISIE!$B$5:$B$204,"*Vent D/G*",SAISIE!$F$5:$F$204,$G$79)>=0,_xlfn.MAXIFS(SAISIE!$C$5:$C$204,SAISIE!$B$5:$B$204,"*Vent D/G*",SAISIE!$F$5:$F$204,$G$79),INDEX(SAISIE!$C$5:$C$204,MATCH(_xlfn.MINIFS(SAISIE!$E$5:$E$204,SAISIE!$B$5:$B$204,"*Vent D/G*",SAISIE!$F$5:$F$204,$G$79),SAISIE!$E$5:$E$204,0))),"-")) | C83: =IF(OR($G$79="",NOT(COUNTIFS(SAISIE!$B$5:$B$204,"*Vent D/G*",SAISIE!$F$5:$F$204,$G$79)>0)),"",IFERROR(IF(_xlfn.MINIFS(SAISIE!$E$5:$E$204,SAISIE!$B$5:$B$204,"*Vent D/G*",SAISIE!$F$5:$F$204,$G$79)>=0,INDEX(SAISIE!$D$5:$D$204,MATCH(_xlfn.MAXIFS(SAISIE!$C$5:$C$204,SAISIE!$B$5:$B$204,"*Vent D/G*",SAISIE!$F$5:$F$204,$G$79),SAISIE!$C$5:$C$204,0)),INDEX(SAISIE!$D$5:$D$204,MATCH(_xlfn.MINIFS(SAISIE!$E$5:$E$204,SAISIE!$B$5:$B$204,"*Vent D/G*",SAISIE!$F$5:$F$204,$G$79),SAISIE!$E$5:$E$204,0))),"-")) | D83: =IF(OR($G$79="",NOT(COUNTIFS(SAISIE!$B$5:$B$204,"*Vent D/G*",SAISIE!$F$5:$F$204,$G$79)>0)),"",IFERROR(IF(_xlfn.MINIFS(SAISIE!$E$5:$E$204,SAISIE!$B$5:$B$204,"*Vent D/G*",SAISIE!$F$5:$F$204,$G$79)>=0,0,_xlfn.MINIFS(SAISIE!$E$5:$E$204,SAISIE!$B$5:$B$204,"*Vent D/G*",SAISIE!$F$5:$F$204,$G$79)),"-")) | E83: =IF($G$79="","",IF(OR(D83="",D83="-"),"",IF(D83>0,"(soulevement)",IF(D83<0,"(compression)","-"))))
A84: =IF(OR($G$79="",NOT(_xlfn.MAXIFS(SAISIE!$E$5:$E$204,SAISIE!$B$5:$B$204,"*Vent D/G*",SAISIE!$F$5:$F$204,$G$79)>0)),"","Vent D/G") | B84: =IF(OR($G$79="",NOT(_xlfn.MAXIFS(SAISIE!$E$5:$E$204,SAISIE!$B$5:$B$204,"*Vent D/G*",SAISIE!$F$5:$F$204,$G$79)>0)),"",IFERROR(INDEX(SAISIE!$C$5:$C$204,MATCH(_xlfn.MAXIFS(SAISIE!$E$5:$E$204,SAISIE!$B$5:$B$204,"*Vent D/G*",SAISIE!$F$5:$F$204,$G$79),SAISIE!$E$5:$E$204,0)),"-")) | C84: =IF(OR($G$79="",NOT(_xlfn.MAXIFS(SAISIE!$E$5:$E$204,SAISIE!$B$5:$B$204,"*Vent D/G*",SAISIE!$F$5:$F$204,$G$79)>0)),"",IFERROR(INDEX(SAISIE!$D$5:$D$204,MATCH(_xlfn.MAXIFS(SAISIE!$E$5:$E$204,SAISIE!$B$5:$B$204,"*Vent D/G*",SAISIE!$F$5:$F$204,$G$79),SAISIE!$E$5:$E$204,0)),"-")) | D84: =IF(OR($G$79="",NOT(_xlfn.MAXIFS(SAISIE!$E$5:$E$204,SAISIE!$B$5:$B$204,"*Vent D/G*",SAISIE!$F$5:$F$204,$G$79)>0)),"",IFERROR(_xlfn.MAXIFS(SAISIE!$E$5:$E$204,SAISIE!$B$5:$B$204,"*Vent D/G*",SAISIE!$F$5:$F$204,$G$79),"-")) | E84: =IF($G$79="","",IF(OR(D84="",D84="-"),"",IF(D84>0,"(soulevement)",IF(D84<0,"(compression)","-"))))
A85: =IF(OR($G$79="",NOT(COUNTIFS(SAISIE!$B$5:$B$204,"*Vent Av./Arr.*",SAISIE!$F$5:$F$204,$G$79)>0)),"","Vent Av./Arr.") | B85: =IF(OR($G$79="",NOT(COUNTIFS(SAISIE!$B$5:$B$204,"*Vent Av./Arr.*",SAISIE!$F$5:$F$204,$G$79)>0)),"",IFERROR(IF(_xlfn.MINIFS(SAISIE!$E$5:$E$204,SAISIE!$B$5:$B$204,"*Vent Av./Arr.*",SAISIE!$F$5:$F$204,$G$79)>=0,_xlfn.MAXIFS(SAISIE!$C$5:$C$204,SAISIE!$B$5:$B$204,"*Vent Av./Arr.*",SAISIE!$F$5:$F$204,$G$79),INDEX(SAISIE!$C$5:$C$204,MATCH(_xlfn.MINIFS(SAISIE!$E$5:$E$204,SAISIE!$B$5:$B$204,"*Vent Av./Arr.*",SAISIE!$F$5:$F$204,$G$79),SAISIE!$E$5:$E$204,0))),"-")) | C85: =IF(OR($G$79="",NOT(COUNTIFS(SAISIE!$B$5:$B$204,"*Vent Av./Arr.*",SAISIE!$F$5:$F$204,$G$79)>0)),"",IFERROR(IF(_xlfn.MINIFS(SAISIE!$E$5:$E$204,SAISIE!$B$5:$B$204,"*Vent Av./Arr.*",SAISIE!$F$5:$F$204,$G$79)>=0,INDEX(SAISIE!$D$5:$D$204,MATCH(_xlfn.MAXIFS(SAISIE!$C$5:$C$204,SAISIE!$B$5:$B$204,"*Vent Av./Arr.*",SAISIE!$F$5:$F$204,$G$79),SAISIE!$C$5:$C$204,0)),INDEX(SAISIE!$D$5:$D$204,MATCH(_xlfn.MINIFS(SAISIE!$E$5:$E$204,SAISIE!$B$5:$B$204,"*Vent Av./Arr.*",SAISIE!$F$5:$F$204,$G$79),SAISIE!$E$5:$E$204,0))),"-")) | D85: =IF(OR($G$79="",NOT(COUNTIFS(SAISIE!$B$5:$B$204,"*Vent Av./Arr.*",SAISIE!$F$5:$F$204,$G$79)>0)),"",IFERROR(IF(_xlfn.MINIFS(SAISIE!$E$5:$E$204,SAISIE!$B$5:$B$204,"*Vent Av./Arr.*",SAISIE!$F$5:$F$204,$G$79)>=0,0,_xlfn.MINIFS(SAISIE!$E$5:$E$204,SAISIE!$B$5:$B$204,"*Vent Av./Arr.*",SAISIE!$F$5:$F$204,$G$79)),"-")) | E85: =IF($G$79="","",IF(OR(D85="",D85="-"),"",IF(D85>0,"(soulevement)",IF(D85<0,"(compression)","-"))))
A86: =IF(OR($G$79="",NOT(_xlfn.MAXIFS(SAISIE!$E$5:$E$204,SAISIE!$B$5:$B$204,"*Vent Av./Arr.*",SAISIE!$F$5:$F$204,$G$79)>0)),"","Vent Av./Arr.") | B86: =IF(OR($G$79="",NOT(_xlfn.MAXIFS(SAISIE!$E$5:$E$204,SAISIE!$B$5:$B$204,"*Vent Av./Arr.*",SAISIE!$F$5:$F$204,$G$79)>0)),"",IFERROR(INDEX(SAISIE!$C$5:$C$204,MATCH(_xlfn.MAXIFS(SAISIE!$E$5:$E$204,SAISIE!$B$5:$B$204,"*Vent Av./Arr.*",SAISIE!$F$5:$F$204,$G$79),SAISIE!$E$5:$E$204,0)),"-")) | C86: =IF(OR($G$79="",NOT(_xlfn.MAXIFS(SAISIE!$E$5:$E$204,SAISIE!$B$5:$B$204,"*Vent Av./Arr.*",SAISIE!$F$5:$F$204,$G$79)>0)),"",IFERROR(INDEX(SAISIE!$D$5:$D$204,MATCH(_xlfn.MAXIFS(SAISIE!$E$5:$E$204,SAISIE!$B$5:$B$204,"*Vent Av./Arr.*",SAISIE!$F$5:$F$204,$G$79),SAISIE!$E$5:$E$204,0)),"-")) | D86: =IF(OR($G$79="",NOT(_xlfn.MAXIFS(SAISIE!$E$5:$E$204,SAISIE!$B$5:$B$204,"*Vent Av./Arr.*",SAISIE!$F$5:$F$204,$G$79)>0)),"",IFERROR(_xlfn.MAXIFS(SAISIE!$E$5:$E$204,SAISIE!$B$5:$B$204,"*Vent Av./Arr.*",SAISIE!$F$5:$F$204,$G$79),"-")) | E86: =IF($G$79="","",IF(OR(D86="",D86="-"),"",IF(D86>0,"(soulevement)",IF(D86<0,"(compression)","-"))))
A87: =IF(OR($G$79="",NOT(COUNTIFS(SAISIE!$B$5:$B$204,"*Vent Arr./Av.*",SAISIE!$F$5:$F$204,$G$79)>0)),"","Vent Arr./Av.") | B87: =IF(OR($G$79="",NOT(COUNTIFS(SAISIE!$B$5:$B$204,"*Vent Arr./Av.*",SAISIE!$F$5:$F$204,$G$79)>0)),"",IFERROR(IF(_xlfn.MINIFS(SAISIE!$E$5:$E$204,SAISIE!$B$5:$B$204,"*Vent Arr./Av.*",SAISIE!$F$5:$F$204,$G$79)>=0,_xlfn.MAXIFS(SAISIE!$C$5:$C$204,SAISIE!$B$5:$B$204,"*Vent Arr./Av.*",SAISIE!$F$5:$F$204,$G$79),INDEX(SAISIE!$C$5:$C$204,MATCH(_xlfn.MINIFS(SAISIE!$E$5:$E$204,SAISIE!$B$5:$B$204,"*Vent Arr./Av.*",SAISIE!$F$5:$F$204,$G$79),SAISIE!$E$5:$E$204,0))),"-")) | C87: =IF(OR($G$79="",NOT(COUNTIFS(SAISIE!$B$5:$B$204,"*Vent Arr./Av.*",SAISIE!$F$5:$F$204,$G$79)>0)),"",IFERROR(IF(_xlfn.MINIFS(SAISIE!$E$5:$E$204,SAISIE!$B$5:$B$204,"*Vent Arr./Av.*",SAISIE!$F$5:$F$204,$G$79)>=0,INDEX(SAISIE!$D$5:$D$204,MATCH(_xlfn.MAXIFS(SAISIE!$C$5:$C$204,SAISIE!$B$5:$B$204,"*Vent Arr./Av.*",SAISIE!$F$5:$F$204,$G$79),SAISIE!$C$5:$C$204,0)),INDEX(SAISIE!$D$5:$D$204,MATCH(_xlfn.MINIFS(SAISIE!$E$5:$E$204,SAISIE!$B$5:$B$204,"*Vent Arr./Av.*",SAISIE!$F$5:$F$204,$G$79),SAISIE!$E$5:$E$204,0))),"-")) | D87: =IF(OR($G$79="",NOT(COUNTIFS(SAISIE!$B$5:$B$204,"*Vent Arr./Av.*",SAISIE!$F$5:$F$204,$G$79)>0)),"",IFERROR(IF(_xlfn.MINIFS(SAISIE!$E$5:$E$204,SAISIE!$B$5:$B$204,"*Vent Arr./Av.*",SAISIE!$F$5:$F$204,$G$79)>=0,0,_xlfn.MINIFS(SAISIE!$E$5:$E$204,SAISIE!$B$5:$B$204,"*Vent Arr./Av.*",SAISIE!$F$5:$F$204,$G$79)),"-")) | E87: =IF($G$79="","",IF(OR(D87="",D87="-"),"",IF(D87>0,"(soulevement)",IF(D87<0,"(compression)","-"))))
A88: =IF(OR($G$79="",NOT(_xlfn.MAXIFS(SAISIE!$E$5:$E$204,SAISIE!$B$5:$B$204,"*Vent Arr./Av.*",SAISIE!$F$5:$F$204,$G$79)>0)),"","Vent Arr./Av.") | B88: =IF(OR($G$79="",NOT(_xlfn.MAXIFS(SAISIE!$E$5:$E$204,SAISIE!$B$5:$B$204,"*Vent Arr./Av.*",SAISIE!$F$5:$F$204,$G$79)>0)),"",IFERROR(INDEX(SAISIE!$C$5:$C$204,MATCH(_xlfn.MAXIFS(SAISIE!$E$5:$E$204,SAISIE!$B$5:$B$204,"*Vent Arr./Av.*",SAISIE!$F$5:$F$204,$G$79),SAISIE!$E$5:$E$204,0)),"-")) | C88: =IF(OR($G$79="",NOT(_xlfn.MAXIFS(SAISIE!$E$5:$E$204,SAISIE!$B$5:$B$204,"*Vent Arr./Av.*",SAISIE!$F$5:$F$204,$G$79)>0)),"",IFERROR(INDEX(SAISIE!$D$5:$D$204,MATCH(_xlfn.MAXIFS(SAISIE!$E$5:$E$204,SAISIE!$B$5:$B$204,"*Vent Arr./Av.*",SAISIE!$F$5:$F$204,$G$79),SAISIE!$E$5:$E$204,0)),"-")) | D88: =IF(OR($G$79="",NOT(_xlfn.MAXIFS(SAISIE!$E$5:$E$204,SAISIE!$B$5:$B$204,"*Vent Arr./Av.*",SAISIE!$F$5:$F$204,$G$79)>0)),"",IFERROR(_xlfn.MAXIFS(SAISIE!$E$5:$E$204,SAISIE!$B$5:$B$204,"*Vent Arr./Av.*",SAISIE!$F$5:$F$204,$G$79),"-")) | E88: =IF($G$79="","",IF(OR(D88="",D88="-"),"",IF(D88>0,"(soulevement)",IF(D88<0,"(compression)","-"))))
A89: =IF(OR($G$79="",NOT(TRUE)),"","Neige normale") | B89: =IF($G$79="","",IFERROR(INDEX(SAISIE!$C$5:$C$204,MATCH(_xlfn.MINIFS(SAISIE!$E$5:$E$204,SAISIE!$B$5:$B$204,"*Neige*",SAISIE!$B$5:$B$204,"<>*accidentel*",SAISIE!$F$5:$F$204,$G$79),SAISIE!$E$5:$E$204,0)),"-")) | C89: =IF($G$79="","",IFERROR(INDEX(SAISIE!$D$5:$D$204,MATCH(_xlfn.MINIFS(SAISIE!$E$5:$E$204,SAISIE!$B$5:$B$204,"*Neige*",SAISIE!$B$5:$B$204,"<>*accidentel*",SAISIE!$F$5:$F$204,$G$79),SAISIE!$E$5:$E$204,0)),"-")) | D89: =IF($G$79="","",IFERROR(INDEX(SAISIE!$E$5:$E$204,MATCH(_xlfn.MINIFS(SAISIE!$E$5:$E$204,SAISIE!$B$5:$B$204,"*Neige*",SAISIE!$B$5:$B$204,"<>*accidentel*",SAISIE!$F$5:$F$204,$G$79),SAISIE!$E$5:$E$204,0)),"-")) | E89: =IF($G$79="","",IF(OR(D89="",D89="-"),"",IF(D89>0,"(soulevement)",IF(D89<0,"(compression)","-"))))
A90: =IF(OR($G$79="",NOT(TRUE)),"","Neige accidentelle") | B90: =IF($G$79="","",IFERROR(LOOKUP(2,1/((SAISIE!$F$5:$F$204=$G$79)*(ISNUMBER(SEARCH("accidentel",SAISIE!$B$5:$B$204)))),SAISIE!$C$5:$C$204),"-")) | C90: =IF($G$79="","",IFERROR(LOOKUP(2,1/((SAISIE!$F$5:$F$204=$G$79)*(ISNUMBER(SEARCH("accidentel",SAISIE!$B$5:$B$204)))),SAISIE!$D$5:$D$204),"-")) | D90: =IF($G$79="","",IFERROR(LOOKUP(2,1/((SAISIE!$F$5:$F$204=$G$79)*(ISNUMBER(SEARCH("accidentel",SAISIE!$B$5:$B$204)))),SAISIE!$E$5:$E$204),"-")) | E90: =IF($G$79="","",IF(OR(D90="",D90="-"),"",IF(D90>0,"(soulevement)",IF(D90<0,"(compression)","-"))))
A91: =IF($G$91="","","Noeud "&$G$91) | G91: =IFERROR(INDEX(SAISIE!$F$5:$F$204,_xlfn.AGGREGATE(15,6,ROW(SAISIE!$F$5:$F$204)-ROW(SAISIE!$F$5)+1/(SAISIE!$F$5:$F$204<>"")/(COUNTIF($G$4:G90,SAISIE!$F$5:$F$204)=0),1)),"")
A92: =IF(OR($G$91="",NOT(TRUE)),"","Couverture") | B92: =IF($G$91="","",IFERROR(IFERROR(LOOKUP(2,1/((SAISIE!$F$5:$F$204=$G$91)*(LEFT(SAISIE!$B$5:$B$204,2)="G ")),SAISIE!$C$5:$C$204),LOOKUP(2,1/((SAISIE!$F$5:$F$204=$G$91)*(ISNUMBER(SEARCH("Couverture",SAISIE!$B$5:$B$204)))),SAISIE!$C$5:$C$204)),"-")) | C92: =IF($G$91="","",IFERROR(IFERROR(LOOKUP(2,1/((SAISIE!$F$5:$F$204=$G$91)*(LEFT(SAISIE!$B$5:$B$204,2)="G ")),SAISIE!$D$5:$D$204),LOOKUP(2,1/((SAISIE!$F$5:$F$204=$G$91)*(ISNUMBER(SEARCH("Couverture",SAISIE!$B$5:$B$204)))),SAISIE!$D$5:$D$204)),"-")) | D92: =IF($G$91="","",IFERROR(IFERROR(LOOKUP(2,1/((SAISIE!$F$5:$F$204=$G$91)*(LEFT(SAISIE!$B$5:$B$204,2)="G ")),SAISIE!$E$5:$E$204),LOOKUP(2,1/((SAISIE!$F$5:$F$204=$G$91)*(ISNUMBER(SEARCH("Couverture",SAISIE!$B$5:$B$204)))),SAISIE!$E$5:$E$204)),"-")) | E92: =IF($G$91="","",IF(OR(D92="",D92="-"),"",IF(D92>0,"(soulevement)",IF(D92<0,"(compression)","-"))))
A93: =IF(OR($G$91="",NOT(COUNTIFS(SAISIE!$B$5:$B$204,"*Vent G/D*",SAISIE!$F$5:$F$204,$G$91)>0)),"","Vent G/D") | B93: =IF(OR($G$91="",NOT(COUNTIFS(SAISIE!$B$5:$B$204,"*Vent G/D*",SAISIE!$F$5:$F$204,$G$91)>0)),"",IFERROR(IF(_xlfn.MINIFS(SAISIE!$E$5:$E$204,SAISIE!$B$5:$B$204,"*Vent G/D*",SAISIE!$F$5:$F$204,$G$91)>=0,_xlfn.MAXIFS(SAISIE!$C$5:$C$204,SAISIE!$B$5:$B$204,"*Vent G/D*",SAISIE!$F$5:$F$204,$G$91),INDEX(SAISIE!$C$5:$C$204,MATCH(_xlfn.MINIFS(SAISIE!$E$5:$E$204,SAISIE!$B$5:$B$204,"*Vent G/D*",SAISIE!$F$5:$F$204,$G$91),SAISIE!$E$5:$E$204,0))),"-")) | C93: =IF(OR($G$91="",NOT(COUNTIFS(SAISIE!$B$5:$B$204,"*Vent G/D*",SAISIE!$F$5:$F$204,$G$91)>0)),"",IFERROR(IF(_xlfn.MINIFS(SAISIE!$E$5:$E$204,SAISIE!$B$5:$B$204,"*Vent G/D*",SAISIE!$F$5:$F$204,$G$91)>=0,INDEX(SAISIE!$D$5:$D$204,MATCH(_xlfn.MAXIFS(SAISIE!$C$5:$C$204,SAISIE!$B$5:$B$204,"*Vent G/D*",SAISIE!$F$5:$F$204,$G$91),SAISIE!$C$5:$C$204,0)),INDEX(SAISIE!$D$5:$D$204,MATCH(_xlfn.MINIFS(SAISIE!$E$5:$E$204,SAISIE!$B$5:$B$204,"*Vent G/D*",SAISIE!$F$5:$F$204,$G$91),SAISIE!$E$5:$E$204,0))),"-")) | D93: =IF(OR($G$91="",NOT(COUNTIFS(SAISIE!$B$5:$B$204,"*Vent G/D*",SAISIE!$F$5:$F$204,$G$91)>0)),"",IFERROR(IF(_xlfn.MINIFS(SAISIE!$E$5:$E$204,SAISIE!$B$5:$B$204,"*Vent G/D*",SAISIE!$F$5:$F$204,$G$91)>=0,0,_xlfn.MINIFS(SAISIE!$E$5:$E$204,SAISIE!$B$5:$B$204,"*Vent G/D*",SAISIE!$F$5:$F$204,$G$91)),"-")) | E93: =IF($G$91="","",IF(OR(D93="",D93="-"),"",IF(D93>0,"(soulevement)",IF(D93<0,"(compression)","-"))))
A94: =IF(OR($G$91="",NOT(_xlfn.MAXIFS(SAISIE!$E$5:$E$204,SAISIE!$B$5:$B$204,"*Vent G/D*",SAISIE!$F$5:$F$204,$G$91)>0)),"","Vent G/D") | B94: =IF(OR($G$91="",NOT(_xlfn.MAXIFS(SAISIE!$E$5:$E$204,SAISIE!$B$5:$B$204,"*Vent G/D*",SAISIE!$F$5:$F$204,$G$91)>0)),"",IFERROR(INDEX(SAISIE!$C$5:$C$204,MATCH(_xlfn.MAXIFS(SAISIE!$E$5:$E$204,SAISIE!$B$5:$B$204,"*Vent G/D*",SAISIE!$F$5:$F$204,$G$91),SAISIE!$E$5:$E$204,0)),"-")) | C94: =IF(OR($G$91="",NOT(_xlfn.MAXIFS(SAISIE!$E$5:$E$204,SAISIE!$B$5:$B$204,"*Vent G/D*",SAISIE!$F$5:$F$204,$G$91)>0)),"",IFERROR(INDEX(SAISIE!$D$5:$D$204,MATCH(_xlfn.MAXIFS(SAISIE!$E$5:$E$204,SAISIE!$B$5:$B$204,"*Vent G/D*",SAISIE!$F$5:$F$204,$G$91),SAISIE!$E$5:$E$204,0)),"-")) | D94: =IF(OR($G$91="",NOT(_xlfn.MAXIFS(SAISIE!$E$5:$E$204,SAISIE!$B$5:$B$204,"*Vent G/D*",SAISIE!$F$5:$F$204,$G$91)>0)),"",IFERROR(_xlfn.MAXIFS(SAISIE!$E$5:$E$204,SAISIE!$B$5:$B$204,"*Vent G/D*",SAISIE!$F$5:$F$204,$G$91),"-")) | E94: =IF($G$91="","",IF(OR(D94="",D94="-"),"",IF(D94>0,"(soulevement)",IF(D94<0,"(compression)","-"))))
A95: =IF(OR($G$91="",NOT(COUNTIFS(SAISIE!$B$5:$B$204,"*Vent D/G*",SAISIE!$F$5:$F$204,$G$91)>0)),"","Vent D/G") | B95: =IF(OR($G$91="",NOT(COUNTIFS(SAISIE!$B$5:$B$204,"*Vent D/G*",SAISIE!$F$5:$F$204,$G$91)>0)),"",IFERROR(IF(_xlfn.MINIFS(SAISIE!$E$5:$E$204,SAISIE!$B$5:$B$204,"*Vent D/G*",SAISIE!$F$5:$F$204,$G$91)>=0,_xlfn.MAXIFS(SAISIE!$C$5:$C$204,SAISIE!$B$5:$B$204,"*Vent D/G*",SAISIE!$F$5:$F$204,$G$91),INDEX(SAISIE!$C$5:$C$204,MATCH(_xlfn.MINIFS(SAISIE!$E$5:$E$204,SAISIE!$B$5:$B$204,"*Vent D/G*",SAISIE!$F$5:$F$204,$G$91),SAISIE!$E$5:$E$204,0))),"-")) | C95: =IF(OR($G$91="",NOT(COUNTIFS(SAISIE!$B$5:$B$204,"*Vent D/G*",SAISIE!$F$5:$F$204,$G$91)>0)),"",IFERROR(IF(_xlfn.MINIFS(SAISIE!$E$5:$E$204,SAISIE!$B$5:$B$204,"*Vent D/G*",SAISIE!$F$5:$F$204,$G$91)>=0,INDEX(SAISIE!$D$5:$D$204,MATCH(_xlfn.MAXIFS(SAISIE!$C$5:$C$204,SAISIE!$B$5:$B$204,"*Vent D/G*",SAISIE!$F$5:$F$204,$G$91),SAISIE!$C$5:$C$204,0)),INDEX(SAISIE!$D$5:$D$204,MATCH(_xlfn.MINIFS(SAISIE!$E$5:$E$204,SAISIE!$B$5:$B$204,"*Vent D/G*",SAISIE!$F$5:$F$204,$G$91),SAISIE!$E$5:$E$204,0))),"-")) | D95: =IF(OR($G$91="",NOT(COUNTIFS(SAISIE!$B$5:$B$204,"*Vent D/G*",SAISIE!$F$5:$F$204,$G$91)>0)),"",IFERROR(IF(_xlfn.MINIFS(SAISIE!$E$5:$E$204,SAISIE!$B$5:$B$204,"*Vent D/G*",SAISIE!$F$5:$F$204,$G$91)>=0,0,_xlfn.MINIFS(SAISIE!$E$5:$E$204,SAISIE!$B$5:$B$204,"*Vent D/G*",SAISIE!$F$5:$F$204,$G$91)),"-")) | E95: =IF($G$91="","",IF(OR(D95="",D95="-"),"",IF(D95>0,"(soulevement)",IF(D95<0,"(compression)","-"))))
A96: =IF(OR($G$91="",NOT(_xlfn.MAXIFS(SAISIE!$E$5:$E$204,SAISIE!$B$5:$B$204,"*Vent D/G*",SAISIE!$F$5:$F$204,$G$91)>0)),"","Vent D/G") | B96: =IF(OR($G$91="",NOT(_xlfn.MAXIFS(SAISIE!$E$5:$E$204,SAISIE!$B$5:$B$204,"*Vent D/G*",SAISIE!$F$5:$F$204,$G$91)>0)),"",IFERROR(INDEX(SAISIE!$C$5:$C$204,MATCH(_xlfn.MAXIFS(SAISIE!$E$5:$E$204,SAISIE!$B$5:$B$204,"*Vent D/G*",SAISIE!$F$5:$F$204,$G$91),SAISIE!$E$5:$E$204,0)),"-")) | C96: =IF(OR($G$91="",NOT(_xlfn.MAXIFS(SAISIE!$E$5:$E$204,SAISIE!$B$5:$B$204,"*Vent D/G*",SAISIE!$F$5:$F$204,$G$91)>0)),"",IFERROR(INDEX(SAISIE!$D$5:$D$204,MATCH(_xlfn.MAXIFS(SAISIE!$E$5:$E$204,SAISIE!$B$5:$B$204,"*Vent D/G*",SAISIE!$F$5:$F$204,$G$91),SAISIE!$E$5:$E$204,0)),"-")) | D96: =IF(OR($G$91="",NOT(_xlfn.MAXIFS(SAISIE!$E$5:$E$204,SAISIE!$B$5:$B$204,"*Vent D/G*",SAISIE!$F$5:$F$204,$G$91)>0)),"",IFERROR(_xlfn.MAXIFS(SAISIE!$E$5:$E$204,SAISIE!$B$5:$B$204,"*Vent D/G*",SAISIE!$F$5:$F$204,$G$91),"-")) | E96: =IF($G$91="","",IF(OR(D96="",D96="-"),"",IF(D96>0,"(soulevement)",IF(D96<0,"(compression)","-"))))
A97: =IF(OR($G$91="",NOT(COUNTIFS(SAISIE!$B$5:$B$204,"*Vent Av./Arr.*",SAISIE!$F$5:$F$204,$G$91)>0)),"","Vent Av./Arr.") | B97: =IF(OR($G$91="",NOT(COUNTIFS(SAISIE!$B$5:$B$204,"*Vent Av./Arr.*",SAISIE!$F$5:$F$204,$G$91)>0)),"",IFERROR(IF(_xlfn.MINIFS(SAISIE!$E$5:$E$204,SAISIE!$B$5:$B$204,"*Vent Av./Arr.*",SAISIE!$F$5:$F$204,$G$91)>=0,_xlfn.MAXIFS(SAISIE!$C$5:$C$204,SAISIE!$B$5:$B$204,"*Vent Av./Arr.*",SAISIE!$F$5:$F$204,$G$91),INDEX(SAISIE!$C$5:$C$204,MATCH(_xlfn.MINIFS(SAISIE!$E$5:$E$204,SAISIE!$B$5:$B$204,"*Vent Av./Arr.*",SAISIE!$F$5:$F$204,$G$91),SAISIE!$E$5:$E$204,0))),"-")) | C97: =IF(OR($G$91="",NOT(COUNTIFS(SAISIE!$B$5:$B$204,"*Vent Av./Arr.*",SAISIE!$F$5:$F$204,$G$91)>0)),"",IFERROR(IF(_xlfn.MINIFS(SAISIE!$E$5:$E$204,SAISIE!$B$5:$B$204,"*Vent Av./Arr.*",SAISIE!$F$5:$F$204,$G$91)>=0,INDEX(SAISIE!$D$5:$D$204,MATCH(_xlfn.MAXIFS(SAISIE!$C$5:$C$204,SAISIE!$B$5:$B$204,"*Vent Av./Arr.*",SAISIE!$F$5:$F$204,$G$91),SAISIE!$C$5:$C$204,0)),INDEX(SAISIE!$D$5:$D$204,MATCH(_xlfn.MINIFS(SAISIE!$E$5:$E$204,SAISIE!$B$5:$B$204,"*Vent Av./Arr.*",SAISIE!$F$5:$F$204,$G$91),SAISIE!$E$5:$E$204,0))),"-")) | D97: =IF(OR($G$91="",NOT(COUNTIFS(SAISIE!$B$5:$B$204,"*Vent Av./Arr.*",SAISIE!$F$5:$F$204,$G$91)>0)),"",IFERROR(IF(_xlfn.MINIFS(SAISIE!$E$5:$E$204,SAISIE!$B$5:$B$204,"*Vent Av./Arr.*",SAISIE!$F$5:$F$204,$G$91)>=0,0,_xlfn.MINIFS(SAISIE!$E$5:$E$204,SAISIE!$B$5:$B$204,"*Vent Av./Arr.*",SAISIE!$F$5:$F$204,$G$91)),"-")) | E97: =IF($G$91="","",IF(OR(D97="",D97="-"),"",IF(D97>0,"(soulevement)",IF(D97<0,"(compression)","-"))))
A98: =IF(OR($G$91="",NOT(_xlfn.MAXIFS(SAISIE!$E$5:$E$204,SAISIE!$B$5:$B$204,"*Vent Av./Arr.*",SAISIE!$F$5:$F$204,$G$91)>0)),"","Vent Av./Arr.") | B98: =IF(OR($G$91="",NOT(_xlfn.MAXIFS(SAISIE!$E$5:$E$204,SAISIE!$B$5:$B$204,"*Vent Av./Arr.*",SAISIE!$F$5:$F$204,$G$91)>0)),"",IFERROR(INDEX(SAISIE!$C$5:$C$204,MATCH(_xlfn.MAXIFS(SAISIE!$E$5:$E$204,SAISIE!$B$5:$B$204,"*Vent Av./Arr.*",SAISIE!$F$5:$F$204,$G$91),SAISIE!$E$5:$E$204,0)),"-")) | C98: =IF(OR($G$91="",NOT(_xlfn.MAXIFS(SAISIE!$E$5:$E$204,SAISIE!$B$5:$B$204,"*Vent Av./Arr.*",SAISIE!$F$5:$F$204,$G$91)>0)),"",IFERROR(INDEX(SAISIE!$D$5:$D$204,MATCH(_xlfn.MAXIFS(SAISIE!$E$5:$E$204,SAISIE!$B$5:$B$204,"*Vent Av./Arr.*",SAISIE!$F$5:$F$204,$G$91),SAISIE!$E$5:$E$204,0)),"-")) | D98: =IF(OR($G$91="",NOT(_xlfn.MAXIFS(SAISIE!$E$5:$E$204,SAISIE!$B$5:$B$204,"*Vent Av./Arr.*",SAISIE!$F$5:$F$204,$G$91)>0)),"",IFERROR(_xlfn.MAXIFS(SAISIE!$E$5:$E$204,SAISIE!$B$5:$B$204,"*Vent Av./Arr.*",SAISIE!$F$5:$F$204,$G$91),"-")) | E98: =IF($G$91="","",IF(OR(D98="",D98="-"),"",IF(D98>0,"(soulevement)",IF(D98<0,"(compression)","-"))))
A99: =IF(OR($G$91="",NOT(COUNTIFS(SAISIE!$B$5:$B$204,"*Vent Arr./Av.*",SAISIE!$F$5:$F$204,$G$91)>0)),"","Vent Arr./Av.") | B99: =IF(OR($G$91="",NOT(COUNTIFS(SAISIE!$B$5:$B$204,"*Vent Arr./Av.*",SAISIE!$F$5:$F$204,$G$91)>0)),"",IFERROR(IF(_xlfn.MINIFS(SAISIE!$E$5:$E$204,SAISIE!$B$5:$B$204,"*Vent Arr./Av.*",SAISIE!$F$5:$F$204,$G$91)>=0,_xlfn.MAXIFS(SAISIE!$C$5:$C$204,SAISIE!$B$5:$B$204,"*Vent Arr./Av.*",SAISIE!$F$5:$F$204,$G$91),INDEX(SAISIE!$C$5:$C$204,MATCH(_xlfn.MINIFS(SAISIE!$E$5:$E$204,SAISIE!$B$5:$B$204,"*Vent Arr./Av.*",SAISIE!$F$5:$F$204,$G$91),SAISIE!$E$5:$E$204,0))),"-")) | C99: =IF(OR($G$91="",NOT(COUNTIFS(SAISIE!$B$5:$B$204,"*Vent Arr./Av.*",SAISIE!$F$5:$F$204,$G$91)>0)),"",IFERROR(IF(_xlfn.MINIFS(SAISIE!$E$5:$E$204,SAISIE!$B$5:$B$204,"*Vent Arr./Av.*",SAISIE!$F$5:$F$204,$G$91)>=0,INDEX(SAISIE!$D$5:$D$204,MATCH(_xlfn.MAXIFS(SAISIE!$C$5:$C$204,SAISIE!$B$5:$B$204,"*Vent Arr./Av.*",SAISIE!$F$5:$F$204,$G$91),SAISIE!$C$5:$C$204,0)),INDEX(SAISIE!$D$5:$D$204,MATCH(_xlfn.MINIFS(SAISIE!$E$5:$E$204,SAISIE!$B$5:$B$204,"*Vent Arr./Av.*",SAISIE!$F$5:$F$204,$G$91),SAISIE!$E$5:$E$204,0))),"-")) | D99: =IF(OR($G$91="",NOT(COUNTIFS(SAISIE!$B$5:$B$204,"*Vent Arr./Av.*",SAISIE!$F$5:$F$204,$G$91)>0)),"",IFERROR(IF(_xlfn.MINIFS(SAISIE!$E$5:$E$204,SAISIE!$B$5:$B$204,"*Vent Arr./Av.*",SAISIE!$F$5:$F$204,$G$91)>=0,0,_xlfn.MINIFS(SAISIE!$E$5:$E$204,SAISIE!$B$5:$B$204,"*Vent Arr./Av.*",SAISIE!$F$5:$F$204,$G$91)),"-")) | E99: =IF($G$91="","",IF(OR(D99="",D99="-"),"",IF(D99>0,"(soulevement)",IF(D99<0,"(compression)","-"))))
A100: =IF(OR($G$91="",NOT(_xlfn.MAXIFS(SAISIE!$E$5:$E$204,SAISIE!$B$5:$B$204,"*Vent Arr./Av.*",SAISIE!$F$5:$F$204,$G$91)>0)),"","Vent Arr./Av.") | B100: =IF(OR($G$91="",NOT(_xlfn.MAXIFS(SAISIE!$E$5:$E$204,SAISIE!$B$5:$B$204,"*Vent Arr./Av.*",SAISIE!$F$5:$F$204,$G$91)>0)),"",IFERROR(INDEX(SAISIE!$C$5:$C$204,MATCH(_xlfn.MAXIFS(SAISIE!$E$5:$E$204,SAISIE!$B$5:$B$204,"*Vent Arr./Av.*",SAISIE!$F$5:$F$204,$G$91),SAISIE!$E$5:$E$204,0)),"-")) | C100: =IF(OR($G$91="",NOT(_xlfn.MAXIFS(SAISIE!$E$5:$E$204,SAISIE!$B$5:$B$204,"*Vent Arr./Av.*",SAISIE!$F$5:$F$204,$G$91)>0)),"",IFERROR(INDEX(SAISIE!$D$5:$D$204,MATCH(_xlfn.MAXIFS(SAISIE!$E$5:$E$204,SAISIE!$B$5:$B$204,"*Vent Arr./Av.*",SAISIE!$F$5:$F$204,$G$91),SAISIE!$E$5:$E$204,0)),"-")) | D100: =IF(OR($G$91="",NOT(_xlfn.MAXIFS(SAISIE!$E$5:$E$204,SAISIE!$B$5:$B$204,"*Vent Arr./Av.*",SAISIE!$F$5:$F$204,$G$91)>0)),"",IFERROR(_xlfn.MAXIFS(SAISIE!$E$5:$E$204,SAISIE!$B$5:$B$204,"*Vent Arr./Av.*",SAISIE!$F$5:$F$204,$G$91),"-")) | E100: =IF($G$91="","",IF(OR(D100="",D100="-"),"",IF(D100>0,"(soulevement)",IF(D100<0,"(compression)","-"))))
A101: =IF(OR($G$91="",NOT(TRUE)),"","Neige normale") | B101: =IF($G$91="","",IFERROR(INDEX(SAISIE!$C$5:$C$204,MATCH(_xlfn.MINIFS(SAISIE!$E$5:$E$204,SAISIE!$B$5:$B$204,"*Neige*",SAISIE!$B$5:$B$204,"<>*accidentel*",SAISIE!$F$5:$F$204,$G$91),SAISIE!$E$5:$E$204,0)),"-")) | C101: =IF($G$91="","",IFERROR(INDEX(SAISIE!$D$5:$D$204,MATCH(_xlfn.MINIFS(SAISIE!$E$5:$E$204,SAISIE!$B$5:$B$204,"*Neige*",SAISIE!$B$5:$B$204,"<>*accidentel*",SAISIE!$F$5:$F$204,$G$91),SAISIE!$E$5:$E$204,0)),"-")) | D101: =IF($G$91="","",IFERROR(INDEX(SAISIE!$E$5:$E$204,MATCH(_xlfn.MINIFS(SAISIE!$E$5:$E$204,SAISIE!$B$5:$B$204,"*Neige*",SAISIE!$B$5:$B$204,"<>*accidentel*",SAISIE!$F$5:$F$204,$G$91),SAISIE!$E$5:$E$204,0)),"-")) | E101: =IF($G$91="","",IF(OR(D101="",D101="-"),"",IF(D101>0,"(soulevement)",IF(D101<0,"(compression)","-"))))
A102: =IF(OR($G$91="",NOT(TRUE)),"","Neige accidentelle") | B102: =IF($G$91="","",IFERROR(LOOKUP(2,1/((SAISIE!$F$5:$F$204=$G$91)*(ISNUMBER(SEARCH("accidentel",SAISIE!$B$5:$B$204)))),SAISIE!$C$5:$C$204),"-")) | C102: =IF($G$91="","",IFERROR(LOOKUP(2,1/((SAISIE!$F$5:$F$204=$G$91)*(ISNUMBER(SEARCH("accidentel",SAISIE!$B$5:$B$204)))),SAISIE!$D$5:$D$204),"-")) | D102: =IF($G$91="","",IFERROR(LOOKUP(2,1/((SAISIE!$F$5:$F$204=$G$91)*(ISNUMBER(SEARCH("accidentel",SAISIE!$B$5:$B$204)))),SAISIE!$E$5:$E$204),"-")) | E102: =IF($G$91="","",IF(OR(D102="",D102="-"),"",IF(D102>0,"(soulevement)",IF(D102<0,"(compression)","-"))))
...
