Workbook

Sheet MODE EMPLOI
A1: DDC Calculateur — synthese automatique
A4: 1. SAISIE : collez vos cas (colonnes A a E).
A5: 2. SYNTHESE : se met a jour automatiquement.
A6: 3. Si besoin : touche F9 pour forcer le recalcul.
A8: Excel 2019 ou 365 requis (formules MINIFS / MAXIFS).
A9: 1 seul noeud par feuille. Gardez Vent G/D, Vent D/G, Neige... dans Nom_cas.

Sheet SAISIE
A1: SAISIE — Vos cas de charge
A2: Modifiez les lignes ci-dessous : la synthese suit en direct.
A4: Noeud_Cas | B4: Nom_cas | C4: FX_daN | D4: FY_daN | E4: FZ_daN
A5: 47/1 | B5: G : Couverture : PA 6 BS 10 PV15 | C5: -116 | D5: 7 | E5: -1285
A6: 47/2 | B6: Vent G/D dep.(-) Portique 2 | C6: 905 | D6: 40 | E6: 1422
A7: 47/3 | B7: Vent G/D sur.(+) Portique 2 | C7: 900 | D7: 32 | E7: 1444
A8: 47/4 | B8: Vent D/G dep.(-) Cpe - Portique 2 | C8: -345 | D8: 5 | E8: 462
A9: 47/5 | B9: Vent D/G dep.(-) Cpe + Portique 2 | C9: -513 | D9: -11 | E9: -281
A10: 47/6 | B10: Vent D/G sur.(+) Cpe - Portique 2 | C10: -349 | D10: -2 | E10: 485
A11: 47/7 | B11: Vent D/G sur.(+) Cpe + Portique 2 | C11: -518 | D11: -22 | E11: -258
A12: 47/8 | B12: Vent Av./Arr. dep.(-) Portique 2 | C12: -241 | D12: 205 | E12: 815
A13: 47/9 | B13: Vent Av./Arr. sur.(+) Portique 2 | C13: -198 | D13: 195 | E13: 598
A14: 47/10 | B14: Vent Arr./Av. dep.(-) Portique 2 | C14: -105 | D14: 0 | E14: 400
A15: 47/11 | B15: Vent Arr./Av. sur.(+) Portique 2 | C15: -37 | D15: -11 | E15: 56
A16: 47/12 | B16: Neige cas I | C16: -113 | D16: 0 | E16: -1010
... A18: 47/14 | B18: Neige accidentel | C18: -251 | D18: 0 | E18: -2244

Sheet SYNTHESE
A1: SYNTHESE — Calcul automatique
A2: Formules liees a SAISIE — changez les donnees, les resultats bougent.
A4: Nom du cas | B4: FX [daN] | C4: FY [daN] | D4: FZ [daN] | E4: Note
A5: Couverture | B5: =IFERROR(IFERROR(INDEX(SAISIE!$C$5:$C$504,MATCH("G *",SAISIE!$B$5:$B$504,0)),INDEX(SAISIE!$C$5:$C$504,MATCH("*Couverture*",SAISIE!$B$5:$B$504,0))),"-") -> -116 | C5: =IFERROR(IFERROR(INDEX(SAISIE!$D$5:$D$504,MATCH("G *",SAISIE!$B$5:$B$504,0)),INDEX(SAISIE!$D$5:$D$504,MATCH("*Couverture*",SAISIE!$B$5:$B$504,0))),"-") -> 7 | D5: =IFERROR(IFERROR(INDEX(SAISIE!$E$5:$E$504,MATCH("G *",SAISIE!$B$5:$B$504,0)),INDEX(SAISIE!$E$5:$E$504,MATCH("*Couverture*",SAISIE!$B$5:$B$504,0))),"-") -> -1285
A6: Vent G/D maxi | B6: =IFERROR(IF(_xludf.MINIFS(SAISIE!$E$5:$E$504,SAISIE!$B$5:$B$504,"*Vent G/D*")>=0,_xludf.MAXIFS(SAISIE!$C$5:$C$504,SAISIE!$B$5:$B$504,"*Vent G/D*"),INDEX(SAISIE!$C$5:$C$504,MATCH(_xludf.MINIFS(SAISIE!$E$5:$E$504,SAISIE!$B$5:$B$504,"*Vent G/D*"),SAISIE!$E$5:$E$504,0))),"-") -> - | C6: =IFERROR(IF(_xludf.MINIFS(SAISIE!$E$5:$E$504,SAISIE!$B$5:$B$504,"*Vent G/D*")>=0,INDEX(SAISIE!$D$5:$D$504,MATCH(_xludf.MAXIFS(SAISIE!$C$5:$C$504,SAISIE!$B$5:$B$504,"*Vent G/D*"),SAISIE!$C$5:$C$504,0)),INDEX(SAISIE!$D$5:$D$504,MATCH(_xludf.MINIFS(SAISIE!$E$5:$E$504,SAISIE!$B$5:$B$504,"*Vent G/D*"),SAISIE!$E$5:$E$504,0))),"-") -> - | D6: =IFERROR(IF(_xludf.MINIFS(SAISIE!$E$5:$E$504,SAISIE!$B$5:$B$504,"*Vent G/D*")>=0,0,_xludf.MINIFS(SAISIE!$E$5:$E$504,SAISIE!$B$5:$B$504,"*Vent G/D*")),"-") -> - | E6: (compression)
A7: Vent G/D mini | B7: =IFERROR(INDEX(SAISIE!$C$5:$C$504,MATCH(_xludf.MAXIFS(SAISIE!$E$5:$E$504,SAISIE!$B$5:$B$504,"*Vent G/D*"),SAISIE!$E$5:$E$504,0)),"-") -> - | C7: =IFERROR(INDEX(SAISIE!$D$5:$D$504,MATCH(_xludf.MAXIFS(SAISIE!$E$5:$E$504,SAISIE!$B$5:$B$504,"*Vent G/D*"),SAISIE!$E$5:$E$504,0)),"-") -> - | D7: =IFERROR(_xludf.MAXIFS(SAISIE!$E$5:$E$504,SAISIE!$B$5:$B$504,"*Vent G/D*"),"-") -> - | E7: (soulevement)
A8: Vent D/ G maxi | B8: =IFERROR(IF(_xludf.MINIFS(SAISIE!$E$5:$E$504,SAISIE!$B$5:$B$504,"*Vent D/G*")>=0,_xludf.MAXIFS(SAISIE!$C$5:$C$504,SAISIE!$B$5:$B$504,"*Vent D/G*"),INDEX(SAISIE!$C$5:$C$504,MATCH(_xludf.MINIFS(SAISIE!$E$5:$E$504,SAISIE!$B$5:$B$504,"*Vent D/G*"),SAISIE!$E$5:$E$504,0))),"-") -> - | C8: =IFERROR(IF(_xludf.MINIFS(SAISIE!$E$5:$E$504,SAISIE!$B$5:$B$504,"*Vent D/G*")>=0,INDEX(SAISIE!$D$5:$D$504,MATCH(_xludf.MAXIFS(SAISIE!$C$5:$C$504,SAISIE!$B$5:$B$504,"*Vent D/G*"),SAISIE!$C$5:$C$504,0)),INDEX(SAISIE!$D$5:$D$504,MATCH(_xludf.MINIFS(SAISIE!$E$5:$E$504,SAISIE!$B$5:$B$504,"*Vent D/G*"),SAISIE!$E$5:$E$504,0))),"-") -> - | D8: =IFERROR(IF(_xludf.MINIFS(SAISIE!$E$5:$E$504,SAISIE!$B$5:$B$504,"*Vent D/G*")>=0,0,_xludf.MINIFS(SAISIE!$E$5:$E$504,SAISIE!$B$5:$B$504,"*Vent D/G*")),"-") -> - | E8: (compression)
A9: Vent D/G mini | B9: =IFERROR(INDEX(SAISIE!$C$5:$C$504,MATCH(_xludf.MAXIFS(SAISIE!$E$5:$E$504,SAISIE!$B$5:$B$504,"*Vent D/G*"),SAISIE!$E$5:$E$504,0)),"-") -> - | C9: =IFERROR(INDEX(SAISIE!$D$5:$D$504,MATCH(_xludf.MAXIFS(SAISIE!$E$5:$E$504,SAISIE!$B$5:$B$504,"*Vent D/G*"),SAISIE!$E$5:$E$504,0)),"-") -> - | D9: =IFERROR(_xludf.MAXIFS(SAISIE!$E$5:$E$504,SAISIE!$B$5:$B$504,"*Vent D/G*"),"-") -> - | E9: (soulevement)
A10: Vent Av./Arr. maxi | B10: =IFERROR(IF(_xludf.MINIFS(SAISIE!$E$5:$E$504,SAISIE!$B$5:$B$504,"*Vent Av./Arr.*")>=0,_xludf.MAXIFS(SAISIE!$C$5:$C$504,SAISIE!$B$5:$B$504,"*Vent Av./Arr.*"),INDEX(SAISIE!$C$5:$C$504,MATCH(_xludf.MINIFS(SAISIE!$E$5:$E$504,SAISIE!$B$5:$B$504,"*Vent Av./Arr.*"),SAISIE!$E$5:$E$504,0))),"-") -> - | C10: =IFERROR(IF(_xludf.MINIFS(SAISIE!$E$5:$E$504,SAISIE!$B$5:$B$504,"*Vent Av./Arr.*")>=0,INDEX(SAISIE!$D$5:$D$504,MATCH(_xludf.MAXIFS(SAISIE!$C$5:$C$504,SAISIE!$B$5:$B$504,"*Vent Av./Arr.*"),SAISIE!$C$5:$C$504,0)),INDEX(SAISIE!$D$5:$D$504,MATCH(_xludf.MINIFS(SAISIE!$E$5:$E$504,SAISIE!$B$5:$B$504,"*Vent Av./Arr.*"),SAISIE!$E$5:$E$504,0))),"-") -> - | D10: =IFERROR(IF(_xludf.MINIFS(SAISIE!$E$5:$E$504,SAISIE!$B$5:$B$504,"*Vent Av./Arr.*")>=0,0,_xludf.MINIFS(SAISIE!$E$5:$E$504,SAISIE!$B$5:$B$504,"*Vent Av./Arr.*")),"-") -> - | E10: (compression)
A11: Vent Av./Arr. mini | B11: =IFERROR(INDEX(SAISIE!$C$5:$C$504,MATCH(_xludf.MAXIFS(SAISIE!$E$5:$E$504,SAISIE!$B$5:$B$504,"*Vent Av./Arr.*"),SAISIE!$E$5:$E$504,0)),"-") -> - | C11: =IFERROR(INDEX(SAISIE!$D$5:$D$504,MATCH(_xludf.MAXIFS(SAISIE!$E$5:$E$504,SAISIE!$B$5:$B$504,"*Vent Av./Arr.*"),SAISIE!$E$5:$E$504,0)),"-") -> - | D11: =IFERROR(_xludf.MAXIFS(SAISIE!$E$5:$E$504,SAISIE!$B$5:$B$504,"*Vent Av./Arr.*"),"-") -> - | E11: (soulevement)
A12: Vent Arr./Av maxi | B12: =IFERROR(IF(_xludf.MINIFS(SAISIE!$E$5:$E$504,SAISIE!$B$5:$B$504,"*Vent Arr./Av.*")>=0,_xludf.MAXIFS(SAISIE!$C$5:$C$504,SAISIE!$B$5:$B$504,"*Vent Arr./Av.*"),INDEX(SAISIE!$C$5:$C$504,MATCH(_xludf.MINIFS(SAISIE!$E$5:$E$504,SAISIE!$B$5:$B$504,"*Vent Arr./Av.*"),SAISIE!$E$5:$E$504,0))),"-") -> - | C12: =IFERROR(IF(_xludf.MINIFS(SAISIE!$E$5:$E$504,SAISIE!$B$5:$B$504,"*Vent Arr./Av.*")>=0,INDEX(SAISIE!$D$5:$D$504,MATCH(_xludf.MAXIFS(SAISIE!$C$5:$C$504,SAISIE!$B$5:$B$504,"*Vent Arr./Av.*"),SAISIE!$C$5:$C$504,0)),INDEX(SAISIE!$D$5:$D$504,MATCH(_xludf.MINIFS(SAISIE!$E$5:$E$504,SAISIE!$B$5:$B$504,"*Vent Arr./Av.*"),SAISIE!$E$5:$E$504,0))),"-") -> - | D12: =IFERROR(IF(_xludf.MINIFS(SAISIE!$E$5:$E$504,SAISIE!$B$5:$B$504,"*Vent Arr./Av.*")>=0,0,_xludf.MINIFS(SAISIE!$E$5:$E$504,SAISIE!$B$5:$B$504,"*Vent Arr./Av.*")),"-") -> - | E12: (compression)
A13: Vent Arr./Av mini | B13: =IFERROR(INDEX(SAISIE!$C$5:$C$504,MATCH(_xludf.MAXIFS(SAISIE!$E$5:$E$504,SAISIE!$B$5:$B$504,"*Vent Arr./Av.*"),SAISIE!$E$5:$E$504,0)),"-") -> - | C13: =IFERROR(INDEX(SAISIE!$D$5:$D$504,MATCH(_xludf.MAXIFS(SAISIE!$E$5:$E$504,SAISIE!$B$5:$B$504,"*Vent Arr./Av.*"),SAISIE!$E$5:$E$504,0)),"-") -> - | D13: =IFERROR(_xludf.MAXIFS(SAISIE!$E$5:$E$504,SAISIE!$B$5:$B$504,"*Vent Arr./Av.*"),"-") -> - | E13: (soulevement)
A14: Neige normale | B14: =IFERROR(INDEX(SAISIE!$C$5:$C$504,MATCH(_xludf.MINIFS(SAISIE!$E$5:$E$504,SAISIE!$B$5:$B$504,"*Neige*",SAISIE!$B$5:$B$504,"<>*accidentel*"),SAISIE!$E$5:$E$504,0)),"-") -> - | C14: =IFERROR(INDEX(SAISIE!$D$5:$D$504,MATCH(_xludf.MINIFS(SAISIE!$E$5:$E$504,SAISIE!$B$5:$B$504,"*Neige*",SAISIE!$B$5:$B$504,"<>*accidentel*"),SAISIE!$E$5:$E$504,0)),"-") -> - | D14: =IFERROR(INDEX(SAISIE!$E$5:$E$504,MATCH(_xludf.MINIFS(SAISIE!$E$5:$E$504,SAISIE!$B$5:$B$504,"*Neige*",SAISIE!$B$5:$B$504,"<>*accidentel*"),SAISIE!$E$5:$E$504,0)),"-") -> -
A15: Neige accidentelle | B15: =IFERROR(INDEX(SAISIE!$C$5:$C$504,MATCH("*accidentel*",SAISIE!$B$5:$B$504,0)),"-") -> -251 | C15: =IFERROR(INDEX(SAISIE!$D$5:$D$504,MATCH("*accidentel*",SAISIE!$B$5:$B$504,0)),"-") -> 0 | D15: =IFERROR(INDEX(SAISIE!$E$5:$E$504,MATCH("*accidentel*",SAISIE!$B$5:$B$504,0)),"-") -> -2244
