Workbook

Sheet MODE EMPLOI
A1: DDC Calculateur — 2 tableaux côte à côte
A4: SAISIE et SYNTHESE : 2 tableaux côte à côte, séparés par les colonnes G-H.
A6: GAUCHE (A-F) : AVEC FY — Noeud_Cas, Nom_cas, FX, FY, FZ
A7: DROITE (I-M) : SANS FY — Noeud_Cas, Nom_cas, FX, FZ
A9: Collez vos données dans UN seul côté (pas les deux).
A10: Note : FZ > 0 = soulèvement, FZ < 0 = compression. F9 si besoin.

Sheet SAISIE
A1: SAISIE — Collez vos cas de charge
A2: Gauche = avec FY | Droite = sans FY | Colonnes G-H = espace
A3: TABLEAU — AVEC FY | I3: TABLEAU — SANS FY
A4: Noeud_Cas | B4: Nom_cas | C4: FX_daN | D4: FY_daN | E4: FZ_daN | F4: Noeud | I4: Noeud_Cas | J4: Nom_cas | K4: FX_daN | L4: FZ_daN | M4: Noeud
A5: 47/1 | B5: G : Couverture : PA 6 BS 10 PV15 | C5: -116 | D5: 7 | E5: -1285 | F5: =IF(A5="","",VALUE(LEFT(A5,FIND("/",A5&"/")-1))) | M5: =IF(I5="","",VALUE(LEFT(I5,FIND("/",I5&"/")-1)))
A6: 47/2 | B6: Vent G/D dep.(-) Portique 2 | C6: 905 | D6: 40 | E6: 1422 | F6: =IF(A6="","",VALUE(LEFT(A6,FIND("/",A6&"/")-1))) | M6: =IF(I6="","",VALUE(LEFT(I6,FIND("/",I6&"/")-1)))
A7: 47/3 | B7: Vent G/D sur.(+) Portique 2 | C7: 900 | D7: 32 | E7: 1444 | F7: =IF(A7="","",VALUE(LEFT(A7,FIND("/",A7&"/")-1))) | M7: =IF(I7="","",VALUE(LEFT(I7,FIND("/",I7&"/")-1)))
A8: 47/4 | B8: Vent D/G dep.(-) Cpe - Portique 2 | C8: -345 | D8: 5 | E8: 462 | F8: =IF(A8="","",VALUE(LEFT(A8,FIND("/",A8&"/")-1))) | M8: =IF(I8="","",VALUE(LEFT(I8,FIND("/",I8&"/")-1)))
A9: 47/5 | B9: Vent D/G dep.(-) Cpe + Portique 2 | C9: -513 | D9: -11 | E9: -281 | F9: =IF(A9="","",VALUE(LEFT(A9,FIND("/",A9&"/")-1))) | M9: =IF(I9="","",VALUE(LEFT(I9,FIND("/",I9&"/")-1)))
A10: 47/6 | B10: Vent D/G sur.(+) Cpe - Portique 2 | C10: -349 | D10: -2 | E10: 485 | F10: =IF(A10="","",VALUE(LEFT(A10,FIND("/",A10&"/")-1))) | M10: =IF(I10="","",VALUE(LEFT(I10,FIND("/",I10&"/")-1)))
A11: 47/7 | B11: Vent D/G sur.(+) Cpe + Portique 2 | C11: -518 | D11: -22 | E11: -258 | F11: =IF(A11="","",VALUE(LEFT(A11,FIND("/",A11&"/")-1))) | M11: =IF(I11="","",VALUE(LEFT(I11,FIND("/",I11&"/")-1)))
A12: 47/8 | B12: Vent Av./Arr. dep.(-) Portique 2 | C12: -241 | D12: 205 | E12: 815 | F12: =IF(A12="","",VALUE(LEFT(A12,FIND("/",A12&"/")-1))) | M12: =IF(I12="","",VALUE(LEFT(I12,FIND("/",I12&"/")-1)))
A13: 47/9 | B13: Vent Av./Arr. sur.(+) Portique 2 | C13: -198 | D13: 195 | E13: 598 | F13: =IF(A13="","",VALUE(LEFT(A13,FIND("/",A13&"/")-1))) | M13: =IF(I13="","",VALUE(LEFT(I13,FIND("/",I13&"/")-1)))
A14: 47/10 | B14: Vent Arr./Av. dep.(-) Portique 2 | C14: -105 | D14: 0 | E14: 400 | F14: =IF(A14="","",VALUE(LEFT(A14,FIND("/",A14&"/")-1))) | M14: =IF(I14="","",VALUE(LEFT(I14,FIND("/",I14&"/")-1)))
A15: 47/11 | B15: Vent Arr./Av. sur.(+) Portique 2 | C15: -37 | D15: -11 | E15: 56 | F15: =IF(A15="","",VALUE(LEFT(A15,FIND("/",A15&"/")-1))) | M15: =IF(I15="","",VALUE(LEFT(I15,FIND("/",I15&"/")-1)))
A16: 47/12 | B16: Neige cas I | C16: -113 | D16: 0 | E16: -1010 | F16: =IF(A16="","",VALUE(LEFT(A16,FIND("/",A16&"/")-1))) | M16: =IF(I16="","",VALUE(LEFT(I16,FIND("/",I16&"/")-1)))
... A18: 47/14 | B18: Neige accidentel | C18: -251 | D18: 0 | E18: -2244 | F18: =IF(A18="","",VALUE(LEFT(A18,FIND("/",A18&"/")-1))) | M18: =IF(I18="","",VALUE(LEFT(I18,FIND("/",I18&"/")-1)))
F19: =IF(A19="","",VALUE(LEFT(A19,FIND("/",A19&"/")-1))) | M19: =IF(I19="","",VALUE(LEFT(I19,FIND("/",I19&"/")-1)))
F20: =IF(A20="","",VALUE(LEFT(A20,FIND("/",A20&"/")-1))) | M20: =IF(I20="","",VALUE(LEFT(I20,FIND("/",I20&"/")-1)))
F21: =IF(A21="","",VALUE(LEFT(A21,FIND("/",A21&"/")-1))) | M21: =IF(I21="","",VALUE(LEFT(I21,FIND("/",I21&"/")-1)))
F22: =IF(A22="","",VALUE(LEFT(A22,FIND("/",A22&"/")-1))) | M22: =IF(I22="","",VALUE(LEFT(I22,FIND("/",I22&"/")-1)))
F23: =IF(A23="","",VALUE(LEFT(A23,FIND("/",A23&"/")-1))) | M23: =IF(I23="","",VALUE(LEFT(I23,FIND("/",I23&"/")-1)))
F24: =IF(A24="","",VALUE(LEFT(A24,FIND("/",A24&"/")-1))) | M24: =IF(I24="","",VALUE(LEFT(I24,FIND("/",I24&"/")-1)))
F25: =IF(A25="","",VALUE(LEFT(A25,FIND("/",A25&"/")-1))) | M25: =IF(I25="","",VALUE(LEFT(I25,FIND("/",I25&"/")-1)))
F26: =IF(A26="","",VALUE(LEFT(A26,FIND("/",A26&"/")-1))) | M26: =IF(I26="","",VALUE(LEFT(I26,FIND("/",I26&"/")-1)))
F27: =IF(A27="","",VALUE(LEFT(A27,FIND("/",A27&"/")-1))) | M27: =IF(I27="","",VALUE(LEFT(I27,FIND("/",I27&"/")-1)))
F28: =IF(A28="","",VALUE(LEFT(A28,FIND("/",A28&"/")-1))) | M28: =IF(I28="","",VALUE(LEFT(I28,FIND("/",I28&"/")-1)))
F29: =IF(A29="","",VALUE(LEFT(A29,FIND("/",A29&"/")-1))) | M29: =IF(I29="","",VALUE(LEFT(I29,FIND("/",I29&"/")-1)))
F30: =IF(A30="","",VALUE(LEFT(A30,FIND("/",A30&"/")-1))) | M30: =IF(I30="","",VALUE(LEFT(I30,FIND("/",I30&"/")-1)))
... F204: =IF(A204="","",VALUE(LEFT(A204,FIND("/",A204&"/")-1))) | M204: =IF(I204="","",VALUE(LEFT(I204,FIND("/",I204&"/")-1)))

Sheet SYNTHESE
A1: SYNTHESE — Calcul automatique
A2: ="Avec FY : "&COUNTA(SAISIE!$A$5:$A$204)&" cas | "&SUMPRODUCT(--(MOD(ROW($F$5:$F$244)-5,12)=0)*($F$5:$F$244<>""))&" noeud(s) || "&"Sans FY : "&COUNTA(SAISIE!$I$5:$I$204)&" cas | "&SUMPRODUCT(--(MOD(ROW($M$5:$M$244)-5,12)=0)*($M$5:$M$244<>""))&" noeud(s)"
A3: SYNTHESE — AVEC FY | I3: SYNTHESE — SANS FY
A4: Nom du cas | B4: FX [daN] | C4: FY [daN] | D4: FZ [daN] | E4: Note | I4: Nom du cas | J4: FX [daN] | K4: FZ [daN] | L4: Note
A5: =IF($F$5="","","Noeud "&$F$5) | F5: =IFERROR(INDEX(SAISIE!$F$5:$F$204,AGGREGATE(15,6,ROW(SAISIE!$F$5:$F$204)-ROW(SAISIE!$F$5)+1/(SAISIE!$F$5:$F$204<>"")/(COUNTIF($F$4:$F4,SAISIE!$F$5:$F$204)=0),1)),"") | I5: =IF($M$5="","","Noeud "&$M$5) | M5: =IFERROR(INDEX(SAISIE!$M$5:$M$204,AGGREGATE(15,6,ROW(SAISIE!$M$5:$M$204)-ROW(SAISIE!$M$5)+1/(SAISIE!$M$5:$M$204<>"")/(COUNTIF($M$4:$M4,SAISIE!$M$5:$M$204)=0),1)),"")
A6: =IF(OR($F$5="",NOT(TRUE)),"","Couverture") | B6: =IF($F$5="","",IFERROR(IFERROR(LOOKUP(2,1/((SAISIE!$F$5:$F$204=$F$5)*(LEFT(SAISIE!$B$5:$B$204,2)="G ")),SAISIE!$C$5:$C$204),LOOKUP(2,1/((SAISIE!$F$5:$F$204=$F$5)*(ISNUMBER(SEARCH("Couverture",SAISIE!$B$5:$B$204)))),SAISIE!$C$5:$C$204)),"-")) | C6: =IF($F$5="","",IFERROR(IFERROR(LOOKUP(2,1/((SAISIE!$F$5:$F$204=$F$5)*(LEFT(SAISIE!$B$5:$B$204,2)="G ")),SAISIE!$D$5:$D$204),LOOKUP(2,1/((SAISIE!$F$5:$F$204=$F$5)*(ISNUMBER(SEARCH("Couverture",SAISIE!$B$5:$B$204)))),SAISIE!$D$5:$D$204)),"-")) | D6: =IF($F$5="","",IFERROR(IFERROR(LOOKUP(2,1/((SAISIE!$F$5:$F$204=$F$5)*(LEFT(SAISIE!$B$5:$B$204,2)="G ")),SAISIE!$E$5:$E$204),LOOKUP(2,1/((SAISIE!$F$5:$F$204=$F$5)*(ISNUMBER(SEARCH("Couverture",SAISIE!$B$5:$B$204)))),SAISIE!$E$5:$E$204)),"-")) | E6: =IF($F$5="","",IF(OR(D6="",D6="-"),"",IF(D6>0,"(soulevement)",IF(D6<0,"(compression)","-")))) | I6: =IF(OR($M$5="",NOT(TRUE)),"","Couverture") | J6: =IF($M$5="","",IFERROR(IFERROR(LOOKUP(2,1/((SAISIE!$M$5:$M$204=$M$5)*(LEFT(SAISIE!$J$5:$J$204,2)="G ")),SAISIE!$K$5:$K$204),LOOKUP(2,1/((SAISIE!$M$5:$M$204=$M$5)*(ISNUMBER(SEARCH("Couverture",SAISIE!$J$5:$J$204)))),SAISIE!$K$5:$K$204)),"-")) | K6: =IF($M$5="","",IFERROR(IFERROR(LOOKUP(2,1/((SAISIE!$M$5:$M$204=$M$5)*(LEFT(SAISIE!$J$5:$J$204,2)="G ")),SAISIE!$L$5:$L$204),LOOKUP(2,1/((SAISIE!$M$5:$M$204=$M$5)*(ISNUMBER(SEARCH("Couverture",SAISIE!$J$5:$J$204)))),SAISIE!$L$5:$L$204)),"-")) | L6: =IF($M$5="","",IF(OR(K6="",K6="-"),"",IF(K6>0,"(soulevement)",IF(K6<0,"(compression)","-"))))
A7: =IF(OR($F$5="",NOT(COUNTIFS(SAISIE!$B$5:$B$204,"*Vent G/D*",SAISIE!$F$5:$F$204,$F$5)>0)),"","Vent G/D") | B7: =IF(OR($F$5="",NOT(COUNTIFS(SAISIE!$B$5:$B$204,"*Vent G/D*",SAISIE!$F$5:$F$204,$F$5)>0)),"",IFERROR(IF(MINIFS(SAISIE!$E$5:$E$204,SAISIE!$B$5:$B$204,"*Vent G/D*",SAISIE!$F$5:$F$204,$F$5)>=0,MAXIFS(SAISIE!$C$5:$C$204,SAISIE!$B$5:$B$204,"*Vent G/D*",SAISIE!$F$5:$F$204,$F$5),INDEX(SAISIE!$C$5:$C$204,MATCH(MINIFS(SAISIE!$E$5:$E$204,SAISIE!$B$5:$B$204,"*Vent G/D*",SAISIE!$F$5:$F$204,$F$5),SAISIE!$E$5:$E$204,0))),"-")) | C7: =IF(OR($F$5="",NOT(COUNTIFS(SAISIE!$B$5:$B$204,"*Vent G/D*",SAISIE!$F$5:$F$204,$F$5)>0)),"",IFERROR(IF(MINIFS(SAISIE!$E$5:$E$204,SAISIE!$B$5:$B$204,"*Vent G/D*",SAISIE!$F$5:$F$204,$F$5)>=0,INDEX(SAISIE!$D$5:$D$204,MATCH(MAXIFS(SAISIE!$C$5:$C$204,SAISIE!$B$5:$B$204,"*Vent G/D*",SAISIE!$F$5:$F$204,$F$5),SAISIE!$C$5:$C$204,0)),INDEX(SAISIE!$D$5:$D$204,MATCH(MINIFS(SAISIE!$E$5:$E$204,SAISIE!$B$5:$B$204,"*Vent G/D*",SAISIE!$F$5:$F$204,$F$5),SAISIE!$E$5:$E$204,0))),"-")) | D7: =IF(OR($F$5="",NOT(COUNTIFS(SAISIE!$B$5:$B$204,"*Vent G/D*",SAISIE!$F$5:$F$204,$F$5)>0)),"",IFERROR(IF(MINIFS(SAISIE!$E$5:$E$204,SAISIE!$B$5:$B$204,"*Vent G/D*",SAISIE!$F$5:$F$204,$F$5)>=0,0,MINIFS(SAISIE!$E$5:$E$204,SAISIE!$B$5:$B$204,"*Vent G/D*",SAISIE!$F$5:$F$204,$F$5)),"-")) | E7: =IF($F$5="","",IF(OR(D7="",D7="-"),"",IF(D7>0,"(soulevement)",IF(D7<0,"(compression)","-")))) | I7: =IF(OR($M$5="",NOT(COUNTIFS(SAISIE!$J$5:$J$204,"*Vent G/D*",SAISIE!$M$5:$M$204,$M$5)>0)),"","Vent G/D") | J7: =IF(OR($M$5="",NOT(COUNTIFS(SAISIE!$J$5:$J$204,"*Vent G/D*",SAISIE!$M$5:$M$204,$M$5)>0)),"",IFERROR(IF(MINIFS(SAISIE!$L$5:$L$204,SAISIE!$J$5:$J$204,"*Vent G/D*",SAISIE!$M$5:$M$204,$M$5)>=0,MAXIFS(SAISIE!$K$5:$K$204,SAISIE!$J$5:$J$204,"*Vent G/D*",SAISIE!$M$5:$M$204,$M$5),INDEX(SAISIE!$K$5:$K$204,MATCH(MINIFS(SAISIE!$L$5:$L$204,SAISIE!$J$5:$J$204,"*Vent G/D*",SAISIE!$M$5:$M$204,$M$5),SAISIE!$L$5:$L$204,0))),"-")) | K7: =IF(OR($M$5="",NOT(COUNTIFS(SAISIE!$J$5:$J$204,"*Vent G/D*",SAISIE!$M$5:$M$204,$M$5)>0)),"",IFERROR(IF(MINIFS(SAISIE!$L$5:$L$204,SAISIE!$J$5:$J$204,"*Vent G/D*",SAISIE!$M$5:$M$204,$M$5)>=0,0,MINIFS(SAISIE!$L$5:$L$204,SAISIE!$J$5:$J$204,"*Vent G/D*",SAISIE!$M$5:$M$204,$M$5)),"-")) | L7: =IF($M$5="","",IF(OR(K7="",K7="-"),"",IF(K7>0,"(soulevement)",IF(K7<0,"(compression)","-"))))
A8: =IF(OR($F$5="",NOT(MAXIFS(SAISIE!$E$5:$E$204,SAISIE!$B$5:$B$204,"*Vent G/D*",SAISIE!$F$5:$F$204,$F$5)>0)),"","Vent G/D") | B8: =IF(OR($F$5="",NOT(MAXIFS(SAISIE!$E$5:$E$204,SAISIE!$B$5:$B$204,"*Vent G/D*",SAISIE!$F$5:$F$204,$F$5)>0)),"",IFERROR(INDEX(SAISIE!$C$5:$C$204,MATCH(MAXIFS(SAISIE!$E$5:$E$204,SAISIE!$B$5:$B$204,"*Vent G/D*",SAISIE!$F$5:$F$204,$F$5),SAISIE!$E$5:$E$204,0)),"-")) | C8: =IF(OR($F$5="",NOT(MAXIFS(SAISIE!$E$5:$E$204,SAISIE!$B$5:$B$204,"*Vent G/D*",SAISIE!$F$5:$F$204,$F$5)>0)),"",IFERROR(INDEX(SAISIE!$D$5:$D$204,MATCH(MAXIFS(SAISIE!$E$5:$E$204,SAISIE!$B$5:$B$204,"*Vent G/D*",SAISIE!$F$5:$F$204,$F$5),SAISIE!$E$5:$E$204,0)),"-")) | D8: =IF(OR($F$5="",NOT(MAXIFS(SAISIE!$E$5:$E$204,SAISIE!$B$5:$B$204,"*Vent G/D*",SAISIE!$F$5:$F$204,$F$5)>0)),"",IFERROR(MAXIFS(SAISIE!$E$5:$E$204,SAISIE!$B$5:$B$204,"*Vent G/D*",SAISIE!$F$5:$F$204,$F$5),"-")) | E8: =IF($F$5="","",IF(OR(D8="",D8="-"),"",IF(D8>0,"(soulevement)",IF(D8<0,"(compression)","-")))) | I8: =IF(OR($M$5="",NOT(MAXIFS(SAISIE!$L$5:$L$204,SAISIE!$J$5:$J$204,"*Vent G/D*",SAISIE!$M$5:$M$204,$M$5)>0)),"","Vent G/D") | J8: =IF(OR($M$5="",NOT(MAXIFS(SAISIE!$L$5:$L$204,SAISIE!$J$5:$J$204,"*Vent G/D*",SAISIE!$M$5:$M$204,$M$5)>0)),"",IFERROR(INDEX(SAISIE!$K$5:$K$204,MATCH(MAXIFS(SAISIE!$L$5:$L$204,SAISIE!$J$5:$J$204,"*Vent G/D*",SAISIE!$M$5:$M$204,$M$5),SAISIE!$L$5:$L$204,0)),"-")) | K8: =IF(OR($M$5="",NOT(MAXIFS(SAISIE!$L$5:$L$204,SAISIE!$J$5:$J$204,"*Vent G/D*",SAISIE!$M$5:$M$204,$M$5)>0)),"",IFERROR(MAXIFS(SAISIE!$L$5:$L$204,SAISIE!$J$5:$J$204,"*Vent G/D*",SAISIE!$M$5:$M$204,$M$5),"-")) | L8: =IF($M$5="","",IF(OR(K8="",K8="-"),"",IF(K8>0,"(soulevement)",IF(K8<0,"(compression)","-"))))
A9: =IF(OR($F$5="",NOT(COUNTIFS(SAISIE!$B$5:$B$204,"*Vent D/G*",SAISIE!$F$5:$F$204,$F$5)>0)),"","Vent D/G") | B9: =IF(OR($F$5="",NOT(COUNTIFS(SAISIE!$B$5:$B$204,"*Vent D/G*",SAISIE!$F$5:$F$204,$F$5)>0)),"",IFERROR(IF(MINIFS(SAISIE!$E$5:$E$204,SAISIE!$B$5:$B$204,"*Vent D/G*",SAISIE!$F$5:$F$204,$F$5)>=0,MAXIFS(SAISIE!$C$5:$C$204,SAISIE!$B$5:$B$204,"*Vent D/G*",SAISIE!$F$5:$F$204,$F$5),INDEX(SAISIE!$C$5:$C$204,MATCH(MINIFS(SAISIE!$E$5:$E$204,SAISIE!$B$5:$B$204,"*Vent D/G*",SAISIE!$F$5:$F$204,$F$5),SAISIE!$E$5:$E$204,0))),"-")) | C9: =IF(OR($F$5="",NOT(COUNTIFS(SAISIE!$B$5:$B$204,"*Vent D/G*",SAISIE!$F$5:$F$204,$F$5)>0)),"",IFERROR(IF(MINIFS(SAISIE!$E$5:$E$204,SAISIE!$B$5:$B$204,"*Vent D/G*",SAISIE!$F$5:$F$204,$F$5)>=0,INDEX(SAISIE!$D$5:$D$204,MATCH(MAXIFS(SAISIE!$C$5:$C$204,SAISIE!$B$5:$B$204,"*Vent D/G*",SAISIE!$F$5:$F$204,$F$5),SAISIE!$C$5:$C$204,0)),INDEX(SAISIE!$D$5:$D$204,MATCH(MINIFS(SAISIE!$E$5:$E$204,SAISIE!$B$5:$B$204,"*Vent D/G*",SAISIE!$F$5:$F$204,$F$5),SAISIE!$E$5:$E$204,0))),"-")) | D9: =IF(OR($F$5="",NOT(COUNTIFS(SAISIE!$B$5:$B$204,"*Vent D/G*",SAISIE!$F$5:$F$204,$F$5)>0)),"",IFERROR(IF(MINIFS(SAISIE!$E$5:$E$204,SAISIE!$B$5:$B$204,"*Vent D/G*",SAISIE!$F$5:$F$204,$F$5)>=0,0,MINIFS(SAISIE!$E$5:$E$204,SAISIE!$B$5:$B$204,"*Vent D/G*",SAISIE!$F$5:$F$204,$F$5)),"-")) | E9: =IF($F$5="","",IF(OR(D9="",D9="-"),"",IF(D9>0,"(soulevement)",IF(D9<0,"(compression)","-")))) | I9: =IF(OR($M$5="",NOT(COUNTIFS(SAISIE!$J$5:$J$204,"*Vent D/G*",SAISIE!$M$5:$M$204,$M$5)>0)),"","Vent D/G") | J9: =IF(OR($M$5="",NOT(COUNTIFS(SAISIE!$J$5:$J$204,"*Vent D/G*",SAISIE!$M$5:$M$204,$M$5)>0)),"",IFERROR(IF(MINIFS(SAISIE!$L$5:$L$204,SAISIE!$J$5:$J$204,"*Vent D/G*",SAISIE!$M$5:$M$204,$M$5)>=0,MAXIFS(SAISIE!$K$5:$K$204,SAISIE!$J$5:$J$204,"*Vent D/G*",SAISIE!$M$5:$M$204,$M$5),INDEX(SAISIE!$K$5:$K$204,MATCH(MINIFS(SAISIE!$L$5:$L$204,SAISIE!$J$5:$J$204,"*Vent D/G*",SAISIE!$M$5:$M$204,$M$5),SAISIE!$L$5:$L$204,0))),"-")) | K9: =IF(OR($M$5="",NOT(COUNTIFS(SAISIE!$J$5:$J$204,"*Vent D/G*",SAISIE!$M$5:$M$204,$M$5)>0)),"",IFERROR(IF(MINIFS(SAISIE!$L$5:$L$204,SAISIE!$J$5:$J$204,"*Vent D/G*",SAISIE!$M$5:$M$204,$M$5)>=0,0,MINIFS(SAISIE!$L$5:$L$204,SAISIE!$J$5:$J$204,"*Vent D/G*",SAISIE!$M$5:$M$204,$M$5)),"-")) | L9: =IF($M$5="","",IF(OR(K9="",K9="-"),"",IF(K9>0,"(soulevement)",IF(K9<0,"(compression)","-"))))
A10: =IF(OR($F$5="",NOT(MAXIFS(SAISIE!$E$5:$E$204,SAISIE!$B$5:$B$204,"*Vent D/G*",SAISIE!$F$5:$F$204,$F$5)>0)),"","Vent D/G") | B10: =IF(OR($F$5="",NOT(MAXIFS(SAISIE!$E$5:$E$204,SAISIE!$B$5:$B$204,"*Vent D/G*",SAISIE!$F$5:$F$204,$F$5)>0)),"",IFERROR(INDEX(SAISIE!$C$5:$C$204,MATCH(MAXIFS(SAISIE!$E$5:$E$204,SAISIE!$B$5:$B$204,"*Vent D/G*",SAISIE!$F$5:$F$204,$F$5),SAISIE!$E$5:$E$204,0)),"-")) | C10: =IF(OR($F$5="",NOT(MAXIFS(SAISIE!$E$5:$E$204,SAISIE!$B$5:$B$204,"*Vent D/G*",SAISIE!$F$5:$F$204,$F$5)>0)),"",IFERROR(INDEX(SAISIE!$D$5:$D$204,MATCH(MAXIFS(SAISIE!$E$5:$E$204,SAISIE!$B$5:$B$204,"*Vent D/G*",SAISIE!$F$5:$F$204,$F$5),SAISIE!$E$5:$E$204,0)),"-")) | D10: =IF(OR($F$5="",NOT(MAXIFS(SAISIE!$E$5:$E$204,SAISIE!$B$5:$B$204,"*Vent D/G*",SAISIE!$F$5:$F$204,$F$5)>0)),"",IFERROR(MAXIFS(SAISIE!$E$5:$E$204,SAISIE!$B$5:$B$204,"*Vent D/G*",SAISIE!$F$5:$F$204,$F$5),"-")) | E10: =IF($F$5="","",IF(OR(D10="",D10="-"),"",IF(D10>0,"(soulevement)",IF(D10<0,"(compression)","-")))) | I10: =IF(OR($M$5="",NOT(MAXIFS(SAISIE!$L$5:$L$204,SAISIE!$J$5:$J$204,"*Vent D/G*",SAISIE!$M$5:$M$204,$M$5)>0)),"","Vent D/G") | J10: =IF(OR($M$5="",NOT(MAXIFS(SAISIE!$L$5:$L$204,SAISIE!$J$5:$J$204,"*Vent D/G*",SAISIE!$M$5:$M$204,$M$5)>0)),"",IFERROR(INDEX(SAISIE!$K$5:$K$204,MATCH(MAXIFS(SAISIE!$L$5:$L$204,SAISIE!$J$5:$J$204,"*Vent D/G*",SAISIE!$M$5:$M$204,$M$5),SAISIE!$L$5:$L$204,0)),"-")) | K10: =IF(OR($M$5="",NOT(MAXIFS(SAISIE!$L$5:$L$204,SAISIE!$J$5:$J$204,"*Vent D/G*",SAISIE!$M$5:$M$204,$M$5)>0)),"",IFERROR(MAXIFS(SAISIE!$L$5:$L$204,SAISIE!$J$5:$J$204,"*Vent D/G*",SAISIE!$M$5:$M$204,$M$5),"-")) | L10: =IF($M$5="","",IF(OR(K10="",K10="-"),"",IF(K10>0,"(soulevement)",IF(K10<0,"(compression)","-"))))
A11: =IF(OR($F$5="",NOT(COUNTIFS(SAISIE!$B$5:$B$204,"*Vent Av./Arr.*",SAISIE!$F$5:$F$204,$F$5)>0)),"","Vent Av./Arr.") | B11: =IF(OR($F$5="",NOT(COUNTIFS(SAISIE!$B$5:$B$204,"*Vent Av./Arr.*",SAISIE!$F$5:$F$204,$F$5)>0)),"",IFERROR(IF(MINIFS(SAISIE!$E$5:$E$204,SAISIE!$B$5:$B$204,"*Vent Av./Arr.*",SAISIE!$F$5:$F$204,$F$5)>=0,MAXIFS(SAISIE!$C$5:$C$204,SAISIE!$B$5:$B$204,"*Vent Av./Arr.*",SAISIE!$F$5:$F$204,$F$5),INDEX(SAISIE!$C$5:$C$204,MATCH(MINIFS(SAISIE!$E$5:$E$204,SAISIE!$B$5:$B$204,"*Vent Av./Arr.*",SAISIE!$F$5:$F$204,$F$5),SAISIE!$E$5:$E$204,0))),"-")) | C11: =IF(OR($F$5="",NOT(COUNTIFS(SAISIE!$B$5:$B$204,"*Vent Av./Arr.*",SAISIE!$F$5:$F$204,$F$5)>0)),"",IFERROR(IF(MINIFS(SAISIE!$E$5:$E$204,SAISIE!$B$5:$B$204,"*Vent Av./Arr.*",SAISIE!$F$5:$F$204,$F$5)>=0,INDEX(SAISIE!$D$5:$D$204,MATCH(MAXIFS(SAISIE!$C$5:$C$204,SAISIE!$B$5:$B$204,"*Vent Av./Arr.*",SAISIE!$F$5:$F$204,$F$5),SAISIE!$C$5:$C$204,0)),INDEX(SAISIE!$D$5:$D$204,MATCH(MINIFS(SAISIE!$E$5:$E$204,SAISIE!$B$5:$B$204,"*Vent Av./Arr.*",SAISIE!$F$5:$F$204,$F$5),SAISIE!$E$5:$E$204,0))),"-")) | D11: =IF(OR($F$5="",NOT(COUNTIFS(SAISIE!$B$5:$B$204,"*Vent Av./Arr.*",SAISIE!$F$5:$F$204,$F$5)>0)),"",IFERROR(IF(MINIFS(SAISIE!$E$5:$E$204,SAISIE!$B$5:$B$204,"*Vent Av./Arr.*",SAISIE!$F$5:$F$204,$F$5)>=0,0,MINIFS(SAISIE!$E$5:$E$204,SAISIE!$B$5:$B$204,"*Vent Av./Arr.*",SAISIE!$F$5:$F$204,$F$5)),"-")) | E11: =IF($F$5="","",IF(OR(D11="",D11="-"),"",IF(D11>0,"(soulevement)",IF(D11<0,"(compression)","-")))) | I11: =IF(OR($M$5="",NOT(COUNTIFS(SAISIE!$J$5:$J$204,"*Vent Av./Arr.*",SAISIE!$M$5:$M$204,$M$5)>0)),"","Vent Av./Arr.") | J11: =IF(OR($M$5="",NOT(COUNTIFS(SAISIE!$J$5:$J$204,"*Vent Av./Arr.*",SAISIE!$M$5:$M$204,$M$5)>0)),"",IFERROR(IF(MINIFS(SAISIE!$L$5:$L$204,SAISIE!$J$5:$J$204,"*Vent Av./Arr.*",SAISIE!$M$5:$M$204,$M$5)>=0,MAXIFS(SAISIE!$K$5:$K$204,SAISIE!$J$5:$J$204,"*Vent Av./Arr.*",SAISIE!$M$5:$M$204,$M$5),INDEX(SAISIE!$K$5:$K$204,MATCH(MINIFS(SAISIE!$L$5:$L$204,SAISIE!$J$5:$J$204,"*Vent Av./Arr.*",SAISIE!$M$5:$M$204,$M$5),SAISIE!$L$5:$L$204,0))),"-")) | K11: =IF(OR($M$5="",NOT(COUNTIFS(SAISIE!$J$5:$J$204,"*Vent Av./Arr.*",SAISIE!$M$5:$M$204,$M$5)>0)),"",IFERROR(IF(MINIFS(SAISIE!$L$5:$L$204,SAISIE!$J$5:$J$204,"*Vent Av./Arr.*",SAISIE!$M$5:$M$204,$M$5)>=0,0,MINIFS(SAISIE!$L$5:$L$204,SAISIE!$J$5:$J$204,"*Vent Av./Arr.*",SAISIE!$M$5:$M$204,$M$5)),"-")) | L11: =IF($M$5="","",IF(OR(K11="",K11="-"),"",IF(K11>0,"(soulevement)",IF(K11<0,"(compression)","-"))))
A12: =IF(OR($F$5="",NOT(MAXIFS(SAISIE!$E$5:$E$204,SAISIE!$B$5:$B$204,"*Vent Av./Arr.*",SAISIE!$F$5:$F$204,$F$5)>0)),"","Vent Av./Arr.") | B12: =IF(OR($F$5="",NOT(MAXIFS(SAISIE!$E$5:$E$204,SAISIE!$B$5:$B$204,"*Vent Av./Arr.*",SAISIE!$F$5:$F$204,$F$5)>0)),"",IFERROR(INDEX(SAISIE!$C$5:$C$204,MATCH(MAXIFS(SAISIE!$E$5:$E$204,SAISIE!$B$5:$B$204,"*Vent Av./Arr.*",SAISIE!$F$5:$F$204,$F$5),SAISIE!$E$5:$E$204,0)),"-")) | C12: =IF(OR($F$5="",NOT(MAXIFS(SAISIE!$E$5:$E$204,SAISIE!$B$5:$B$204,"*Vent Av./Arr.*",SAISIE!$F$5:$F$204,$F$5)>0)),"",IFERROR(INDEX(SAISIE!$D$5:$D$204,MATCH(MAXIFS(SAISIE!$E$5:$E$204,SAISIE!$B$5:$B$204,"*Vent Av./Arr.*",SAISIE!$F$5:$F$204,$F$5),SAISIE!$E$5:$E$204,0)),"-")) | D12: =IF(OR($F$5="",NOT(MAXIFS(SAISIE!$E$5:$E$204,SAISIE!$B$5:$B$204,"*Vent Av./Arr.*",SAISIE!$F$5:$F$204,$F$5)>0)),"",IFERROR(MAXIFS(SAISIE!$E$5:$E$204,SAISIE!$B$5:$B$204,"*Vent Av./Arr.*",SAISIE!$F$5:$F$204,$F$5),"-")) | E12: =IF($F$5="","",IF(OR(D12="",D12="-"),"",IF(D12>0,"(soulevement)",IF(D12<0,"(compression)","-")))) | I12: =IF(OR($M$5="",NOT(MAXIFS(SAISIE!$L$5:$L$204,SAISIE!$J$5:$J$204,"*Vent Av./Arr.*",SAISIE!$M$5:$M$204,$M$5)>0)),"","Vent Av./Arr.") | J12: =IF(OR($M$5="",NOT(MAXIFS(SAISIE!$L$5:$L$204,SAISIE!$J$5:$J$204,"*Vent Av./Arr.*",SAISIE!$M$5:$M$204,$M$5)>0)),"",IFERROR(INDEX(SAISIE!$K$5:$K$204,MATCH(MAXIFS(SAISIE!$L$5:$L$204,SAISIE!$J$5:$J$204,"*Vent Av./Arr.*",SAISIE!$M$5:$M$204,$M$5),SAISIE!$L$5:$L$204,0)),"-")) | K12: =IF(OR($M$5="",NOT(MAXIFS(SAISIE!$L$5:$L$204,SAISIE!$J$5:$J$204,"*Vent Av./Arr.*",SAISIE!$M$5:$M$204,$M$5)>0)),"",IFERROR(MAXIFS(SAISIE!$L$5:$L$204,SAISIE!$J$5:$J$204,"*Vent Av./Arr.*",SAISIE!$M$5:$M$204,$M$5),"-")) | L12: =IF($M$5="","",IF(OR(K12="",K12="-"),"",IF(K12>0,"(soulevement)",IF(K12<0,"(compression)","-"))))
A13: =IF(OR($F$5="",NOT(COUNTIFS(SAISIE!$B$5:$B$204,"*Vent Arr./Av.*",SAISIE!$F$5:$F$204,$F$5)>0)),"","Vent Arr./Av.") | B13: =IF(OR($F$5="",NOT(COUNTIFS(SAISIE!$B$5:$B$204,"*Vent Arr./Av.*",SAISIE!$F$5:$F$204,$F$5)>0)),"",IFERROR(IF(MINIFS(SAISIE!$E$5:$E$204,SAISIE!$B$5:$B$204,"*Vent Arr./Av.*",SAISIE!$F$5:$F$204,$F$5)>=0,MAXIFS(SAISIE!$C$5:$C$204,SAISIE!$B$5:$B$204,"*Vent Arr./Av.*",SAISIE!$F$5:$F$204,$F$5),INDEX(SAISIE!$C$5:$C$204,MATCH(MINIFS(SAISIE!$E$5:$E$204,SAISIE!$B$5:$B$204,"*Vent Arr./Av.*",SAISIE!$F$5:$F$204,$F$5),SAISIE!$E$5:$E$204,0))),"-")) | C13: =IF(OR($F$5="",NOT(COUNTIFS(SAISIE!$B$5:$B$204,"*Vent Arr./Av.*",SAISIE!$F$5:$F$204,$F$5)>0)),"",IFERROR(IF(MINIFS(SAISIE!$E$5:$E$204,SAISIE!$B$5:$B$204,"*Vent Arr./Av.*",SAISIE!$F$5:$F$204,$F$5)>=0,INDEX(SAISIE!$D$5:$D$204,MATCH(MAXIFS(SAISIE!$C$5:$C$204,SAISIE!$B$5:$B$204,"*Vent Arr./Av.*",SAISIE!$F$5:$F$204,$F$5),SAISIE!$C$5:$C$204,0)),INDEX(SAISIE!$D$5:$D$204,MATCH(MINIFS(SAISIE!$E$5:$E$204,SAISIE!$B$5:$B$204,"*Vent Arr./Av.*",SAISIE!$F$5:$F$204,$F$5),SAISIE!$E$5:$E$204,0))),"-")) | D13: =IF(OR($F$5="",NOT(COUNTIFS(SAISIE!$B$5:$B$204,"*Vent Arr./Av.*",SAISIE!$F$5:$F$204,$F$5)>0)),"",IFERROR(IF(MINIFS(SAISIE!$E$5:$E$204,SAISIE!$B$5:$B$204,"*Vent Arr./Av.*",SAISIE!$F$5:$F$204,$F$5)>=0,0,MINIFS(SAISIE!$E$5:$E$204,SAISIE!$B$5:$B$204,"*Vent Arr./Av.*",SAISIE!$F$5:$F$204,$F$5)),"-")) | E13: =IF($F$5="","",IF(OR(D13="",D13="-"),"",IF(D13>0,"(soulevement)",IF(D13<0,"(compression)","-")))) | I13: =IF(OR($M$5="",NOT(COUNTIFS(SAISIE!$J$5:$J$204,"*Vent Arr./Av.*",SAISIE!$M$5:$M$204,$M$5)>0)),"","Vent Arr./Av.") | J13: =IF(OR($M$5="",NOT(COUNTIFS(SAISIE!$J$5:$J$204,"*Vent Arr./Av.*",SAISIE!$M$5:$M$204,$M$5)>0)),"",IFERROR(IF(MINIFS(SAISIE!$L$5:$L$204,SAISIE!$J$5:$J$204,"*Vent Arr./Av.*",SAISIE!$M$5:$M$204,$M$5)>=0,MAXIFS(SAISIE!$K$5:$K$204,SAISIE!$J$5:$J$204,"*Vent Arr./Av.*",SAISIE!$M$5:$M$204,$M$5),INDEX(SAISIE!$K$5:$K$204,MATCH(MINIFS(SAISIE!$L$5:$L$204,SAISIE!$J$5:$J$204,"*Vent Arr./Av.*",SAISIE!$M$5:$M$204,$M$5),SAISIE!$L$5:$L$204,0))),"-")) | K13: =IF(OR($M$5="",NOT(COUNTIFS(SAISIE!$J$5:$J$204,"*Vent Arr./Av.*",SAISIE!$M$5:$M$204,$M$5)>0)),"",IFERROR(IF(MINIFS(SAISIE!$L$5:$L$204,SAISIE!$J$5:$J$204,"*Vent Arr./Av.*",SAISIE!$M$5:$M$204,$M$5)>=0,0,MINIFS(SAISIE!$L$5:$L$204,SAISIE!$J$5:$J$204,"*Vent Arr./Av.*",SAISIE!$M$5:$M$204,$M$5)),"-")) | L13: =IF($M$5="","",IF(OR(K13="",K13="-"),"",IF(K13>0,"(soulevement)",IF(K13<0,"(compression)","-"))))
A14: =IF(OR($F$5="",NOT(MAXIFS(SAISIE!$E$5:$E$204,SAISIE!$B$5:$B$204,"*Vent Arr./Av.*",SAISIE!$F$5:$F$204,$F$5)>0)),"","Vent Arr./Av.") | B14: =IF(OR($F$5="",NOT(MAXIFS(SAISIE!$E$5:$E$204,SAISIE!$B$5:$B$204,"*Vent Arr./Av.*",SAISIE!$F$5:$F$204,$F$5)>0)),"",IFERROR(INDEX(SAISIE!$C$5:$C$204,MATCH(MAXIFS(SAISIE!$E$5:$E$204,SAISIE!$B$5:$B$204,"*Vent Arr./Av.*",SAISIE!$F$5:$F$204,$F$5),SAISIE!$E$5:$E$204,0)),"-")) | C14: =IF(OR($F$5="",NOT(MAXIFS(SAISIE!$E$5:$E$204,SAISIE!$B$5:$B$204,"*Vent Arr./Av.*",SAISIE!$F$5:$F$204,$F$5)>0)),"",IFERROR(INDEX(SAISIE!$D$5:$D$204,MATCH(MAXIFS(SAISIE!$E$5:$E$204,SAISIE!$B$5:$B$204,"*Vent Arr./Av.*",SAISIE!$F$5:$F$204,$F$5),SAISIE!$E$5:$E$204,0)),"-")) | D14: =IF(OR($F$5="",NOT(MAXIFS(SAISIE!$E$5:$E$204,SAISIE!$B$5:$B$204,"*Vent Arr./Av.*",SAISIE!$F$5:$F$204,$F$5)>0)),"",IFERROR(MAXIFS(SAISIE!$E$5:$E$204,SAISIE!$B$5:$B$204,"*Vent Arr./Av.*",SAISIE!$F$5:$F$204,$F$5),"-")) | E14: =IF($F$5="","",IF(OR(D14="",D14="-"),"",IF(D14>0,"(soulevement)",IF(D14<0,"(compression)","-")))) | I14: =IF(OR($M$5="",NOT(MAXIFS(SAISIE!$L$5:$L$204,SAISIE!$J$5:$J$204,"*Vent Arr./Av.*",SAISIE!$M$5:$M$204,$M$5)>0)),"","Vent Arr./Av.") | J14: =IF(OR($M$5="",NOT(MAXIFS(SAISIE!$L$5:$L$204,SAISIE!$J$5:$J$204,"*Vent Arr./Av.*",SAISIE!$M$5:$M$204,$M$5)>0)),"",IFERROR(INDEX(SAISIE!$K$5:$K$204,MATCH(MAXIFS(SAISIE!$L$5:$L$204,SAISIE!$J$5:$J$204,"*Vent Arr./Av.*",SAISIE!$M$5:$M$204,$M$5),SAISIE!$L$5:$L$204,0)),"-")) | K14: =IF(OR($M$5="",NOT(MAXIFS(SAISIE!$L$5:$L$204,SAISIE!$J$5:$J$204,"*Vent Arr./Av.*",SAISIE!$M$5:$M$204,$M$5)>0)),"",IFERROR(MAXIFS(SAISIE!$L$5:$L$204,SAISIE!$J$5:$J$204,"*Vent Arr./Av.*",SAISIE!$M$5:$M$204,$M$5),"-")) | L14: =IF($M$5="","",IF(OR(K14="",K14="-"),"",IF(K14>0,"(soulevement)",IF(K14<0,"(compression)","-"))))
A15: =IF(OR($F$5="",NOT(TRUE)),"","Neige normale") | B15: =IF($F$5="","",IFERROR(INDEX(SAISIE!$C$5:$C$204,MATCH(MINIFS(SAISIE!$E$5:$E$204,SAISIE!$B$5:$B$204,"*Neige*",SAISIE!$B$5:$B$204,"<>*accidentel*",SAISIE!$F$5:$F$204,$F$5),SAISIE!$E$5:$E$204,0)),"-")) | C15: =IF($F$5="","",IFERROR(INDEX(SAISIE!$D$5:$D$204,MATCH(MINIFS(SAISIE!$E$5:$E$204,SAISIE!$B$5:$B$204,"*Neige*",SAISIE!$B$5:$B$204,"<>*accidentel*",SAISIE!$F$5:$F$204,$F$5),SAISIE!$E$5:$E$204,0)),"-")) | D15: =IF($F$5="","",IFERROR(INDEX(SAISIE!$E$5:$E$204,MATCH(MINIFS(SAISIE!$E$5:$E$204,SAISIE!$B$5:$B$204,"*Neige*",SAISIE!$B$5:$B$204,"<>*accidentel*",SAISIE!$F$5:$F$204,$F$5),SAISIE!$E$5:$E$204,0)),"-")) | E15: =IF($F$5="","",IF(OR(D15="",D15="-"),"",IF(D15>0,"(soulevement)",IF(D15<0,"(compression)","-")))) | I15: =IF(OR($M$5="",NOT(TRUE)),"","Neige normale") | J15: =IF($M$5="","",IFERROR(INDEX(SAISIE!$K$5:$K$204,MATCH(MINIFS(SAISIE!$L$5:$L$204,SAISIE!$J$5:$J$204,"*Neige*",SAISIE!$J$5:$J$204,"<>*accidentel*",SAISIE!$M$5:$M$204,$M$5),SAISIE!$L$5:$L$204,0)),"-")) | K15: =IF($M$5="","",IFERROR(INDEX(SAISIE!$L$5:$L$204,MATCH(MINIFS(SAISIE!$L$5:$L$204,SAISIE!$J$5:$J$204,"*Neige*",SAISIE!$J$5:$J$204,"<>*accidentel*",SAISIE!$M$5:$M$204,$M$5),SAISIE!$L$5:$L$204,0)),"-")) | L15: =IF($M$5="","",IF(OR(K15="",K15="-"),"",IF(K15>0,"(soulevement)",IF(K15<0,"(compression)","-"))))
A16: =IF(OR($F$5="",NOT(TRUE)),"","Neige accidentelle") | B16: =IF($F$5="","",IFERROR(LOOKUP(2,1/((SAISIE!$F$5:$F$204=$F$5)*(ISNUMBER(SEARCH("accidentel",SAISIE!$B$5:$B$204)))),SAISIE!$C$5:$C$204),"-")) | C16: =IF($F$5="","",IFERROR(LOOKUP(2,1/((SAISIE!$F$5:$F$204=$F$5)*(ISNUMBER(SEARCH("accidentel",SAISIE!$B$5:$B$204)))),SAISIE!$D$5:$D$204),"-")) | D16: =IF($F$5="","",IFERROR(LOOKUP(2,1/((SAISIE!$F$5:$F$204=$F$5)*(ISNUMBER(SEARCH("accidentel",SAISIE!$B$5:$B$204)))),SAISIE!$E$5:$E$204),"-")) | E16: =IF($F$5="","",IF(OR(D16="",D16="-"),"",IF(D16>0,"(soulevement)",IF(D16<0,"(compression)","-")))) | I16: =IF(OR($M$5="",NOT(TRUE)),"","Neige accidentelle") | J16: =IF($M$5="","",IFERROR(LOOKUP(2,1/((SAISIE!$M$5:$M$204=$M$5)*(ISNUMBER(SEARCH("accidentel",SAISIE!$J$5:$J$204)))),SAISIE!$K$5:$K$204),"-")) | K16: =IF($M$5="","",IFERROR(LOOKUP(2,1/((SAISIE!$M$5:$M$204=$M$5)*(ISNUMBER(SEARCH("accidentel",SAISIE!$J$5:$J$204)))),SAISIE!$L$5:$L$204),"-")) | L16: =IF($M$5="","",IF(OR(K16="",K16="-"),"",IF(K16>0,"(soulevement)",IF(K16<0,"(compression)","-"))))
A17: =IF($F$17="","","Noeud "&$F$17) | F17: =IFERROR(INDEX(SAISIE!$F$5:$F$204,AGGREGATE(15,6,ROW(SAISIE!$F$5:$F$204)-ROW(SAISIE!$F$5)+1/(SAISIE!$F$5:$F$204<>"")/(COUNTIF($F$4:F16,SAISIE!$F$5:$F$204)=0),1)),"") | I17: =IF($M$17="","","Noeud "&$M$17) | M17: =IFERROR(INDEX(SAISIE!$M$5:$M$204,AGGREGATE(15,6,ROW(SAISIE!$M$5:$M$204)-ROW(SAISIE!$M$5)+1/(SAISIE!$M$5:$M$204<>"")/(COUNTIF($M$4:M16,SAISIE!$M$5:$M$204)=0),1)),"")
A18: =IF(OR($F$17="",NOT(TRUE)),"","Couverture") | B18: =IF($F$17="","",IFERROR(IFERROR(LOOKUP(2,1/((SAISIE!$F$5:$F$204=$F$17)*(LEFT(SAISIE!$B$5:$B$204,2)="G ")),SAISIE!$C$5:$C$204),LOOKUP(2,1/((SAISIE!$F$5:$F$204=$F$17)*(ISNUMBER(SEARCH("Couverture",SAISIE!$B$5:$B$204)))),SAISIE!$C$5:$C$204)),"-")) | C18: =IF($F$17="","",IFERROR(IFERROR(LOOKUP(2,1/((SAISIE!$F$5:$F$204=$F$17)*(LEFT(SAISIE!$B$5:$B$204,2)="G ")),SAISIE!$D$5:$D$204),LOOKUP(2,1/((SAISIE!$F$5:$F$204=$F$17)*(ISNUMBER(SEARCH("Couverture",SAISIE!$B$5:$B$204)))),SAISIE!$D$5:$D$204)),"-")) | D18: =IF($F$17="","",IFERROR(IFERROR(LOOKUP(2,1/((SAISIE!$F$5:$F$204=$F$17)*(LEFT(SAISIE!$B$5:$B$204,2)="G ")),SAISIE!$E$5:$E$204),LOOKUP(2,1/((SAISIE!$F$5:$F$204=$F$17)*(ISNUMBER(SEARCH("Couverture",SAISIE!$B$5:$B$204)))),SAISIE!$E$5:$E$204)),"-")) | E18: =IF($F$17="","",IF(OR(D18="",D18="-"),"",IF(D18>0,"(soulevement)",IF(D18<0,"(compression)","-")))) | I18: =IF(OR($M$17="",NOT(TRUE)),"","Couverture") | J18: =IF($M$17="","",IFERROR(IFERROR(LOOKUP(2,1/((SAISIE!$M$5:$M$204=$M$17)*(LEFT(SAISIE!$J$5:$J$204,2)="G ")),SAISIE!$K$5:$K$204),LOOKUP(2,1/((SAISIE!$M$5:$M$204=$M$17)*(ISNUMBER(SEARCH("Couverture",SAISIE!$J$5:$J$204)))),SAISIE!$K$5:$K$204)),"-")) | K18: =IF($M$17="","",IFERROR(IFERROR(LOOKUP(2,1/((SAISIE!$M$5:$M$204=$M$17)*(LEFT(SAISIE!$J$5:$J$204,2)="G ")),SAISIE!$L$5:$L$204),LOOKUP(2,1/((SAISIE!$M$5:$M$204=$M$17)*(ISNUMBER(SEARCH("Couverture",SAISIE!$J$5:$J$204)))),SAISIE!$L$5:$L$204)),"-")) | L18: =IF($M$17="","",IF(OR(K18="",K18="-"),"",IF(K18>0,"(soulevement)",IF(K18<0,"(compression)","-"))))
A19: =IF(OR($F$17="",NOT(COUNTIFS(SAISIE!$B$5:$B$204,"*Vent G/D*",SAISIE!$F$5:$F$204,$F$17)>0)),"","Vent G/D") | B19: =IF(OR($F$17="",NOT(COUNTIFS(SAISIE!$B$5:$B$204,"*Vent G/D*",SAISIE!$F$5:$F$204,$F$17)>0)),"",IFERROR(IF(MINIFS(SAISIE!$E$5:$E$204,SAISIE!$B$5:$B$204,"*Vent G/D*",SAISIE!$F$5:$F$204,$F$17)>=0,MAXIFS(SAISIE!$C$5:$C$204,SAISIE!$B$5:$B$204,"*Vent G/D*",SAISIE!$F$5:$F$204,$F$17),INDEX(SAISIE!$C$5:$C$204,MATCH(MINIFS(SAISIE!$E$5:$E$204,SAISIE!$B$5:$B$204,"*Vent G/D*",SAISIE!$F$5:$F$204,$F$17),SAISIE!$E$5:$E$204,0))),"-")) | C19: =IF(OR($F$17="",NOT(COUNTIFS(SAISIE!$B$5:$B$204,"*Vent G/D*",SAISIE!$F$5:$F$204,$F$17)>0)),"",IFERROR(IF(MINIFS(SAISIE!$E$5:$E$204,SAISIE!$B$5:$B$204,"*Vent G/D*",SAISIE!$F$5:$F$204,$F$17)>=0,INDEX(SAISIE!$D$5:$D$204,MATCH(MAXIFS(SAISIE!$C$5:$C$204,SAISIE!$B$5:$B$204,"*Vent G/D*",SAISIE!$F$5:$F$204,$F$17),SAISIE!$C$5:$C$204,0)),INDEX(SAISIE!$D$5:$D$204,MATCH(MINIFS(SAISIE!$E$5:$E$204,SAISIE!$B$5:$B$204,"*Vent G/D*",SAISIE!$F$5:$F$204,$F$17),SAISIE!$E$5:$E$204,0))),"-")) | D19: =IF(OR($F$17="",NOT(COUNTIFS(SAISIE!$B$5:$B$204,"*Vent G/D*",SAISIE!$F$5:$F$204,$F$17)>0)),"",IFERROR(IF(MINIFS(SAISIE!$E$5:$E$204,SAISIE!$B$5:$B$204,"*Vent G/D*",SAISIE!$F$5:$F$204,$F$17)>=0,0,MINIFS(SAISIE!$E$5:$E$204,SAISIE!$B$5:$B$204,"*Vent G/D*",SAISIE!$F$5:$F$204,$F$17)),"-")) | E19: =IF($F$17="","",IF(OR(D19="",D19="-"),"",IF(D19>0,"(soulevement)",IF(D19<0,"(compression)","-")))) | I19: =IF(OR($M$17="",NOT(COUNTIFS(SAISIE!$J$5:$J$204,"*Vent G/D*",SAISIE!$M$5:$M$204,$M$17)>0)),"","Vent G/D") | J19: =IF(OR($M$17="",NOT(COUNTIFS(SAISIE!$J$5:$J$204,"*Vent G/D*",SAISIE!$M$5:$M$204,$M$17)>0)),"",IFERROR(IF(MINIFS(SAISIE!$L$5:$L$204,SAISIE!$J$5:$J$204,"*Vent G/D*",SAISIE!$M$5:$M$204,$M$17)>=0,MAXIFS(SAISIE!$K$5:$K$204,SAISIE!$J$5:$J$204,"*Vent G/D*",SAISIE!$M$5:$M$204,$M$17),INDEX(SAISIE!$K$5:$K$204,MATCH(MINIFS(SAISIE!$L$5:$L$204,SAISIE!$J$5:$J$204,"*Vent G/D*",SAISIE!$M$5:$M$204,$M$17),SAISIE!$L$5:$L$204,0))),"-")) | K19: =IF(OR($M$17="",NOT(COUNTIFS(SAISIE!$J$5:$J$204,"*Vent G/D*",SAISIE!$M$5:$M$204,$M$17)>0)),"",IFERROR(IF(MINIFS(SAISIE!$L$5:$L$204,SAISIE!$J$5:$J$204,"*Vent G/D*",SAISIE!$M$5:$M$204,$M$17)>=0,0,MINIFS(SAISIE!$L$5:$L$204,SAISIE!$J$5:$J$204,"*Vent G/D*",SAISIE!$M$5:$M$204,$M$17)),"-")) | L19: =IF($M$17="","",IF(OR(K19="",K19="-"),"",IF(K19>0,"(soulevement)",IF(K19<0,"(compression)","-"))))
A20: =IF(OR($F$17="",NOT(MAXIFS(SAISIE!$E$5:$E$204,SAISIE!$B$5:$B$204,"*Vent G/D*",SAISIE!$F$5:$F$204,$F$17)>0)),"","Vent G/D") | B20: =IF(OR($F$17="",NOT(MAXIFS(SAISIE!$E$5:$E$204,SAISIE!$B$5:$B$204,"*Vent G/D*",SAISIE!$F$5:$F$204,$F$17)>0)),"",IFERROR(INDEX(SAISIE!$C$5:$C$204,MATCH(MAXIFS(SAISIE!$E$5:$E$204,SAISIE!$B$5:$B$204,"*Vent G/D*",SAISIE!$F$5:$F$204,$F$17),SAISIE!$E$5:$E$204,0)),"-")) | C20: =IF(OR($F$17="",NOT(MAXIFS(SAISIE!$E$5:$E$204,SAISIE!$B$5:$B$204,"*Vent G/D*",SAISIE!$F$5:$F$204,$F$17)>0)),"",IFERROR(INDEX(SAISIE!$D$5:$D$204,MATCH(MAXIFS(SAISIE!$E$5:$E$204,SAISIE!$B$5:$B$204,"*Vent G/D*",SAISIE!$F$5:$F$204,$F$17),SAISIE!$E$5:$E$204,0)),"-")) | D20: =IF(OR($F$17="",NOT(MAXIFS(SAISIE!$E$5:$E$204,SAISIE!$B$5:$B$204,"*Vent G/D*",SAISIE!$F$5:$F$204,$F$17)>0)),"",IFERROR(MAXIFS(SAISIE!$E$5:$E$204,SAISIE!$B$5:$B$204,"*Vent G/D*",SAISIE!$F$5:$F$204,$F$17),"-")) | E20: =IF($F$17="","",IF(OR(D20="",D20="-"),"",IF(D20>0,"(soulevement)",IF(D20<0,"(compression)","-")))) | I20: =IF(OR($M$17="",NOT(MAXIFS(SAISIE!$L$5:$L$204,SAISIE!$J$5:$J$204,"*Vent G/D*",SAISIE!$M$5:$M$204,$M$17)>0)),"","Vent G/D") | J20: =IF(OR($M$17="",NOT(MAXIFS(SAISIE!$L$5:$L$204,SAISIE!$J$5:$J$204,"*Vent G/D*",SAISIE!$M$5:$M$204,$M$17)>0)),"",IFERROR(INDEX(SAISIE!$K$5:$K$204,MATCH(MAXIFS(SAISIE!$L$5:$L$204,SAISIE!$J$5:$J$204,"*Vent G/D*",SAISIE!$M$5:$M$204,$M$17),SAISIE!$L$5:$L$204,0)),"-")) | K20: =IF(OR($M$17="",NOT(MAXIFS(SAISIE!$L$5:$L$204,SAISIE!$J$5:$J$204,"*Vent G/D*",SAISIE!$M$5:$M$204,$M$17)>0)),"",IFERROR(MAXIFS(SAISIE!$L$5:$L$204,SAISIE!$J$5:$J$204,"*Vent G/D*",SAISIE!$M$5:$M$204,$M$17),"-")) | L20: =IF($M$17="","",IF(OR(K20="",K20="-"),"",IF(K20>0,"(soulevement)",IF(K20<0,"(compression)","-"))))
A21: =IF(OR($F$17="",NOT(COUNTIFS(SAISIE!$B$5:$B$204,"*Vent D/G*",SAISIE!$F$5:$F$204,$F$17)>0)),"","Vent D/G") | B21: =IF(OR($F$17="",NOT(COUNTIFS(SAISIE!$B$5:$B$204,"*Vent D/G*",SAISIE!$F$5:$F$204,$F$17)>0)),"",IFERROR(IF(MINIFS(SAISIE!$E$5:$E$204,SAISIE!$B$5:$B$204,"*Vent D/G*",SAISIE!$F$5:$F$204,$F$17)>=0,MAXIFS(SAISIE!$C$5:$C$204,SAISIE!$B$5:$B$204,"*Vent D/G*",SAISIE!$F$5:$F$204,$F$17),INDEX(SAISIE!$C$5:$C$204,MATCH(MINIFS(SAISIE!$E$5:$E$204,SAISIE!$B$5:$B$204,"*Vent D/G*",SAISIE!$F$5:$F$204,$F$17),SAISIE!$E$5:$E$204,0))),"-")) | C21: =IF(OR($F$17="",NOT(COUNTIFS(SAISIE!$B$5:$B$204,"*Vent D/G*",SAISIE!$F$5:$F$204,$F$17)>0)),"",IFERROR(IF(MINIFS(SAISIE!$E$5:$E$204,SAISIE!$B$5:$B$204,"*Vent D/G*",SAISIE!$F$5:$F$204,$F$17)>=0,INDEX(SAISIE!$D$5:$D$204,MATCH(MAXIFS(SAISIE!$C$5:$C$204,SAISIE!$B$5:$B$204,"*Vent D/G*",SAISIE!$F$5:$F$204,$F$17),SAISIE!$C$5:$C$204,0)),INDEX(SAISIE!$D$5:$D$204,MATCH(MINIFS(SAISIE!$E$5:$E$204,SAISIE!$B$5:$B$204,"*Vent D/G*",SAISIE!$F$5:$F$204,$F$17),SAISIE!$E$5:$E$204,0))),"-")) | D21: =IF(OR($F$17="",NOT(COUNTIFS(SAISIE!$B$5:$B$204,"*Vent D/G*",SAISIE!$F$5:$F$204,$F$17)>0)),"",IFERROR(IF(MINIFS(SAISIE!$E$5:$E$204,SAISIE!$B$5:$B$204,"*Vent D/G*",SAISIE!$F$5:$F$204,$F$17)>=0,0,MINIFS(SAISIE!$E$5:$E$204,SAISIE!$B$5:$B$204,"*Vent D/G*",SAISIE!$F$5:$F$204,$F$17)),"-")) | E21: =IF($F$17="","",IF(OR(D21="",D21="-"),"",IF(D21>0,"(soulevement)",IF(D21<0,"(compression)","-")))) | I21: =IF(OR($M$17="",NOT(COUNTIFS(SAISIE!$J$5:$J$204,"*Vent D/G*",SAISIE!$M$5:$M$204,$M$17)>0)),"","Vent D/G") | J21: =IF(OR($M$17="",NOT(COUNTIFS(SAISIE!$J$5:$J$204,"*Vent D/G*",SAISIE!$M$5:$M$204,$M$17)>0)),"",IFERROR(IF(MINIFS(SAISIE!$L$5:$L$204,SAISIE!$J$5:$J$204,"*Vent D/G*",SAISIE!$M$5:$M$204,$M$17)>=0,MAXIFS(SAISIE!$K$5:$K$204,SAISIE!$J$5:$J$204,"*Vent D/G*",SAISIE!$M$5:$M$204,$M$17),INDEX(SAISIE!$K$5:$K$204,MATCH(MINIFS(SAISIE!$L$5:$L$204,SAISIE!$J$5:$J$204,"*Vent D/G*",SAISIE!$M$5:$M$204,$M$17),SAISIE!$L$5:$L$204,0))),"-")) | K21: =IF(OR($M$17="",NOT(COUNTIFS(SAISIE!$J$5:$J$204,"*Vent D/G*",SAISIE!$M$5:$M$204,$M$17)>0)),"",IFERROR(IF(MINIFS(SAISIE!$L$5:$L$204,SAISIE!$J$5:$J$204,"*Vent D/G*",SAISIE!$M$5:$M$204,$M$17)>=0,0,MINIFS(SAISIE!$L$5:$L$204,SAISIE!$J$5:$J$204,"*Vent D/G*",SAISIE!$M$5:$M$204,$M$17)),"-")) | L21: =IF($M$17="","",IF(OR(K21="",K21="-"),"",IF(K21>0,"(soulevement)",IF(K21<0,"(compression)","-"))))
A22: =IF(OR($F$17="",NOT(MAXIFS(SAISIE!$E$5:$E$204,SAISIE!$B$5:$B$204,"*Vent D/G*",SAISIE!$F$5:$F$204,$F$17)>0)),"","Vent D/G") | B22: =IF(OR($F$17="",NOT(MAXIFS(SAISIE!$E$5:$E$204,SAISIE!$B$5:$B$204,"*Vent D/G*",SAISIE!$F$5:$F$204,$F$17)>0)),"",IFERROR(INDEX(SAISIE!$C$5:$C$204,MATCH(MAXIFS(SAISIE!$E$5:$E$204,SAISIE!$B$5:$B$204,"*Vent D/G*",SAISIE!$F$5:$F$204,$F$17),SAISIE!$E$5:$E$204,0)),"-")) | C22: =IF(OR($F$17="",NOT(MAXIFS(SAISIE!$E$5:$E$204,SAISIE!$B$5:$B$204,"*Vent D/G*",SAISIE!$F$5:$F$204,$F$17)>0)),"",IFERROR(INDEX(SAISIE!$D$5:$D$204,MATCH(MAXIFS(SAISIE!$E$5:$E$204,SAISIE!$B$5:$B$204,"*Vent D/G*",SAISIE!$F$5:$F$204,$F$17),SAISIE!$E$5:$E$204,0)),"-")) | D22: =IF(OR($F$17="",NOT(MAXIFS(SAISIE!$E$5:$E$204,SAISIE!$B$5:$B$204,"*Vent D/G*",SAISIE!$F$5:$F$204,$F$17)>0)),"",IFERROR(MAXIFS(SAISIE!$E$5:$E$204,SAISIE!$B$5:$B$204,"*Vent D/G*",SAISIE!$F$5:$F$204,$F$17),"-")) | E22: =IF($F$17="","",IF(OR(D22="",D22="-"),"",IF(D22>0,"(soulevement)",IF(D22<0,"(compression)","-")))) | I22: =IF(OR($M$17="",NOT(MAXIFS(SAISIE!$L$5:$L$204,SAISIE!$J$5:$J$204,"*Vent D/G*",SAISIE!$M$5:$M$204,$M$17)>0)),"","Vent D/G") | J22: =IF(OR($M$17="",NOT(MAXIFS(SAISIE!$L$5:$L$204,SAISIE!$J$5:$J$204,"*Vent D/G*",SAISIE!$M$5:$M$204,$M$17)>0)),"",IFERROR(INDEX(SAISIE!$K$5:$K$204,MATCH(MAXIFS(SAISIE!$L$5:$L$204,SAISIE!$J$5:$J$204,"*Vent D/G*",SAISIE!$M$5:$M$204,$M$17),SAISIE!$L$5:$L$204,0)),"-")) | K22: =IF(OR($M$17="",NOT(MAXIFS(SAISIE!$L$5:$L$204,SAISIE!$J$5:$J$204,"*Vent D/G*",SAISIE!$M$5:$M$204,$M$17)>0)),"",IFERROR(MAXIFS(SAISIE!$L$5:$L$204,SAISIE!$J$5:$J$204,"*Vent D/G*",SAISIE!$M$5:$M$204,$M$17),"-")) | L22: =IF($M$17="","",IF(OR(K22="",K22="-"),"",IF(K22>0,"(soulevement)",IF(K22<0,"(compression)","-"))))
A23: =IF(OR($F$17="",NOT(COUNTIFS(SAISIE!$B$5:$B$204,"*Vent Av./Arr.*",SAISIE!$F$5:$F$204,$F$17)>0)),"","Vent Av./Arr.") | B23: =IF(OR($F$17="",NOT(COUNTIFS(SAISIE!$B$5:$B$204,"*Vent Av./Arr.*",SAISIE!$F$5:$F$204,$F$17)>0)),"",IFERROR(IF(MINIFS(SAISIE!$E$5:$E$204,SAISIE!$B$5:$B$204,"*Vent Av./Arr.*",SAISIE!$F$5:$F$204,$F$17)>=0,MAXIFS(SAISIE!$C$5:$C$204,SAISIE!$B$5:$B$204,"*Vent Av./Arr.*",SAISIE!$F$5:$F$204,$F$17),INDEX(SAISIE!$C$5:$C$204,MATCH(MINIFS(SAISIE!$E$5:$E$204,SAISIE!$B$5:$B$204,"*Vent Av./Arr.*",SAISIE!$F$5:$F$204,$F$17),SAISIE!$E$5:$E$204,0))),"-")) | C23: =IF(OR($F$17="",NOT(COUNTIFS(SAISIE!$B$5:$B$204,"*Vent Av./Arr.*",SAISIE!$F$5:$F$204,$F$17)>0)),"",IFERROR(IF(MINIFS(SAISIE!$E$5:$E$204,SAISIE!$B$5:$B$204,"*Vent Av./Arr.*",SAISIE!$F$5:$F$204,$F$17)>=0,INDEX(SAISIE!$D$5:$D$204,MATCH(MAXIFS(SAISIE!$C$5:$C$204,SAISIE!$B$5:$B$204,"*Vent Av./Arr.*",SAISIE!$F$5:$F$204,$F$17),SAISIE!$C$5:$C$204,0)),INDEX(SAISIE!$D$5:$D$204,MATCH(MINIFS(SAISIE!$E$5:$E$204,SAISIE!$B$5:$B$204,"*Vent Av./Arr.*",SAISIE!$F$5:$F$204,$F$17),SAISIE!$E$5:$E$204,0))),"-")) | D23: =IF(OR($F$17="",NOT(COUNTIFS(SAISIE!$B$5:$B$204,"*Vent Av./Arr.*",SAISIE!$F$5:$F$204,$F$17)>0)),"",IFERROR(IF(MINIFS(SAISIE!$E$5:$E$204,SAISIE!$B$5:$B$204,"*Vent Av./Arr.*",SAISIE!$F$5:$F$204,$F$17)>=0,0,MINIFS(SAISIE!$E$5:$E$204,SAISIE!$B$5:$B$204,"*Vent Av./Arr.*",SAISIE!$F$5:$F$204,$F$17)),"-")) | E23: =IF($F$17="","",IF(OR(D23="",D23="-"),"",IF(D23>0,"(soulevement)",IF(D23<0,"(compression)","-")))) | I23: =IF(OR($M$17="",NOT(COUNTIFS(SAISIE!$J$5:$J$204,"*Vent Av./Arr.*",SAISIE!$M$5:$M$204,$M$17)>0)),"","Vent Av./Arr.") | J23: =IF(OR($M$17="",NOT(COUNTIFS(SAISIE!$J$5:$J$204,"*Vent Av./Arr.*",SAISIE!$M$5:$M$204,$M$17)>0)),"",IFERROR(IF(MINIFS(SAISIE!$L$5:$L$204,SAISIE!$J$5:$J$204,"*Vent Av./Arr.*",SAISIE!$M$5:$M$204,$M$17)>=0,MAXIFS(SAISIE!$K$5:$K$204,SAISIE!$J$5:$J$204,"*Vent Av./Arr.*",SAISIE!$M$5:$M$204,$M$17),INDEX(SAISIE!$K$5:$K$204,MATCH(MINIFS(SAISIE!$L$5:$L$204,SAISIE!$J$5:$J$204,"*Vent Av./Arr.*",SAISIE!$M$5:$M$204,$M$17),SAISIE!$L$5:$L$204,0))),"-")) | K23: =IF(OR($M$17="",NOT(COUNTIFS(SAISIE!$J$5:$J$204,"*Vent Av./Arr.*",SAISIE!$M$5:$M$204,$M$17)>0)),"",IFERROR(IF(MINIFS(SAISIE!$L$5:$L$204,SAISIE!$J$5:$J$204,"*Vent Av./Arr.*",SAISIE!$M$5:$M$204,$M$17)>=0,0,MINIFS(SAISIE!$L$5:$L$204,SAISIE!$J$5:$J$204,"*Vent Av./Arr.*",SAISIE!$M$5:$M$204,$M$17)),"-")) | L23: =IF($M$17="","",IF(OR(K23="",K23="-"),"",IF(K23>0,"(soulevement)",IF(K23<0,"(compression)","-"))))
A24: =IF(OR($F$17="",NOT(MAXIFS(SAISIE!$E$5:$E$204,SAISIE!$B$5:$B$204,"*Vent Av./Arr.*",SAISIE!$F$5:$F$204,$F$17)>0)),"","Vent Av./Arr.") | B24: =IF(OR($F$17="",NOT(MAXIFS(SAISIE!$E$5:$E$204,SAISIE!$B$5:$B$204,"*Vent Av./Arr.*",SAISIE!$F$5:$F$204,$F$17)>0)),"",IFERROR(INDEX(SAISIE!$C$5:$C$204,MATCH(MAXIFS(SAISIE!$E$5:$E$204,SAISIE!$B$5:$B$204,"*Vent Av./Arr.*",SAISIE!$F$5:$F$204,$F$17),SAISIE!$E$5:$E$204,0)),"-")) | C24: =IF(OR($F$17="",NOT(MAXIFS(SAISIE!$E$5:$E$204,SAISIE!$B$5:$B$204,"*Vent Av./Arr.*",SAISIE!$F$5:$F$204,$F$17)>0)),"",IFERROR(INDEX(SAISIE!$D$5:$D$204,MATCH(MAXIFS(SAISIE!$E$5:$E$204,SAISIE!$B$5:$B$204,"*Vent Av./Arr.*",SAISIE!$F$5:$F$204,$F$17),SAISIE!$E$5:$E$204,0)),"-")) | D24: =IF(OR($F$17="",NOT(MAXIFS(SAISIE!$E$5:$E$204,SAISIE!$B$5:$B$204,"*Vent Av./Arr.*",SAISIE!$F$5:$F$204,$F$17)>0)),"",IFERROR(MAXIFS(SAISIE!$E$5:$E$204,SAISIE!$B$5:$B$204,"*Vent Av./Arr.*",SAISIE!$F$5:$F$204,$F$17),"-")) | E24: =IF($F$17="","",IF(OR(D24="",D24="-"),"",IF(D24>0,"(soulevement)",IF(D24<0,"(compression)","-")))) | I24: =IF(OR($M$17="",NOT(MAXIFS(SAISIE!$L$5:$L$204,SAISIE!$J$5:$J$204,"*Vent Av./Arr.*",SAISIE!$M$5:$M$204,$M$17)>0)),"","Vent Av./Arr.") | J24: =IF(OR($M$17="",NOT(MAXIFS(SAISIE!$L$5:$L$204,SAISIE!$J$5:$J$204,"*Vent Av./Arr.*",SAISIE!$M$5:$M$204,$M$17)>0)),"",IFERROR(INDEX(SAISIE!$K$5:$K$204,MATCH(MAXIFS(SAISIE!$L$5:$L$204,SAISIE!$J$5:$J$204,"*Vent Av./Arr.*",SAISIE!$M$5:$M$204,$M$17),SAISIE!$L$5:$L$204,0)),"-")) | K24: =IF(OR($M$17="",NOT(MAXIFS(SAISIE!$L$5:$L$204,SAISIE!$J$5:$J$204,"*Vent Av./Arr.*",SAISIE!$M$5:$M$204,$M$17)>0)),"",IFERROR(MAXIFS(SAISIE!$L$5:$L$204,SAISIE!$J$5:$J$204,"*Vent Av./Arr.*",SAISIE!$M$5:$M$204,$M$17),"-")) | L24: =IF($M$17="","",IF(OR(K24="",K24="-"),"",IF(K24>0,"(soulevement)",IF(K24<0,"(compression)","-"))))
A25: =IF(OR($F$17="",NOT(COUNTIFS(SAISIE!$B$5:$B$204,"*Vent Arr./Av.*",SAISIE!$F$5:$F$204,$F$17)>0)),"","Vent Arr./Av.") | B25: =IF(OR($F$17="",NOT(COUNTIFS(SAISIE!$B$5:$B$204,"*Vent Arr./Av.*",SAISIE!$F$5:$F$204,$F$17)>0)),"",IFERROR(IF(MINIFS(SAISIE!$E$5:$E$204,SAISIE!$B$5:$B$204,"*Vent Arr./Av.*",SAISIE!$F$5:$F$204,$F$17)>=0,MAXIFS(SAISIE!$C$5:$C$204,SAISIE!$B$5:$B$204,"*Vent Arr./Av.*",SAISIE!$F$5:$F$204,$F$17),INDEX(SAISIE!$C$5:$C$204,MATCH(MINIFS(SAISIE!$E$5:$E$204,SAISIE!$B$5:$B$204,"*Vent Arr./Av.*",SAISIE!$F$5:$F$204,$F$17),SAISIE!$E$5:$E$204,0))),"-")) | C25: =IF(OR($F$17="",NOT(COUNTIFS(SAISIE!$B$5:$B$204,"*Vent Arr./Av.*",SAISIE!$F$5:$F$204,$F$17)>0)),"",IFERROR(IF(MINIFS(SAISIE!$E$5:$E$204,SAISIE!$B$5:$B$204,"*Vent Arr./Av.*",SAISIE!$F$5:$F$204,$F$17)>=0,INDEX(SAISIE!$D$5:$D$204,MATCH(MAXIFS(SAISIE!$C$5:$C$204,SAISIE!$B$5:$B$204,"*Vent Arr./Av.*",SAISIE!$F$5:$F$204,$F$17),SAISIE!$C$5:$C$204,0)),INDEX(SAISIE!$D$5:$D$204,MATCH(MINIFS(SAISIE!$E$5:$E$204,SAISIE!$B$5:$B$204,"*Vent Arr./Av.*",SAISIE!$F$5:$F$204,$F$17),SAISIE!$E$5:$E$204,0))),"-")) | D25: =IF(OR($F$17="",NOT(COUNTIFS(SAISIE!$B$5:$B$204,"*Vent Arr./Av.*",SAISIE!$F$5:$F$204,$F$17)>0)),"",IFERROR(IF(MINIFS(SAISIE!$E$5:$E$204,SAISIE!$B$5:$B$204,"*Vent Arr./Av.*",SAISIE!$F$5:$F$204,$F$17)>=0,0,MINIFS(SAISIE!$E$5:$E$204,SAISIE!$B$5:$B$204,"*Vent Arr./Av.*",SAISIE!$F$5:$F$204,$F$17)),"-")) | E25: =IF($F$17="","",IF(OR(D25="",D25="-"),"",IF(D25>0,"(soulevement)",IF(D25<0,"(compression)","-")))) | I25: =IF(OR($M$17="",NOT(COUNTIFS(SAISIE!$J$5:$J$204,"*Vent Arr./Av.*",SAISIE!$M$5:$M$204,$M$17)>0)),"","Vent Arr./Av.") | J25: =IF(OR($M$17="",NOT(COUNTIFS(SAISIE!$J$5:$J$204,"*Vent Arr./Av.*",SAISIE!$M$5:$M$204,$M$17)>0)),"",IFERROR(IF(MINIFS(SAISIE!$L$5:$L$204,SAISIE!$J$5:$J$204,"*Vent Arr./Av.*",SAISIE!$M$5:$M$204,$M$17)>=0,MAXIFS(SAISIE!$K$5:$K$204,SAISIE!$J$5:$J$204,"*Vent Arr./Av.*",SAISIE!$M$5:$M$204,$M$17),INDEX(SAISIE!$K$5:$K$204,MATCH(MINIFS(SAISIE!$L$5:$L$204,SAISIE!$J$5:$J$204,"*Vent Arr./Av.*",SAISIE!$M$5:$M$204,$M$17),SAISIE!$L$5:$L$204,0))),"-")) | K25: =IF(OR($M$17="",NOT(COUNTIFS(SAISIE!$J$5:$J$204,"*Vent Arr./Av.*",SAISIE!$M$5:$M$204,$M$17)>0)),"",IFERROR(IF(MINIFS(SAISIE!$L$5:$L$204,SAISIE!$J$5:$J$204,"*Vent Arr./Av.*",SAISIE!$M$5:$M$204,$M$17)>=0,0,MINIFS(SAISIE!$L$5:$L$204,SAISIE!$J$5:$J$204,"*Vent Arr./Av.*",SAISIE!$M$5:$M$204,$M$17)),"-")) | L25: =IF($M$17="","",IF(OR(K25="",K25="-"),"",IF(K25>0,"(soulevement)",IF(K25<0,"(compression)","-"))))
A26: =IF(OR($F$17="",NOT(MAXIFS(SAISIE!$E$5:$E$204,SAISIE!$B$5:$B$204,"*Vent Arr./Av.*",SAISIE!$F$5:$F$204,$F$17)>0)),"","Vent Arr./Av.") | B26: =IF(OR($F$17="",NOT(MAXIFS(SAISIE!$E$5:$E$204,SAISIE!$B$5:$B$204,"*Vent Arr./Av.*",SAISIE!$F$5:$F$204,$F$17)>0)),"",IFERROR(INDEX(SAISIE!$C$5:$C$204,MATCH(MAXIFS(SAISIE!$E$5:$E$204,SAISIE!$B$5:$B$204,"*Vent Arr./Av.*",SAISIE!$F$5:$F$204,$F$17),SAISIE!$E$5:$E$204,0)),"-")) | C26: =IF(OR($F$17="",NOT(MAXIFS(SAISIE!$E$5:$E$204,SAISIE!$B$5:$B$204,"*Vent Arr./Av.*",SAISIE!$F$5:$F$204,$F$17)>0)),"",IFERROR(INDEX(SAISIE!$D$5:$D$204,MATCH(MAXIFS(SAISIE!$E$5:$E$204,SAISIE!$B$5:$B$204,"*Vent Arr./Av.*",SAISIE!$F$5:$F$204,$F$17),SAISIE!$E$5:$E$204,0)),"-")) | D26: =IF(OR($F$17="",NOT(MAXIFS(SAISIE!$E$5:$E$204,SAISIE!$B$5:$B$204,"*Vent Arr./Av.*",SAISIE!$F$5:$F$204,$F$17)>0)),"",IFERROR(MAXIFS(SAISIE!$E$5:$E$204,SAISIE!$B$5:$B$204,"*Vent Arr./Av.*",SAISIE!$F$5:$F$204,$F$17),"-")) | E26: =IF($F$17="","",IF(OR(D26="",D26="-"),"",IF(D26>0,"(soulevement)",IF(D26<0,"(compression)","-")))) | I26: =IF(OR($M$17="",NOT(MAXIFS(SAISIE!$L$5:$L$204,SAISIE!$J$5:$J$204,"*Vent Arr./Av.*",SAISIE!$M$5:$M$204,$M$17)>0)),"","Vent Arr./Av.") | J26: =IF(OR($M$17="",NOT(MAXIFS(SAISIE!$L$5:$L$204,SAISIE!$J$5:$J$204,"*Vent Arr./Av.*",SAISIE!$M$5:$M$204,$M$17)>0)),"",IFERROR(INDEX(SAISIE!$K$5:$K$204,MATCH(MAXIFS(SAISIE!$L$5:$L$204,SAISIE!$J$5:$J$204,"*Vent Arr./Av.*",SAISIE!$M$5:$M$204,$M$17),SAISIE!$L$5:$L$204,0)),"-")) | K26: =IF(OR($M$17="",NOT(MAXIFS(SAISIE!$L$5:$L$204,SAISIE!$J$5:$J$204,"*Vent Arr./Av.*",SAISIE!$M$5:$M$204,$M$17)>0)),"",IFERROR(MAXIFS(SAISIE!$L$5:$L$204,SAISIE!$J$5:$J$204,"*Vent Arr./Av.*",SAISIE!$M$5:$M$204,$M$17),"-")) | L26: =IF($M$17="","",IF(OR(K26="",K26="-"),"",IF(K26>0,"(soulevement)",IF(K26<0,"(compression)","-"))))
A27: =IF(OR($F$17="",NOT(TRUE)),"","Neige normale") | B27: =IF($F$17="","",IFERROR(INDEX(SAISIE!$C$5:$C$204,MATCH(MINIFS(SAISIE!$E$5:$E$204,SAISIE!$B$5:$B$204,"*Neige*",SAISIE!$B$5:$B$204,"<>*accidentel*",SAISIE!$F$5:$F$204,$F$17),SAISIE!$E$5:$E$204,0)),"-")) | C27: =IF($F$17="","",IFERROR(INDEX(SAISIE!$D$5:$D$204,MATCH(MINIFS(SAISIE!$E$5:$E$204,SAISIE!$B$5:$B$204,"*Neige*",SAISIE!$B$5:$B$204,"<>*accidentel*",SAISIE!$F$5:$F$204,$F$17),SAISIE!$E$5:$E$204,0)),"-")) | D27: =IF($F$17="","",IFERROR(INDEX(SAISIE!$E$5:$E$204,MATCH(MINIFS(SAISIE!$E$5:$E$204,SAISIE!$B$5:$B$204,"*Neige*",SAISIE!$B$5:$B$204,"<>*accidentel*",SAISIE!$F$5:$F$204,$F$17),SAISIE!$E$5:$E$204,0)),"-")) | E27: =IF($F$17="","",IF(OR(D27="",D27="-"),"",IF(D27>0,"(soulevement)",IF(D27<0,"(compression)","-")))) | I27: =IF(OR($M$17="",NOT(TRUE)),"","Neige normale") | J27: =IF($M$17="","",IFERROR(INDEX(SAISIE!$K$5:$K$204,MATCH(MINIFS(SAISIE!$L$5:$L$204,SAISIE!$J$5:$J$204,"*Neige*",SAISIE!$J$5:$J$204,"<>*accidentel*",SAISIE!$M$5:$M$204,$M$17),SAISIE!$L$5:$L$204,0)),"-")) | K27: =IF($M$17="","",IFERROR(INDEX(SAISIE!$L$5:$L$204,MATCH(MINIFS(SAISIE!$L$5:$L$204,SAISIE!$J$5:$J$204,"*Neige*",SAISIE!$J$5:$J$204,"<>*accidentel*",SAISIE!$M$5:$M$204,$M$17),SAISIE!$L$5:$L$204,0)),"-")) | L27: =IF($M$17="","",IF(OR(K27="",K27="-"),"",IF(K27>0,"(soulevement)",IF(K27<0,"(compression)","-"))))
A28: =IF(OR($F$17="",NOT(TRUE)),"","Neige accidentelle") | B28: =IF($F$17="","",IFERROR(LOOKUP(2,1/((SAISIE!$F$5:$F$204=$F$17)*(ISNUMBER(SEARCH("accidentel",SAISIE!$B$5:$B$204)))),SAISIE!$C$5:$C$204),"-")) | C28: =IF($F$17="","",IFERROR(LOOKUP(2,1/((SAISIE!$F$5:$F$204=$F$17)*(ISNUMBER(SEARCH("accidentel",SAISIE!$B$5:$B$204)))),SAISIE!$D$5:$D$204),"-")) | D28: =IF($F$17="","",IFERROR(LOOKUP(2,1/((SAISIE!$F$5:$F$204=$F$17)*(ISNUMBER(SEARCH("accidentel",SAISIE!$B$5:$B$204)))),SAISIE!$E$5:$E$204),"-")) | E28: =IF($F$17="","",IF(OR(D28="",D28="-"),"",IF(D28>0,"(soulevement)",IF(D28<0,"(compression)","-")))) | I28: =IF(OR($M$17="",NOT(TRUE)),"","Neige accidentelle") | J28: =IF($M$17="","",IFERROR(LOOKUP(2,1/((SAISIE!$M$5:$M$204=$M$17)*(ISNUMBER(SEARCH("accidentel",SAISIE!$J$5:$J$204)))),SAISIE!$K$5:$K$204),"-")) | K28: =IF($M$17="","",IFERROR(LOOKUP(2,1/((SAISIE!$M$5:$M$204=$M$17)*(ISNUMBER(SEARCH("accidentel",SAISIE!$J$5:$J$204)))),SAISIE!$L$5:$L$204),"-")) | L28: =IF($M$17="","",IF(OR(K28="",K28="-"),"",IF(K28>0,"(soulevement)",IF(K28<0,"(compression)","-"))))
A29: =IF($F$29="","","Noeud "&$F$29) | F29: =IFERROR(INDEX(SAISIE!$F$5:$F$204,AGGREGATE(15,6,ROW(SAISIE!$F$5:$F$204)-ROW(SAISIE!$F$5)+1/(SAISIE!$F$5:$F$204<>"")/(COUNTIF($F$4:F28,SAISIE!$F$5:$F$204)=0),1)),"") | I29: =IF($M$29="","","Noeud "&$M$29) | M29: =IFERROR(INDEX(SAISIE!$M$5:$M$204,AGGREGATE(15,6,ROW(SAISIE!$M$5:$M$204)-ROW(SAISIE!$M$5)+1/(SAISIE!$M$5:$M$204<>"")/(COUNTIF($M$4:M28,SAISIE!$M$5:$M$204)=0),1)),"")
A30: =IF(OR($F$29="",NOT(TRUE)),"","Couverture") | B30: =IF($F$29="","",IFERROR(IFERROR(LOOKUP(2,1/((SAISIE!$F$5:$F$204=$F$29)*(LEFT(SAISIE!$B$5:$B$204,2)="G ")),SAISIE!$C$5:$C$204),LOOKUP(2,1/((SAISIE!$F$5:$F$204=$F$29)*(ISNUMBER(SEARCH("Couverture",SAISIE!$B$5:$B$204)))),SAISIE!$C$5:$C$204)),"-")) | C30: =IF($F$29="","",IFERROR(IFERROR(LOOKUP(2,1/((SAISIE!$F$5:$F$204=$F$29)*(LEFT(SAISIE!$B$5:$B$204,2)="G ")),SAISIE!$D$5:$D$204),LOOKUP(2,1/((SAISIE!$F$5:$F$204=$F$29)*(ISNUMBER(SEARCH("Couverture",SAISIE!$B$5:$B$204)))),SAISIE!$D$5:$D$204)),"-")) | D30: =IF($F$29="","",IFERROR(IFERROR(LOOKUP(2,1/((SAISIE!$F$5:$F$204=$F$29)*(LEFT(SAISIE!$B$5:$B$204,2)="G ")),SAISIE!$E$5:$E$204),LOOKUP(2,1/((SAISIE!$F$5:$F$204=$F$29)*(ISNUMBER(SEARCH("Couverture",SAISIE!$B$5:$B$204)))),SAISIE!$E$5:$E$204)),"-")) | E30: =IF($F$29="","",IF(OR(D30="",D30="-"),"",IF(D30>0,"(soulevement)",IF(D30<0,"(compression)","-")))) | I30: =IF(OR($M$29="",NOT(TRUE)),"","Couverture") | J30: =IF($M$29="","",IFERROR(IFERROR(LOOKUP(2,1/((SAISIE!$M$5:$M$204=$M$29)*(LEFT(SAISIE!$J$5:$J$204,2)="G ")),SAISIE!$K$5:$K$204),LOOKUP(2,1/((SAISIE!$M$5:$M$204=$M$29)*(ISNUMBER(SEARCH("Couverture",SAISIE!$J$5:$J$204)))),SAISIE!$K$5:$K$204)),"-")) | K30: =IF($M$29="","",IFERROR(IFERROR(LOOKUP(2,1/((SAISIE!$M$5:$M$204=$M$29)*(LEFT(SAISIE!$J$5:$J$204,2)="G ")),SAISIE!$L$5:$L$204),LOOKUP(2,1/((SAISIE!$M$5:$M$204=$M$29)*(ISNUMBER(SEARCH("Couverture",SAISIE!$J$5:$J$204)))),SAISIE!$L$5:$L$204)),"-")) | L30: =IF($M$29="","",IF(OR(K30="",K30="-"),"",IF(K30>0,"(soulevement)",IF(K30<0,"(compression)","-"))))
A31: =IF(OR($F$29="",NOT(COUNTIFS(SAISIE!$B$5:$B$204,"*Vent G/D*",SAISIE!$F$5:$F$204,$F$29)>0)),"","Vent G/D") | B31: =IF(OR($F$29="",NOT(COUNTIFS(SAISIE!$B$5:$B$204,"*Vent G/D*",SAISIE!$F$5:$F$204,$F$29)>0)),"",IFERROR(IF(MINIFS(SAISIE!$E$5:$E$204,SAISIE!$B$5:$B$204,"*Vent G/D*",SAISIE!$F$5:$F$204,$F$29)>=0,MAXIFS(SAISIE!$C$5:$C$204,SAISIE!$B$5:$B$204,"*Vent G/D*",SAISIE!$F$5:$F$204,$F$29),INDEX(SAISIE!$C$5:$C$204,MATCH(MINIFS(SAISIE!$E$5:$E$204,SAISIE!$B$5:$B$204,"*Vent G/D*",SAISIE!$F$5:$F$204,$F$29),SAISIE!$E$5:$E$204,0))),"-")) | C31: =IF(OR($F$29="",NOT(COUNTIFS(SAISIE!$B$5:$B$204,"*Vent G/D*",SAISIE!$F$5:$F$204,$F$29)>0)),"",IFERROR(IF(MINIFS(SAISIE!$E$5:$E$204,SAISIE!$B$5:$B$204,"*Vent G/D*",SAISIE!$F$5:$F$204,$F$29)>=0,INDEX(SAISIE!$D$5:$D$204,MATCH(MAXIFS(SAISIE!$C$5:$C$204,SAISIE!$B$5:$B$204,"*Vent G/D*",SAISIE!$F$5:$F$204,$F$29),SAISIE!$C$5:$C$204,0)),INDEX(SAISIE!$D$5:$D$204,MATCH(MINIFS(SAISIE!$E$5:$E$204,SAISIE!$B$5:$B$204,"*Vent G/D*",SAISIE!$F$5:$F$204,$F$29),SAISIE!$E$5:$E$204,0))),"-")) | D31: =IF(OR($F$29="",NOT(COUNTIFS(SAISIE!$B$5:$B$204,"*Vent G/D*",SAISIE!$F$5:$F$204,$F$29)>0)),"",IFERROR(IF(MINIFS(SAISIE!$E$5:$E$204,SAISIE!$B$5:$B$204,"*Vent G/D*",SAISIE!$F$5:$F$204,$F$29)>=0,0,MINIFS(SAISIE!$E$5:$E$204,SAISIE!$B$5:$B$204,"*Vent G/D*",SAISIE!$F$5:$F$204,$F$29)),"-")) | E31: =IF($F$29="","",IF(OR(D31="",D31="-"),"",IF(D31>0,"(soulevement)",IF(D31<0,"(compression)","-")))) | I31: =IF(OR($M$29="",NOT(COUNTIFS(SAISIE!$J$5:$J$204,"*Vent G/D*",SAISIE!$M$5:$M$204,$M$29)>0)),"","Vent G/D") | J31: =IF(OR($M$29="",NOT(COUNTIFS(SAISIE!$J$5:$J$204,"*Vent G/D*",SAISIE!$M$5:$M$204,$M$29)>0)),"",IFERROR(IF(MINIFS(SAISIE!$L$5:$L$204,SAISIE!$J$5:$J$204,"*Vent G/D*",SAISIE!$M$5:$M$204,$M$29)>=0,MAXIFS(SAISIE!$K$5:$K$204,SAISIE!$J$5:$J$204,"*Vent G/D*",SAISIE!$M$5:$M$204,$M$29),INDEX(SAISIE!$K$5:$K$204,MATCH(MINIFS(SAISIE!$L$5:$L$204,SAISIE!$J$5:$J$204,"*Vent G/D*",SAISIE!$M$5:$M$204,$M$29),SAISIE!$L$5:$L$204,0))),"-")) | K31: =IF(OR($M$29="",NOT(COUNTIFS(SAISIE!$J$5:$J$204,"*Vent G/D*",SAISIE!$M$5:$M$204,$M$29)>0)),"",IFERROR(IF(MINIFS(SAISIE!$L$5:$L$204,SAISIE!$J$5:$J$204,"*Vent G/D*",SAISIE!$M$5:$M$204,$M$29)>=0,0,MINIFS(SAISIE!$L$5:$L$204,SAISIE!$J$5:$J$204,"*Vent G/D*",SAISIE!$M$5:$M$204,$M$29)),"-")) | L31: =IF($M$29="","",IF(OR(K31="",K31="-"),"",IF(K31>0,"(soulevement)",IF(K31<0,"(compression)","-"))))
A32: =IF(OR($F$29="",NOT(MAXIFS(SAISIE!$E$5:$E$204,SAISIE!$B$5:$B$204,"*Vent G/D*",SAISIE!$F$5:$F$204,$F$29)>0)),"","Vent G/D") | B32: =IF(OR($F$29="",NOT(MAXIFS(SAISIE!$E$5:$E$204,SAISIE!$B$5:$B$204,"*Vent G/D*",SAISIE!$F$5:$F$204,$F$29)>0)),"",IFERROR(INDEX(SAISIE!$C$5:$C$204,MATCH(MAXIFS(SAISIE!$E$5:$E$204,SAISIE!$B$5:$B$204,"*Vent G/D*",SAISIE!$F$5:$F$204,$F$29),SAISIE!$E$5:$E$204,0)),"-")) | C32: =IF(OR($F$29="",NOT(MAXIFS(SAISIE!$E$5:$E$204,SAISIE!$B$5:$B$204,"*Vent G/D*",SAISIE!$F$5:$F$204,$F$29)>0)),"",IFERROR(INDEX(SAISIE!$D$5:$D$204,MATCH(MAXIFS(SAISIE!$E$5:$E$204,SAISIE!$B$5:$B$204,"*Vent G/D*",SAISIE!$F$5:$F$204,$F$29),SAISIE!$E$5:$E$204,0)),"-")) | D32: =IF(OR($F$29="",NOT(MAXIFS(SAISIE!$E$5:$E$204,SAISIE!$B$5:$B$204,"*Vent G/D*",SAISIE!$F$5:$F$204,$F$29)>0)),"",IFERROR(MAXIFS(SAISIE!$E$5:$E$204,SAISIE!$B$5:$B$204,"*Vent G/D*",SAISIE!$F$5:$F$204,$F$29),"-")) | E32: =IF($F$29="","",IF(OR(D32="",D32="-"),"",IF(D32>0,"(soulevement)",IF(D32<0,"(compression)","-")))) | I32: =IF(OR($M$29="",NOT(MAXIFS(SAISIE!$L$5:$L$204,SAISIE!$J$5:$J$204,"*Vent G/D*",SAISIE!$M$5:$M$204,$M$29)>0)),"","Vent G/D") | J32: =IF(OR($M$29="",NOT(MAXIFS(SAISIE!$L$5:$L$204,SAISIE!$J$5:$J$204,"*Vent G/D*",SAISIE!$M$5:$M$204,$M$29)>0)),"",IFERROR(INDEX(SAISIE!$K$5:$K$204,MATCH(MAXIFS(SAISIE!$L$5:$L$204,SAISIE!$J$5:$J$204,"*Vent G/D*",SAISIE!$M$5:$M$204,$M$29),SAISIE!$L$5:$L$204,0)),"-")) | K32: =IF(OR($M$29="",NOT(MAXIFS(SAISIE!$L$5:$L$204,SAISIE!$J$5:$J$204,"*Vent G/D*",SAISIE!$M$5:$M$204,$M$29)>0)),"",IFERROR(MAXIFS(SAISIE!$L$5:$L$204,SAISIE!$J$5:$J$204,"*Vent G/D*",SAISIE!$M$5:$M$204,$M$29),"-")) | L32: =IF($M$29="","",IF(OR(K32="",K32="-"),"",IF(K32>0,"(soulevement)",IF(K32<0,"(compression)","-"))))
A33: =IF(OR($F$29="",NOT(COUNTIFS(SAISIE!$B$5:$B$204,"*Vent D/G*",SAISIE!$F$5:$F$204,$F$29)>0)),"","Vent D/G") | B33: =IF(OR($F$29="",NOT(COUNTIFS(SAISIE!$B$5:$B$204,"*Vent D/G*",SAISIE!$F$5:$F$204,$F$29)>0)),"",IFERROR(IF(MINIFS(SAISIE!$E$5:$E$204,SAISIE!$B$5:$B$204,"*Vent D/G*",SAISIE!$F$5:$F$204,$F$29)>=0,MAXIFS(SAISIE!$C$5:$C$204,SAISIE!$B$5:$B$204,"*Vent D/G*",SAISIE!$F$5:$F$204,$F$29),INDEX(SAISIE!$C$5:$C$204,MATCH(MINIFS(SAISIE!$E$5:$E$204,SAISIE!$B$5:$B$204,"*Vent D/G*",SAISIE!$F$5:$F$204,$F$29),SAISIE!$E$5:$E$204,0))),"-")) | C33: =IF(OR($F$29="",NOT(COUNTIFS(SAISIE!$B$5:$B$204,"*Vent D/G*",SAISIE!$F$5:$F$204,$F$29)>0)),"",IFERROR(IF(MINIFS(SAISIE!$E$5:$E$204,SAISIE!$B$5:$B$204,"*Vent D/G*",SAISIE!$F$5:$F$204,$F$29)>=0,INDEX(SAISIE!$D$5:$D$204,MATCH(MAXIFS(SAISIE!$C$5:$C$204,SAISIE!$B$5:$B$204,"*Vent D/G*",SAISIE!$F$5:$F$204,$F$29),SAISIE!$C$5:$C$204,0)),INDEX(SAISIE!$D$5:$D$204,MATCH(MINIFS(SAISIE!$E$5:$E$204,SAISIE!$B$5:$B$204,"*Vent D/G*",SAISIE!$F$5:$F$204,$F$29),SAISIE!$E$5:$E$204,0))),"-")) | D33: =IF(OR($F$29="",NOT(COUNTIFS(SAISIE!$B$5:$B$204,"*Vent D/G*",SAISIE!$F$5:$F$204,$F$29)>0)),"",IFERROR(IF(MINIFS(SAISIE!$E$5:$E$204,SAISIE!$B$5:$B$204,"*Vent D/G*",SAISIE!$F$5:$F$204,$F$29)>=0,0,MINIFS(SAISIE!$E$5:$E$204,SAISIE!$B$5:$B$204,"*Vent D/G*",SAISIE!$F$5:$F$204,$F$29)),"-")) | E33: =IF($F$29="","",IF(OR(D33="",D33="-"),"",IF(D33>0,"(soulevement)",IF(D33<0,"(compression)","-")))) | I33: =IF(OR($M$29="",NOT(COUNTIFS(SAISIE!$J$5:$J$204,"*Vent D/G*",SAISIE!$M$5:$M$204,$M$29)>0)),"","Vent D/G") | J33: =IF(OR($M$29="",NOT(COUNTIFS(SAISIE!$J$5:$J$204,"*Vent D/G*",SAISIE!$M$5:$M$204,$M$29)>0)),"",IFERROR(IF(MINIFS(SAISIE!$L$5:$L$204,SAISIE!$J$5:$J$204,"*Vent D/G*",SAISIE!$M$5:$M$204,$M$29)>=0,MAXIFS(SAISIE!$K$5:$K$204,SAISIE!$J$5:$J$204,"*Vent D/G*",SAISIE!$M$5:$M$204,$M$29),INDEX(SAISIE!$K$5:$K$204,MATCH(MINIFS(SAISIE!$L$5:$L$204,SAISIE!$J$5:$J$204,"*Vent D/G*",SAISIE!$M$5:$M$204,$M$29),SAISIE!$L$5:$L$204,0))),"-")) | K33: =IF(OR($M$29="",NOT(COUNTIFS(SAISIE!$J$5:$J$204,"*Vent D/G*",SAISIE!$M$5:$M$204,$M$29)>0)),"",IFERROR(IF(MINIFS(SAISIE!$L$5:$L$204,SAISIE!$J$5:$J$204,"*Vent D/G*",SAISIE!$M$5:$M$204,$M$29)>=0,0,MINIFS(SAISIE!$L$5:$L$204,SAISIE!$J$5:$J$204,"*Vent D/G*",SAISIE!$M$5:$M$204,$M$29)),"-")) | L33: =IF($M$29="","",IF(OR(K33="",K33="-"),"",IF(K33>0,"(soulevement)",IF(K33<0,"(compression)","-"))))
A34: =IF(OR($F$29="",NOT(MAXIFS(SAISIE!$E$5:$E$204,SAISIE!$B$5:$B$204,"*Vent D/G*",SAISIE!$F$5:$F$204,$F$29)>0)),"","Vent D/G") | B34: =IF(OR($F$29="",NOT(MAXIFS(SAISIE!$E$5:$E$204,SAISIE!$B$5:$B$204,"*Vent D/G*",SAISIE!$F$5:$F$204,$F$29)>0)),"",IFERROR(INDEX(SAISIE!$C$5:$C$204,MATCH(MAXIFS(SAISIE!$E$5:$E$204,SAISIE!$B$5:$B$204,"*Vent D/G*",SAISIE!$F$5:$F$204,$F$29),SAISIE!$E$5:$E$204,0)),"-")) | C34: =IF(OR($F$29="",NOT(MAXIFS(SAISIE!$E$5:$E$204,SAISIE!$B$5:$B$204,"*Vent D/G*",SAISIE!$F$5:$F$204,$F$29)>0)),"",IFERROR(INDEX(SAISIE!$D$5:$D$204,MATCH(MAXIFS(SAISIE!$E$5:$E$204,SAISIE!$B$5:$B$204,"*Vent D/G*",SAISIE!$F$5:$F$204,$F$29),SAISIE!$E$5:$E$204,0)),"-")) | D34: =IF(OR($F$29="",NOT(MAXIFS(SAISIE!$E$5:$E$204,SAISIE!$B$5:$B$204,"*Vent D/G*",SAISIE!$F$5:$F$204,$F$29)>0)),"",IFERROR(MAXIFS(SAISIE!$E$5:$E$204,SAISIE!$B$5:$B$204,"*Vent D/G*",SAISIE!$F$5:$F$204,$F$29),"-")) | E34: =IF($F$29="","",IF(OR(D34="",D34="-"),"",IF(D34>0,"(soulevement)",IF(D34<0,"(compression)","-")))) | I34: =IF(OR($M$29="",NOT(MAXIFS(SAISIE!$L$5:$L$204,SAISIE!$J$5:$J$204,"*Vent D/G*",SAISIE!$M$5:$M$204,$M$29)>0)),"","Vent D/G") | J34: =IF(OR($M$29="",NOT(MAXIFS(SAISIE!$L$5:$L$204,SAISIE!$J$5:$J$204,"*Vent D/G*",SAISIE!$M$5:$M$204,$M$29)>0)),"",IFERROR(INDEX(SAISIE!$K$5:$K$204,MATCH(MAXIFS(SAISIE!$L$5:$L$204,SAISIE!$J$5:$J$204,"*Vent D/G*",SAISIE!$M$5:$M$204,$M$29),SAISIE!$L$5:$L$204,0)),"-")) | K34: =IF(OR($M$29="",NOT(MAXIFS(SAISIE!$L$5:$L$204,SAISIE!$J$5:$J$204,"*Vent D/G*",SAISIE!$M$5:$M$204,$M$29)>0)),"",IFERROR(MAXIFS(SAISIE!$L$5:$L$204,SAISIE!$J$5:$J$204,"*Vent D/G*",SAISIE!$M$5:$M$204,$M$29),"-")) | L34: =IF($M$29="","",IF(OR(K34="",K34="-"),"",IF(K34>0,"(soulevement)",IF(K34<0,"(compression)","-"))))
A35: =IF(OR($F$29="",NOT(COUNTIFS(SAISIE!$B$5:$B$204,"*Vent Av./Arr.*",SAISIE!$F$5:$F$204,$F$29)>0)),"","Vent Av./Arr.") | B35: =IF(OR($F$29="",NOT(COUNTIFS(SAISIE!$B$5:$B$204,"*Vent Av./Arr.*",SAISIE!$F$5:$F$204,$F$29)>0)),"",IFERROR(IF(MINIFS(SAISIE!$E$5:$E$204,SAISIE!$B$5:$B$204,"*Vent Av./Arr.*",SAISIE!$F$5:$F$204,$F$29)>=0,MAXIFS(SAISIE!$C$5:$C$204,SAISIE!$B$5:$B$204,"*Vent Av./Arr.*",SAISIE!$F$5:$F$204,$F$29),INDEX(SAISIE!$C$5:$C$204,MATCH(MINIFS(SAISIE!$E$5:$E$204,SAISIE!$B$5:$B$204,"*Vent Av./Arr.*",SAISIE!$F$5:$F$204,$F$29),SAISIE!$E$5:$E$204,0))),"-")) | C35: =IF(OR($F$29="",NOT(COUNTIFS(SAISIE!$B$5:$B$204,"*Vent Av./Arr.*",SAISIE!$F$5:$F$204,$F$29)>0)),"",IFERROR(IF(MINIFS(SAISIE!$E$5:$E$204,SAISIE!$B$5:$B$204,"*Vent Av./Arr.*",SAISIE!$F$5:$F$204,$F$29)>=0,INDEX(SAISIE!$D$5:$D$204,MATCH(MAXIFS(SAISIE!$C$5:$C$204,SAISIE!$B$5:$B$204,"*Vent Av./Arr.*",SAISIE!$F$5:$F$204,$F$29),SAISIE!$C$5:$C$204,0)),INDEX(SAISIE!$D$5:$D$204,MATCH(MINIFS(SAISIE!$E$5:$E$204,SAISIE!$B$5:$B$204,"*Vent Av./Arr.*",SAISIE!$F$5:$F$204,$F$29),SAISIE!$E$5:$E$204,0))),"-")) | D35: =IF(OR($F$29="",NOT(COUNTIFS(SAISIE!$B$5:$B$204,"*Vent Av./Arr.*",SAISIE!$F$5:$F$204,$F$29)>0)),"",IFERROR(IF(MINIFS(SAISIE!$E$5:$E$204,SAISIE!$B$5:$B$204,"*Vent Av./Arr.*",SAISIE!$F$5:$F$204,$F$29)>=0,0,MINIFS(SAISIE!$E$5:$E$204,SAISIE!$B$5:$B$204,"*Vent Av./Arr.*",SAISIE!$F$5:$F$204,$F$29)),"-")) | E35: =IF($F$29="","",IF(OR(D35="",D35="-"),"",IF(D35>0,"(soulevement)",IF(D35<0,"(compression)","-")))) | I35: =IF(OR($M$29="",NOT(COUNTIFS(SAISIE!$J$5:$J$204,"*Vent Av./Arr.*",SAISIE!$M$5:$M$204,$M$29)>0)),"","Vent Av./Arr.") | J35: =IF(OR($M$29="",NOT(COUNTIFS(SAISIE!$J$5:$J$204,"*Vent Av./Arr.*",SAISIE!$M$5:$M$204,$M$29)>0)),"",IFERROR(IF(MINIFS(SAISIE!$L$5:$L$204,SAISIE!$J$5:$J$204,"*Vent Av./Arr.*",SAISIE!$M$5:$M$204,$M$29)>=0,MAXIFS(SAISIE!$K$5:$K$204,SAISIE!$J$5:$J$204,"*Vent Av./Arr.*",SAISIE!$M$5:$M$204,$M$29),INDEX(SAISIE!$K$5:$K$204,MATCH(MINIFS(SAISIE!$L$5:$L$204,SAISIE!$J$5:$J$204,"*Vent Av./Arr.*",SAISIE!$M$5:$M$204,$M$29),SAISIE!$L$5:$L$204,0))),"-")) | K35: =IF(OR($M$29="",NOT(COUNTIFS(SAISIE!$J$5:$J$204,"*Vent Av./Arr.*",SAISIE!$M$5:$M$204,$M$29)>0)),"",IFERROR(IF(MINIFS(SAISIE!$L$5:$L$204,SAISIE!$J$5:$J$204,"*Vent Av./Arr.*",SAISIE!$M$5:$M$204,$M$29)>=0,0,MINIFS(SAISIE!$L$5:$L$204,SAISIE!$J$5:$J$204,"*Vent Av./Arr.*",SAISIE!$M$5:$M$204,$M$29)),"-")) | L35: =IF($M$29="","",IF(OR(K35="",K35="-"),"",IF(K35>0,"(soulevement)",IF(K35<0,"(compression)","-"))))
A36: =IF(OR($F$29="",NOT(MAXIFS(SAISIE!$E$5:$E$204,SAISIE!$B$5:$B$204,"*Vent Av./Arr.*",SAISIE!$F$5:$F$204,$F$29)>0)),"","Vent Av./Arr.") | B36: =IF(OR($F$29="",NOT(MAXIFS(SAISIE!$E$5:$E$204,SAISIE!$B$5:$B$204,"*Vent Av./Arr.*",SAISIE!$F$5:$F$204,$F$29)>0)),"",IFERROR(INDEX(SAISIE!$C$5:$C$204,MATCH(MAXIFS(SAISIE!$E$5:$E$204,SAISIE!$B$5:$B$204,"*Vent Av./Arr.*",SAISIE!$F$5:$F$204,$F$29),SAISIE!$E$5:$E$204,0)),"-")) | C36: =IF(OR($F$29="",NOT(MAXIFS(SAISIE!$E$5:$E$204,SAISIE!$B$5:$B$204,"*Vent Av./Arr.*",SAISIE!$F$5:$F$204,$F$29)>0)),"",IFERROR(INDEX(SAISIE!$D$5:$D$204,MATCH(MAXIFS(SAISIE!$E$5:$E$204,SAISIE!$B$5:$B$204,"*Vent Av./Arr.*",SAISIE!$F$5:$F$204,$F$29),SAISIE!$E$5:$E$204,0)),"-")) | D36: =IF(OR($F$29="",NOT(MAXIFS(SAISIE!$E$5:$E$204,SAISIE!$B$5:$B$204,"*Vent Av./Arr.*",SAISIE!$F$5:$F$204,$F$29)>0)),"",IFERROR(MAXIFS(SAISIE!$E$5:$E$204,SAISIE!$B$5:$B$204,"*Vent Av./Arr.*",SAISIE!$F$5:$F$204,$F$29),"-")) | E36: =IF($F$29="","",IF(OR(D36="",D36="-"),"",IF(D36>0,"(soulevement)",IF(D36<0,"(compression)","-")))) | I36: =IF(OR($M$29="",NOT(MAXIFS(SAISIE!$L$5:$L$204,SAISIE!$J$5:$J$204,"*Vent Av./Arr.*",SAISIE!$M$5:$M$204,$M$29)>0)),"","Vent Av./Arr.") | J36: =IF(OR($M$29="",NOT(MAXIFS(SAISIE!$L$5:$L$204,SAISIE!$J$5:$J$204,"*Vent Av./Arr.*",SAISIE!$M$5:$M$204,$M$29)>0)),"",IFERROR(INDEX(SAISIE!$K$5:$K$204,MATCH(MAXIFS(SAISIE!$L$5:$L$204,SAISIE!$J$5:$J$204,"*Vent Av./Arr.*",SAISIE!$M$5:$M$204,$M$29),SAISIE!$L$5:$L$204,0)),"-")) | K36: =IF(OR($M$29="",NOT(MAXIFS(SAISIE!$L$5:$L$204,SAISIE!$J$5:$J$204,"*Vent Av./Arr.*",SAISIE!$M$5:$M$204,$M$29)>0)),"",IFERROR(MAXIFS(SAISIE!$L$5:$L$204,SAISIE!$J$5:$J$204,"*Vent Av./Arr.*",SAISIE!$M$5:$M$204,$M$29),"-")) | L36: =IF($M$29="","",IF(OR(K36="",K36="-"),"",IF(K36>0,"(soulevement)",IF(K36<0,"(compression)","-"))))
A37: =IF(OR($F$29="",NOT(COUNTIFS(SAISIE!$B$5:$B$204,"*Vent Arr./Av.*",SAISIE!$F$5:$F$204,$F$29)>0)),"","Vent Arr./Av.") | B37: =IF(OR($F$29="",NOT(COUNTIFS(SAISIE!$B$5:$B$204,"*Vent Arr./Av.*",SAISIE!$F$5:$F$204,$F$29)>0)),"",IFERROR(IF(MINIFS(SAISIE!$E$5:$E$204,SAISIE!$B$5:$B$204,"*Vent Arr./Av.*",SAISIE!$F$5:$F$204,$F$29)>=0,MAXIFS(SAISIE!$C$5:$C$204,SAISIE!$B$5:$B$204,"*Vent Arr./Av.*",SAISIE!$F$5:$F$204,$F$29),INDEX(SAISIE!$C$5:$C$204,MATCH(MINIFS(SAISIE!$E$5:$E$204,SAISIE!$B$5:$B$204,"*Vent Arr./Av.*",SAISIE!$F$5:$F$204,$F$29),SAISIE!$E$5:$E$204,0))),"-")) | C37: =IF(OR($F$29="",NOT(COUNTIFS(SAISIE!$B$5:$B$204,"*Vent Arr./Av.*",SAISIE!$F$5:$F$204,$F$29)>0)),"",IFERROR(IF(MINIFS(SAISIE!$E$5:$E$204,SAISIE!$B$5:$B$204,"*Vent Arr./Av.*",SAISIE!$F$5:$F$204,$F$29)>=0,INDEX(SAISIE!$D$5:$D$204,MATCH(MAXIFS(SAISIE!$C$5:$C$204,SAISIE!$B$5:$B$204,"*Vent Arr./Av.*",SAISIE!$F$5:$F$204,$F$29),SAISIE!$C$5:$C$204,0)),INDEX(SAISIE!$D$5:$D$204,MATCH(MINIFS(SAISIE!$E$5:$E$204,SAISIE!$B$5:$B$204,"*Vent Arr./Av.*",SAISIE!$F$5:$F$204,$F$29),SAISIE!$E$5:$E$204,0))),"-")) | D37: =IF(OR($F$29="",NOT(COUNTIFS(SAISIE!$B$5:$B$204,"*Vent Arr./Av.*",SAISIE!$F$5:$F$204,$F$29)>0)),"",IFERROR(IF(MINIFS(SAISIE!$E$5:$E$204,SAISIE!$B$5:$B$204,"*Vent Arr./Av.*",SAISIE!$F$5:$F$204,$F$29)>=0,0,MINIFS(SAISIE!$E$5:$E$204,SAISIE!$B$5:$B$204,"*Vent Arr./Av.*",SAISIE!$F$5:$F$204,$F$29)),"-")) | E37: =IF($F$29="","",IF(OR(D37="",D37="-"),"",IF(D37>0,"(soulevement)",IF(D37<0,"(compression)","-")))) | I37: =IF(OR($M$29="",NOT(COUNTIFS(SAISIE!$J$5:$J$204,"*Vent Arr./Av.*",SAISIE!$M$5:$M$204,$M$29)>0)),"","Vent Arr./Av.") | J37: =IF(OR($M$29="",NOT(COUNTIFS(SAISIE!$J$5:$J$204,"*Vent Arr./Av.*",SAISIE!$M$5:$M$204,$M$29)>0)),"",IFERROR(IF(MINIFS(SAISIE!$L$5:$L$204,SAISIE!$J$5:$J$204,"*Vent Arr./Av.*",SAISIE!$M$5:$M$204,$M$29)>=0,MAXIFS(SAISIE!$K$5:$K$204,SAISIE!$J$5:$J$204,"*Vent Arr./Av.*",SAISIE!$M$5:$M$204,$M$29),INDEX(SAISIE!$K$5:$K$204,MATCH(MINIFS(SAISIE!$L$5:$L$204,SAISIE!$J$5:$J$204,"*Vent Arr./Av.*",SAISIE!$M$5:$M$204,$M$29),SAISIE!$L$5:$L$204,0))),"-")) | K37: =IF(OR($M$29="",NOT(COUNTIFS(SAISIE!$J$5:$J$204,"*Vent Arr./Av.*",SAISIE!$M$5:$M$204,$M$29)>0)),"",IFERROR(IF(MINIFS(SAISIE!$L$5:$L$204,SAISIE!$J$5:$J$204,"*Vent Arr./Av.*",SAISIE!$M$5:$M$204,$M$29)>=0,0,MINIFS(SAISIE!$L$5:$L$204,SAISIE!$J$5:$J$204,"*Vent Arr./Av.*",SAISIE!$M$5:$M$204,$M$29)),"-")) | L37: =IF($M$29="","",IF(OR(K37="",K37="-"),"",IF(K37>0,"(soulevement)",IF(K37<0,"(compression)","-"))))
A38: =IF(OR($F$29="",NOT(MAXIFS(SAISIE!$E$5:$E$204,SAISIE!$B$5:$B$204,"*Vent Arr./Av.*",SAISIE!$F$5:$F$204,$F$29)>0)),"","Vent Arr./Av.") | B38: =IF(OR($F$29="",NOT(MAXIFS(SAISIE!$E$5:$E$204,SAISIE!$B$5:$B$204,"*Vent Arr./Av.*",SAISIE!$F$5:$F$204,$F$29)>0)),"",IFERROR(INDEX(SAISIE!$C$5:$C$204,MATCH(MAXIFS(SAISIE!$E$5:$E$204,SAISIE!$B$5:$B$204,"*Vent Arr./Av.*",SAISIE!$F$5:$F$204,$F$29),SAISIE!$E$5:$E$204,0)),"-")) | C38: =IF(OR($F$29="",NOT(MAXIFS(SAISIE!$E$5:$E$204,SAISIE!$B$5:$B$204,"*Vent Arr./Av.*",SAISIE!$F$5:$F$204,$F$29)>0)),"",IFERROR(INDEX(SAISIE!$D$5:$D$204,MATCH(MAXIFS(SAISIE!$E$5:$E$204,SAISIE!$B$5:$B$204,"*Vent Arr./Av.*",SAISIE!$F$5:$F$204,$F$29),SAISIE!$E$5:$E$204,0)),"-")) | D38: =IF(OR($F$29="",NOT(MAXIFS(SAISIE!$E$5:$E$204,SAISIE!$B$5:$B$204,"*Vent Arr./Av.*",SAISIE!$F$5:$F$204,$F$29)>0)),"",IFERROR(MAXIFS(SAISIE!$E$5:$E$204,SAISIE!$B$5:$B$204,"*Vent Arr./Av.*",SAISIE!$F$5:$F$204,$F$29),"-")) | E38: =IF($F$29="","",IF(OR(D38="",D38="-"),"",IF(D38>0,"(soulevement)",IF(D38<0,"(compression)","-")))) | I38: =IF(OR($M$29="",NOT(MAXIFS(SAISIE!$L$5:$L$204,SAISIE!$J$5:$J$204,"*Vent Arr./Av.*",SAISIE!$M$5:$M$204,$M$29)>0)),"","Vent Arr./Av.") | J38: =IF(OR($M$29="",NOT(MAXIFS(SAISIE!$L$5:$L$204,SAISIE!$J$5:$J$204,"*Vent Arr./Av.*",SAISIE!$M$5:$M$204,$M$29)>0)),"",IFERROR(INDEX(SAISIE!$K$5:$K$204,MATCH(MAXIFS(SAISIE!$L$5:$L$204,SAISIE!$J$5:$J$204,"*Vent Arr./Av.*",SAISIE!$M$5:$M$204,$M$29),SAISIE!$L$5:$L$204,0)),"-")) | K38: =IF(OR($M$29="",NOT(MAXIFS(SAISIE!$L$5:$L$204,SAISIE!$J$5:$J$204,"*Vent Arr./Av.*",SAISIE!$M$5:$M$204,$M$29)>0)),"",IFERROR(MAXIFS(SAISIE!$L$5:$L$204,SAISIE!$J$5:$J$204,"*Vent Arr./Av.*",SAISIE!$M$5:$M$204,$M$29),"-")) | L38: =IF($M$29="","",IF(OR(K38="",K38="-"),"",IF(K38>0,"(soulevement)",IF(K38<0,"(compression)","-"))))
A39: =IF(OR($F$29="",NOT(TRUE)),"","Neige normale") | B39: =IF($F$29="","",IFERROR(INDEX(SAISIE!$C$5:$C$204,MATCH(MINIFS(SAISIE!$E$5:$E$204,SAISIE!$B$5:$B$204,"*Neige*",SAISIE!$B$5:$B$204,"<>*accidentel*",SAISIE!$F$5:$F$204,$F$29),SAISIE!$E$5:$E$204,0)),"-")) | C39: =IF($F$29="","",IFERROR(INDEX(SAISIE!$D$5:$D$204,MATCH(MINIFS(SAISIE!$E$5:$E$204,SAISIE!$B$5:$B$204,"*Neige*",SAISIE!$B$5:$B$204,"<>*accidentel*",SAISIE!$F$5:$F$204,$F$29),SAISIE!$E$5:$E$204,0)),"-")) | D39: =IF($F$29="","",IFERROR(INDEX(SAISIE!$E$5:$E$204,MATCH(MINIFS(SAISIE!$E$5:$E$204,SAISIE!$B$5:$B$204,"*Neige*",SAISIE!$B$5:$B$204,"<>*accidentel*",SAISIE!$F$5:$F$204,$F$29),SAISIE!$E$5:$E$204,0)),"-")) | E39: =IF($F$29="","",IF(OR(D39="",D39="-"),"",IF(D39>0,"(soulevement)",IF(D39<0,"(compression)","-")))) | I39: =IF(OR($M$29="",NOT(TRUE)),"","Neige normale") | J39: =IF($M$29="","",IFERROR(INDEX(SAISIE!$K$5:$K$204,MATCH(MINIFS(SAISIE!$L$5:$L$204,SAISIE!$J$5:$J$204,"*Neige*",SAISIE!$J$5:$J$204,"<>*accidentel*",SAISIE!$M$5:$M$204,$M$29),SAISIE!$L$5:$L$204,0)),"-")) | K39: =IF($M$29="","",IFERROR(INDEX(SAISIE!$L$5:$L$204,MATCH(MINIFS(SAISIE!$L$5:$L$204,SAISIE!$J$5:$J$204,"*Neige*",SAISIE!$J$5:$J$204,"<>*accidentel*",SAISIE!$M$5:$M$204,$M$29),SAISIE!$L$5:$L$204,0)),"-")) | L39: =IF($M$29="","",IF(OR(K39="",K39="-"),"",IF(K39>0,"(soulevement)",IF(K39<0,"(compression)","-"))))
A40: =IF(OR($F$29="",NOT(TRUE)),"","Neige accidentelle") | B40: =IF($F$29="","",IFERROR(LOOKUP(2,1/((SAISIE!$F$5:$F$204=$F$29)*(ISNUMBER(SEARCH("accidentel",SAISIE!$B$5:$B$204)))),SAISIE!$C$5:$C$204),"-")) | C40: =IF($F$29="","",IFERROR(LOOKUP(2,1/((SAISIE!$F$5:$F$204=$F$29)*(ISNUMBER(SEARCH("accidentel",SAISIE!$B$5:$B$204)))),SAISIE!$D$5:$D$204),"-")) | D40: =IF($F$29="","",IFERROR(LOOKUP(2,1/((SAISIE!$F$5:$F$204=$F$29)*(ISNUMBER(SEARCH("accidentel",SAISIE!$B$5:$B$204)))),SAISIE!$E$5:$E$204),"-")) | E40: =IF($F$29="","",IF(OR(D40="",D40="-"),"",IF(D40>0,"(soulevement)",IF(D40<0,"(compression)","-")))) | I40: =IF(OR($M$29="",NOT(TRUE)),"","Neige accidentelle") | J40: =IF($M$29="","",IFERROR(LOOKUP(2,1/((SAISIE!$M$5:$M$204=$M$29)*(ISNUMBER(SEARCH("accidentel",SAISIE!$J$5:$J$204)))),SAISIE!$K$5:$K$204),"-")) | K40: =IF($M$29="","",IFERROR(LOOKUP(2,1/((SAISIE!$M$5:$M$204=$M$29)*(ISNUMBER(SEARCH("accidentel",SAISIE!$J$5:$J$204)))),SAISIE!$L$5:$L$204),"-")) | L40: =IF($M$29="","",IF(OR(K40="",K40="-"),"",IF(K40>0,"(soulevement)",IF(K40<0,"(compression)","-"))))
A41: =IF($F$41="","","Noeud "&$F$41) | F41: =IFERROR(INDEX(SAISIE!$F$5:$F$204,AGGREGATE(15,6,ROW(SAISIE!$F$5:$F$204)-ROW(SAISIE!$F$5)+1/(SAISIE!$F$5:$F$204<>"")/(COUNTIF($F$4:F40,SAISIE!$F$5:$F$204)=0),1)),"") | I41: =IF($M$41="","","Noeud "&$M$41) | M41: =IFERROR(INDEX(SAISIE!$M$5:$M$204,AGGREGATE(15,6,ROW(SAISIE!$M$5:$M$204)-ROW(SAISIE!$M$5)+1/(SAISIE!$M$5:$M$204<>"")/(COUNTIF($M$4:M40,SAISIE!$M$5:$M$204)=0),1)),"")
A42: =IF(OR($F$41="",NOT(TRUE)),"","Couverture") | B42: =IF($F$41="","",IFERROR(IFERROR(LOOKUP(2,1/((SAISIE!$F$5:$F$204=$F$41)*(LEFT(SAISIE!$B$5:$B$204,2)="G ")),SAISIE!$C$5:$C$204),LOOKUP(2,1/((SAISIE!$F$5:$F$204=$F$41)*(ISNUMBER(SEARCH("Couverture",SAISIE!$B$5:$B$204)))),SAISIE!$C$5:$C$204)),"-")) | C42: =IF($F$41="","",IFERROR(IFERROR(LOOKUP(2,1/((SAISIE!$F$5:$F$204=$F$41)*(LEFT(SAISIE!$B$5:$B$204,2)="G ")),SAISIE!$D$5:$D$204),LOOKUP(2,1/((SAISIE!$F$5:$F$204=$F$41)*(ISNUMBER(SEARCH("Couverture",SAISIE!$B$5:$B$204)))),SAISIE!$D$5:$D$204)),"-")) | D42: =IF($F$41="","",IFERROR(IFERROR(LOOKUP(2,1/((SAISIE!$F$5:$F$204=$F$41)*(LEFT(SAISIE!$B$5:$B$204,2)="G ")),SAISIE!$E$5:$E$204),LOOKUP(2,1/((SAISIE!$F$5:$F$204=$F$41)*(ISNUMBER(SEARCH("Couverture",SAISIE!$B$5:$B$204)))),SAISIE!$E$5:$E$204)),"-")) | E42: =IF($F$41="","",IF(OR(D42="",D42="-"),"",IF(D42>0,"(soulevement)",IF(D42<0,"(compression)","-")))) | I42: =IF(OR($M$41="",NOT(TRUE)),"","Couverture") | J42: =IF($M$41="","",IFERROR(IFERROR(LOOKUP(2,1/((SAISIE!$M$5:$M$204=$M$41)*(LEFT(SAISIE!$J$5:$J$204,2)="G ")),SAISIE!$K$5:$K$204),LOOKUP(2,1/((SAISIE!$M$5:$M$204=$M$41)*(ISNUMBER(SEARCH("Couverture",SAISIE!$J$5:$J$204)))),SAISIE!$K$5:$K$204)),"-")) | K42: =IF($M$41="","",IFERROR(IFERROR(LOOKUP(2,1/((SAISIE!$M$5:$M$204=$M$41)*(LEFT(SAISIE!$J$5:$J$204,2)="G ")),SAISIE!$L$5:$L$204),LOOKUP(2,1/((SAISIE!$M$5:$M$204=$M$41)*(ISNUMBER(SEARCH("Couverture",SAISIE!$J$5:$J$204)))),SAISIE!$L$5:$L$204)),"-")) | L42: =IF($M$41="","",IF(OR(K42="",K42="-"),"",IF(K42>0,"(soulevement)",IF(K42<0,"(compression)","-"))))
A43: =IF(OR($F$41="",NOT(COUNTIFS(SAISIE!$B$5:$B$204,"*Vent G/D*",SAISIE!$F$5:$F$204,$F$41)>0)),"","Vent G/D") | B43: =IF(OR($F$41="",NOT(COUNTIFS(SAISIE!$B$5:$B$204,"*Vent G/D*",SAISIE!$F$5:$F$204,$F$41)>0)),"",IFERROR(IF(MINIFS(SAISIE!$E$5:$E$204,SAISIE!$B$5:$B$204,"*Vent G/D*",SAISIE!$F$5:$F$204,$F$41)>=0,MAXIFS(SAISIE!$C$5:$C$204,SAISIE!$B$5:$B$204,"*Vent G/D*",SAISIE!$F$5:$F$204,$F$41),INDEX(SAISIE!$C$5:$C$204,MATCH(MINIFS(SAISIE!$E$5:$E$204,SAISIE!$B$5:$B$204,"*Vent G/D*",SAISIE!$F$5:$F$204,$F$41),SAISIE!$E$5:$E$204,0))),"-")) | C43: =IF(OR($F$41="",NOT(COUNTIFS(SAISIE!$B$5:$B$204,"*Vent G/D*",SAISIE!$F$5:$F$204,$F$41)>0)),"",IFERROR(IF(MINIFS(SAISIE!$E$5:$E$204,SAISIE!$B$5:$B$204,"*Vent G/D*",SAISIE!$F$5:$F$204,$F$41)>=0,INDEX(SAISIE!$D$5:$D$204,MATCH(MAXIFS(SAISIE!$C$5:$C$204,SAISIE!$B$5:$B$204,"*Vent G/D*",SAISIE!$F$5:$F$204,$F$41),SAISIE!$C$5:$C$204,0)),INDEX(SAISIE!$D$5:$D$204,MATCH(MINIFS(SAISIE!$E$5:$E$204,SAISIE!$B$5:$B$204,"*Vent G/D*",SAISIE!$F$5:$F$204,$F$41),SAISIE!$E$5:$E$204,0))),"-")) | D43: =IF(OR($F$41="",NOT(COUNTIFS(SAISIE!$B$5:$B$204,"*Vent G/D*",SAISIE!$F$5:$F$204,$F$41)>0)),"",IFERROR(IF(MINIFS(SAISIE!$E$5:$E$204,SAISIE!$B$5:$B$204,"*Vent G/D*",SAISIE!$F$5:$F$204,$F$41)>=0,0,MINIFS(SAISIE!$E$5:$E$204,SAISIE!$B$5:$B$204,"*Vent G/D*",SAISIE!$F$5:$F$204,$F$41)),"-")) | E43: =IF($F$41="","",IF(OR(D43="",D43="-"),"",IF(D43>0,"(soulevement)",IF(D43<0,"(compression)","-")))) | I43: =IF(OR($M$41="",NOT(COUNTIFS(SAISIE!$J$5:$J$204,"*Vent G/D*",SAISIE!$M$5:$M$204,$M$41)>0)),"","Vent G/D") | J43: =IF(OR($M$41="",NOT(COUNTIFS(SAISIE!$J$5:$J$204,"*Vent G/D*",SAISIE!$M$5:$M$204,$M$41)>0)),"",IFERROR(IF(MINIFS(SAISIE!$L$5:$L$204,SAISIE!$J$5:$J$204,"*Vent G/D*",SAISIE!$M$5:$M$204,$M$41)>=0,MAXIFS(SAISIE!$K$5:$K$204,SAISIE!$J$5:$J$204,"*Vent G/D*",SAISIE!$M$5:$M$204,$M$41),INDEX(SAISIE!$K$5:$K$204,MATCH(MINIFS(SAISIE!$L$5:$L$204,SAISIE!$J$5:$J$204,"*Vent G/D*",SAISIE!$M$5:$M$204,$M$41),SAISIE!$L$5:$L$204,0))),"-")) | K43: =IF(OR($M$41="",NOT(COUNTIFS(SAISIE!$J$5:$J$204,"*Vent G/D*",SAISIE!$M$5:$M$204,$M$41)>0)),"",IFERROR(IF(MINIFS(SAISIE!$L$5:$L$204,SAISIE!$J$5:$J$204,"*Vent G/D*",SAISIE!$M$5:$M$204,$M$41)>=0,0,MINIFS(SAISIE!$L$5:$L$204,SAISIE!$J$5:$J$204,"*Vent G/D*",SAISIE!$M$5:$M$204,$M$41)),"-")) | L43: =IF($M$41="","",IF(OR(K43="",K43="-"),"",IF(K43>0,"(soulevement)",IF(K43<0,"(compression)","-"))))
A44: =IF(OR($F$41="",NOT(MAXIFS(SAISIE!$E$5:$E$204,SAISIE!$B$5:$B$204,"*Vent G/D*",SAISIE!$F$5:$F$204,$F$41)>0)),"","Vent G/D") | B44: =IF(OR($F$41="",NOT(MAXIFS(SAISIE!$E$5:$E$204,SAISIE!$B$5:$B$204,"*Vent G/D*",SAISIE!$F$5:$F$204,$F$41)>0)),"",IFERROR(INDEX(SAISIE!$C$5:$C$204,MATCH(MAXIFS(SAISIE!$E$5:$E$204,SAISIE!$B$5:$B$204,"*Vent G/D*",SAISIE!$F$5:$F$204,$F$41),SAISIE!$E$5:$E$204,0)),"-")) | C44: =IF(OR($F$41="",NOT(MAXIFS(SAISIE!$E$5:$E$204,SAISIE!$B$5:$B$204,"*Vent G/D*",SAISIE!$F$5:$F$204,$F$41)>0)),"",IFERROR(INDEX(SAISIE!$D$5:$D$204,MATCH(MAXIFS(SAISIE!$E$5:$E$204,SAISIE!$B$5:$B$204,"*Vent G/D*",SAISIE!$F$5:$F$204,$F$41),SAISIE!$E$5:$E$204,0)),"-")) | D44: =IF(OR($F$41="",NOT(MAXIFS(SAISIE!$E$5:$E$204,SAISIE!$B$5:$B$204,"*Vent G/D*",SAISIE!$F$5:$F$204,$F$41)>0)),"",IFERROR(MAXIFS(SAISIE!$E$5:$E$204,SAISIE!$B$5:$B$204,"*Vent G/D*",SAISIE!$F$5:$F$204,$F$41),"-")) | E44: =IF($F$41="","",IF(OR(D44="",D44="-"),"",IF(D44>0,"(soulevement)",IF(D44<0,"(compression)","-")))) | I44: =IF(OR($M$41="",NOT(MAXIFS(SAISIE!$L$5:$L$204,SAISIE!$J$5:$J$204,"*Vent G/D*",SAISIE!$M$5:$M$204,$M$41)>0)),"","Vent G/D") | J44: =IF(OR($M$41="",NOT(MAXIFS(SAISIE!$L$5:$L$204,SAISIE!$J$5:$J$204,"*Vent G/D*",SAISIE!$M$5:$M$204,$M$41)>0)),"",IFERROR(INDEX(SAISIE!$K$5:$K$204,MATCH(MAXIFS(SAISIE!$L$5:$L$204,SAISIE!$J$5:$J$204,"*Vent G/D*",SAISIE!$M$5:$M$204,$M$41),SAISIE!$L$5:$L$204,0)),"-")) | K44: =IF(OR($M$41="",NOT(MAXIFS(SAISIE!$L$5:$L$204,SAISIE!$J$5:$J$204,"*Vent G/D*",SAISIE!$M$5:$M$204,$M$41)>0)),"",IFERROR(MAXIFS(SAISIE!$L$5:$L$204,SAISIE!$J$5:$J$204,"*Vent G/D*",SAISIE!$M$5:$M$204,$M$41),"-")) | L44: =IF($M$41="","",IF(OR(K44="",K44="-"),"",IF(K44>0,"(soulevement)",IF(K44<0,"(compression)","-"))))
A45: =IF(OR($F$41="",NOT(COUNTIFS(SAISIE!$B$5:$B$204,"*Vent D/G*",SAISIE!$F$5:$F$204,$F$41)>0)),"","Vent D/G") | B45: =IF(OR($F$41="",NOT(COUNTIFS(SAISIE!$B$5:$B$204,"*Vent D/G*",SAISIE!$F$5:$F$204,$F$41)>0)),"",IFERROR(IF(MINIFS(SAISIE!$E$5:$E$204,SAISIE!$B$5:$B$204,"*Vent D/G*",SAISIE!$F$5:$F$204,$F$41)>=0,MAXIFS(SAISIE!$C$5:$C$204,SAISIE!$B$5:$B$204,"*Vent D/G*",SAISIE!$F$5:$F$204,$F$41),INDEX(SAISIE!$C$5:$C$204,MATCH(MINIFS(SAISIE!$E$5:$E$204,SAISIE!$B$5:$B$204,"*Vent D/G*",SAISIE!$F$5:$F$204,$F$41),SAISIE!$E$5:$E$204,0))),"-")) | C45: =IF(OR($F$41="",NOT(COUNTIFS(SAISIE!$B$5:$B$204,"*Vent D/G*",SAISIE!$F$5:$F$204,$F$41)>0)),"",IFERROR(IF(MINIFS(SAISIE!$E$5:$E$204,SAISIE!$B$5:$B$204,"*Vent D/G*",SAISIE!$F$5:$F$204,$F$41)>=0,INDEX(SAISIE!$D$5:$D$204,MATCH(MAXIFS(SAISIE!$C$5:$C$204,SAISIE!$B$5:$B$204,"*Vent D/G*",SAISIE!$F$5:$F$204,$F$41),SAISIE!$C$5:$C$204,0)),INDEX(SAISIE!$D$5:$D$204,MATCH(MINIFS(SAISIE!$E$5:$E$204,SAISIE!$B$5:$B$204,"*Vent D/G*",SAISIE!$F$5:$F$204,$F$41),SAISIE!$E$5:$E$204,0))),"-")) | D45: =IF(OR($F$41="",NOT(COUNTIFS(SAISIE!$B$5:$B$204,"*Vent D/G*",SAISIE!$F$5:$F$204,$F$41)>0)),"",IFERROR(IF(MINIFS(SAISIE!$E$5:$E$204,SAISIE!$B$5:$B$204,"*Vent D/G*",SAISIE!$F$5:$F$204,$F$41)>=0,0,MINIFS(SAISIE!$E$5:$E$204,SAISIE!$B$5:$B$204,"*Vent D/G*",SAISIE!$F$5:$F$204,$F$41)),"-")) | E45: =IF($F$41="","",IF(OR(D45="",D45="-"),"",IF(D45>0,"(soulevement)",IF(D45<0,"(compression)","-")))) | I45: =IF(OR($M$41="",NOT(COUNTIFS(SAISIE!$J$5:$J$204,"*Vent D/G*",SAISIE!$M$5:$M$204,$M$41)>0)),"","Vent D/G") | J45: =IF(OR($M$41="",NOT(COUNTIFS(SAISIE!$J$5:$J$204,"*Vent D/G*",SAISIE!$M$5:$M$204,$M$41)>0)),"",IFERROR(IF(MINIFS(SAISIE!$L$5:$L$204,SAISIE!$J$5:$J$204,"*Vent D/G*",SAISIE!$M$5:$M$204,$M$41)>=0,MAXIFS(SAISIE!$K$5:$K$204,SAISIE!$J$5:$J$204,"*Vent D/G*",SAISIE!$M$5:$M$204,$M$41),INDEX(SAISIE!$K$5:$K$204,MATCH(MINIFS(SAISIE!$L$5:$L$204,SAISIE!$J$5:$J$204,"*Vent D/G*",SAISIE!$M$5:$M$204,$M$41),SAISIE!$L$5:$L$204,0))),"-")) | K45: =IF(OR($M$41="",NOT(COUNTIFS(SAISIE!$J$5:$J$204,"*Vent D/G*",SAISIE!$M$5:$M$204,$M$41)>0)),"",IFERROR(IF(MINIFS(SAISIE!$L$5:$L$204,SAISIE!$J$5:$J$204,"*Vent D/G*",SAISIE!$M$5:$M$204,$M$41)>=0,0,MINIFS(SAISIE!$L$5:$L$204,SAISIE!$J$5:$J$204,"*Vent D/G*",SAISIE!$M$5:$M$204,$M$41)),"-")) | L45: =IF($M$41="","",IF(OR(K45="",K45="-"),"",IF(K45>0,"(soulevement)",IF(K45<0,"(compression)","-"))))
A46: =IF(OR($F$41="",NOT(MAXIFS(SAISIE!$E$5:$E$204,SAISIE!$B$5:$B$204,"*Vent D/G*",SAISIE!$F$5:$F$204,$F$41)>0)),"","Vent D/G") | B46: =IF(OR($F$41="",NOT(MAXIFS(SAISIE!$E$5:$E$204,SAISIE!$B$5:$B$204,"*Vent D/G*",SAISIE!$F$5:$F$204,$F$41)>0)),"",IFERROR(INDEX(SAISIE!$C$5:$C$204,MATCH(MAXIFS(SAISIE!$E$5:$E$204,SAISIE!$B$5:$B$204,"*Vent D/G*",SAISIE!$F$5:$F$204,$F$41),SAISIE!$E$5:$E$204,0)),"-")) | C46: =IF(OR($F$41="",NOT(MAXIFS(SAISIE!$E$5:$E$204,SAISIE!$B$5:$B$204,"*Vent D/G*",SAISIE!$F$5:$F$204,$F$41)>0)),"",IFERROR(INDEX(SAISIE!$D$5:$D$204,MATCH(MAXIFS(SAISIE!$E$5:$E$204,SAISIE!$B$5:$B$204,"*Vent D/G*",SAISIE!$F$5:$F$204,$F$41),SAISIE!$E$5:$E$204,0)),"-")) | D46: =IF(OR($F$41="",NOT(MAXIFS(SAISIE!$E$5:$E$204,SAISIE!$B$5:$B$204,"*Vent D/G*",SAISIE!$F$5:$F$204,$F$41)>0)),"",IFERROR(MAXIFS(SAISIE!$E$5:$E$204,SAISIE!$B$5:$B$204,"*Vent D/G*",SAISIE!$F$5:$F$204,$F$41),"-")) | E46: =IF($F$41="","",IF(OR(D46="",D46="-"),"",IF(D46>0,"(soulevement)",IF(D46<0,"(compression)","-")))) | I46: =IF(OR($M$41="",NOT(MAXIFS(SAISIE!$L$5:$L$204,SAISIE!$J$5:$J$204,"*Vent D/G*",SAISIE!$M$5:$M$204,$M$41)>0)),"","Vent D/G") | J46: =IF(OR($M$41="",NOT(MAXIFS(SAISIE!$L$5:$L$204,SAISIE!$J$5:$J$204,"*Vent D/G*",SAISIE!$M$5:$M$204,$M$41)>0)),"",IFERROR(INDEX(SAISIE!$K$5:$K$204,MATCH(MAXIFS(SAISIE!$L$5:$L$204,SAISIE!$J$5:$J$204,"*Vent D/G*",SAISIE!$M$5:$M$204,$M$41),SAISIE!$L$5:$L$204,0)),"-")) | K46: =IF(OR($M$41="",NOT(MAXIFS(SAISIE!$L$5:$L$204,SAISIE!$J$5:$J$204,"*Vent D/G*",SAISIE!$M$5:$M$204,$M$41)>0)),"",IFERROR(MAXIFS(SAISIE!$L$5:$L$204,SAISIE!$J$5:$J$204,"*Vent D/G*",SAISIE!$M$5:$M$204,$M$41),"-")) | L46: =IF($M$41="","",IF(OR(K46="",K46="-"),"",IF(K46>0,"(soulevement)",IF(K46<0,"(compression)","-"))))
A47: =IF(OR($F$41="",NOT(COUNTIFS(SAISIE!$B$5:$B$204,"*Vent Av./Arr.*",SAISIE!$F$5:$F$204,$F$41)>0)),"","Vent Av./Arr.") | B47: =IF(OR($F$41="",NOT(COUNTIFS(SAISIE!$B$5:$B$204,"*Vent Av./Arr.*",SAISIE!$F$5:$F$204,$F$41)>0)),"",IFERROR(IF(MINIFS(SAISIE!$E$5:$E$204,SAISIE!$B$5:$B$204,"*Vent Av./Arr.*",SAISIE!$F$5:$F$204,$F$41)>=0,MAXIFS(SAISIE!$C$5:$C$204,SAISIE!$B$5:$B$204,"*Vent Av./Arr.*",SAISIE!$F$5:$F$204,$F$41),INDEX(SAISIE!$C$5:$C$204,MATCH(MINIFS(SAISIE!$E$5:$E$204,SAISIE!$B$5:$B$204,"*Vent Av./Arr.*",SAISIE!$F$5:$F$204,$F$41),SAISIE!$E$5:$E$204,0))),"-")) | C47: =IF(OR($F$41="",NOT(COUNTIFS(SAISIE!$B$5:$B$204,"*Vent Av./Arr.*",SAISIE!$F$5:$F$204,$F$41)>0)),"",IFERROR(IF(MINIFS(SAISIE!$E$5:$E$204,SAISIE!$B$5:$B$204,"*Vent Av./Arr.*",SAISIE!$F$5:$F$204,$F$41)>=0,INDEX(SAISIE!$D$5:$D$204,MATCH(MAXIFS(SAISIE!$C$5:$C$204,SAISIE!$B$5:$B$204,"*Vent Av./Arr.*",SAISIE!$F$5:$F$204,$F$41),SAISIE!$C$5:$C$204,0)),INDEX(SAISIE!$D$5:$D$204,MATCH(MINIFS(SAISIE!$E$5:$E$204,SAISIE!$B$5:$B$204,"*Vent Av./Arr.*",SAISIE!$F$5:$F$204,$F$41),SAISIE!$E$5:$E$204,0))),"-")) | D47: =IF(OR($F$41="",NOT(COUNTIFS(SAISIE!$B$5:$B$204,"*Vent Av./Arr.*",SAISIE!$F$5:$F$204,$F$41)>0)),"",IFERROR(IF(MINIFS(SAISIE!$E$5:$E$204,SAISIE!$B$5:$B$204,"*Vent Av./Arr.*",SAISIE!$F$5:$F$204,$F$41)>=0,0,MINIFS(SAISIE!$E$5:$E$204,SAISIE!$B$5:$B$204,"*Vent Av./Arr.*",SAISIE!$F$5:$F$204,$F$41)),"-")) | E47: =IF($F$41="","",IF(OR(D47="",D47="-"),"",IF(D47>0,"(soulevement)",IF(D47<0,"(compression)","-")))) | I47: =IF(OR($M$41="",NOT(COUNTIFS(SAISIE!$J$5:$J$204,"*Vent Av./Arr.*",SAISIE!$M$5:$M$204,$M$41)>0)),"","Vent Av./Arr.") | J47: =IF(OR($M$41="",NOT(COUNTIFS(SAISIE!$J$5:$J$204,"*Vent Av./Arr.*",SAISIE!$M$5:$M$204,$M$41)>0)),"",IFERROR(IF(MINIFS(SAISIE!$L$5:$L$204,SAISIE!$J$5:$J$204,"*Vent Av./Arr.*",SAISIE!$M$5:$M$204,$M$41)>=0,MAXIFS(SAISIE!$K$5:$K$204,SAISIE!$J$5:$J$204,"*Vent Av./Arr.*",SAISIE!$M$5:$M$204,$M$41),INDEX(SAISIE!$K$5:$K$204,MATCH(MINIFS(SAISIE!$L$5:$L$204,SAISIE!$J$5:$J$204,"*Vent Av./Arr.*",SAISIE!$M$5:$M$204,$M$41),SAISIE!$L$5:$L$204,0))),"-")) | K47: =IF(OR($M$41="",NOT(COUNTIFS(SAISIE!$J$5:$J$204,"*Vent Av./Arr.*",SAISIE!$M$5:$M$204,$M$41)>0)),"",IFERROR(IF(MINIFS(SAISIE!$L$5:$L$204,SAISIE!$J$5:$J$204,"*Vent Av./Arr.*",SAISIE!$M$5:$M$204,$M$41)>=0,0,MINIFS(SAISIE!$L$5:$L$204,SAISIE!$J$5:$J$204,"*Vent Av./Arr.*",SAISIE!$M$5:$M$204,$M$41)),"-")) | L47: =IF($M$41="","",IF(OR(K47="",K47="-"),"",IF(K47>0,"(soulevement)",IF(K47<0,"(compression)","-"))))
A48: =IF(OR($F$41="",NOT(MAXIFS(SAISIE!$E$5:$E$204,SAISIE!$B$5:$B$204,"*Vent Av./Arr.*",SAISIE!$F$5:$F$204,$F$41)>0)),"","Vent Av./Arr.") | B48: =IF(OR($F$41="",NOT(MAXIFS(SAISIE!$E$5:$E$204,SAISIE!$B$5:$B$204,"*Vent Av./Arr.*",SAISIE!$F$5:$F$204,$F$41)>0)),"",IFERROR(INDEX(SAISIE!$C$5:$C$204,MATCH(MAXIFS(SAISIE!$E$5:$E$204,SAISIE!$B$5:$B$204,"*Vent Av./Arr.*",SAISIE!$F$5:$F$204,$F$41),SAISIE!$E$5:$E$204,0)),"-")) | C48: =IF(OR($F$41="",NOT(MAXIFS(SAISIE!$E$5:$E$204,SAISIE!$B$5:$B$204,"*Vent Av./Arr.*",SAISIE!$F$5:$F$204,$F$41)>0)),"",IFERROR(INDEX(SAISIE!$D$5:$D$204,MATCH(MAXIFS(SAISIE!$E$5:$E$204,SAISIE!$B$5:$B$204,"*Vent Av./Arr.*",SAISIE!$F$5:$F$204,$F$41),SAISIE!$E$5:$E$204,0)),"-")) | D48: =IF(OR($F$41="",NOT(MAXIFS(SAISIE!$E$5:$E$204,SAISIE!$B$5:$B$204,"*Vent Av./Arr.*",SAISIE!$F$5:$F$204,$F$41)>0)),"",IFERROR(MAXIFS(SAISIE!$E$5:$E$204,SAISIE!$B$5:$B$204,"*Vent Av./Arr.*",SAISIE!$F$5:$F$204,$F$41),"-")) | E48: =IF($F$41="","",IF(OR(D48="",D48="-"),"",IF(D48>0,"(soulevement)",IF(D48<0,"(compression)","-")))) | I48: =IF(OR($M$41="",NOT(MAXIFS(SAISIE!$L$5:$L$204,SAISIE!$J$5:$J$204,"*Vent Av./Arr.*",SAISIE!$M$5:$M$204,$M$41)>0)),"","Vent Av./Arr.") | J48: =IF(OR($M$41="",NOT(MAXIFS(SAISIE!$L$5:$L$204,SAISIE!$J$5:$J$204,"*Vent Av./Arr.*",SAISIE!$M$5:$M$204,$M$41)>0)),"",IFERROR(INDEX(SAISIE!$K$5:$K$204,MATCH(MAXIFS(SAISIE!$L$5:$L$204,SAISIE!$J$5:$J$204,"*Vent Av./Arr.*",SAISIE!$M$5:$M$204,$M$41),SAISIE!$L$5:$L$204,0)),"-")) | K48: =IF(OR($M$41="",NOT(MAXIFS(SAISIE!$L$5:$L$204,SAISIE!$J$5:$J$204,"*Vent Av./Arr.*",SAISIE!$M$5:$M$204,$M$41)>0)),"",IFERROR(MAXIFS(SAISIE!$L$5:$L$204,SAISIE!$J$5:$J$204,"*Vent Av./Arr.*",SAISIE!$M$5:$M$204,$M$41),"-")) | L48: =IF($M$41="","",IF(OR(K48="",K48="-"),"",IF(K48>0,"(soulevement)",IF(K48<0,"(compression)","-"))))
A49: =IF(OR($F$41="",NOT(COUNTIFS(SAISIE!$B$5:$B$204,"*Vent Arr./Av.*",SAISIE!$F$5:$F$204,$F$41)>0)),"","Vent Arr./Av.") | B49: =IF(OR($F$41="",NOT(COUNTIFS(SAISIE!$B$5:$B$204,"*Vent Arr./Av.*",SAISIE!$F$5:$F$204,$F$41)>0)),"",IFERROR(IF(MINIFS(SAISIE!$E$5:$E$204,SAISIE!$B$5:$B$204,"*Vent Arr./Av.*",SAISIE!$F$5:$F$204,$F$41)>=0,MAXIFS(SAISIE!$C$5:$C$204,SAISIE!$B$5:$B$204,"*Vent Arr./Av.*",SAISIE!$F$5:$F$204,$F$41),INDEX(SAISIE!$C$5:$C$204,MATCH(MINIFS(SAISIE!$E$5:$E$204,SAISIE!$B$5:$B$204,"*Vent Arr./Av.*",SAISIE!$F$5:$F$204,$F$41),SAISIE!$E$5:$E$204,0))),"-")) | C49: =IF(OR($F$41="",NOT(COUNTIFS(SAISIE!$B$5:$B$204,"*Vent Arr./Av.*",SAISIE!$F$5:$F$204,$F$41)>0)),"",IFERROR(IF(MINIFS(SAISIE!$E$5:$E$204,SAISIE!$B$5:$B$204,"*Vent Arr./Av.*",SAISIE!$F$5:$F$204,$F$41)>=0,INDEX(SAISIE!$D$5:$D$204,MATCH(MAXIFS(SAISIE!$C$5:$C$204,SAISIE!$B$5:$B$204,"*Vent Arr./Av.*",SAISIE!$F$5:$F$204,$F$41),SAISIE!$C$5:$C$204,0)),INDEX(SAISIE!$D$5:$D$204,MATCH(MINIFS(SAISIE!$E$5:$E$204,SAISIE!$B$5:$B$204,"*Vent Arr./Av.*",SAISIE!$F$5:$F$204,$F$41),SAISIE!$E$5:$E$204,0))),"-")) | D49: =IF(OR($F$41="",NOT(COUNTIFS(SAISIE!$B$5:$B$204,"*Vent Arr./Av.*",SAISIE!$F$5:$F$204,$F$41)>0)),"",IFERROR(IF(MINIFS(SAISIE!$E$5:$E$204,SAISIE!$B$5:$B$204,"*Vent Arr./Av.*",SAISIE!$F$5:$F$204,$F$41)>=0,0,MINIFS(SAISIE!$E$5:$E$204,SAISIE!$B$5:$B$204,"*Vent Arr./Av.*",SAISIE!$F$5:$F$204,$F$41)),"-")) | E49: =IF($F$41="","",IF(OR(D49="",D49="-"),"",IF(D49>0,"(soulevement)",IF(D49<0,"(compression)","-")))) | I49: =IF(OR($M$41="",NOT(COUNTIFS(SAISIE!$J$5:$J$204,"*Vent Arr./Av.*",SAISIE!$M$5:$M$204,$M$41)>0)),"","Vent Arr./Av.") | J49: =IF(OR($M$41="",NOT(COUNTIFS(SAISIE!$J$5:$J$204,"*Vent Arr./Av.*",SAISIE!$M$5:$M$204,$M$41)>0)),"",IFERROR(IF(MINIFS(SAISIE!$L$5:$L$204,SAISIE!$J$5:$J$204,"*Vent Arr./Av.*",SAISIE!$M$5:$M$204,$M$41)>=0,MAXIFS(SAISIE!$K$5:$K$204,SAISIE!$J$5:$J$204,"*Vent Arr./Av.*",SAISIE!$M$5:$M$204,$M$41),INDEX(SAISIE!$K$5:$K$204,MATCH(MINIFS(SAISIE!$L$5:$L$204,SAISIE!$J$5:$J$204,"*Vent Arr./Av.*",SAISIE!$M$5:$M$204,$M$41),SAISIE!$L$5:$L$204,0))),"-")) | K49: =IF(OR($M$41="",NOT(COUNTIFS(SAISIE!$J$5:$J$204,"*Vent Arr./Av.*",SAISIE!$M$5:$M$204,$M$41)>0)),"",IFERROR(IF(MINIFS(SAISIE!$L$5:$L$204,SAISIE!$J$5:$J$204,"*Vent Arr./Av.*",SAISIE!$M$5:$M$204,$M$41)>=0,0,MINIFS(SAISIE!$L$5:$L$204,SAISIE!$J$5:$J$204,"*Vent Arr./Av.*",SAISIE!$M$5:$M$204,$M$41)),"-")) | L49: =IF($M$41="","",IF(OR(K49="",K49="-"),"",IF(K49>0,"(soulevement)",IF(K49<0,"(compression)","-"))))
A50: =IF(OR($F$41="",NOT(MAXIFS(SAISIE!$E$5:$E$204,SAISIE!$B$5:$B$204,"*Vent Arr./Av.*",SAISIE!$F$5:$F$204,$F$41)>0)),"","Vent Arr./Av.") | B50: =IF(OR($F$41="",NOT(MAXIFS(SAISIE!$E$5:$E$204,SAISIE!$B$5:$B$204,"*Vent Arr./Av.*",SAISIE!$F$5:$F$204,$F$41)>0)),"",IFERROR(INDEX(SAISIE!$C$5:$C$204,MATCH(MAXIFS(SAISIE!$E$5:$E$204,SAISIE!$B$5:$B$204,"*Vent Arr./Av.*",SAISIE!$F$5:$F$204,$F$41),SAISIE!$E$5:$E$204,0)),"-")) | C50: =IF(OR($F$41="",NOT(MAXIFS(SAISIE!$E$5:$E$204,SAISIE!$B$5:$B$204,"*Vent Arr./Av.*",SAISIE!$F$5:$F$204,$F$41)>0)),"",IFERROR(INDEX(SAISIE!$D$5:$D$204,MATCH(MAXIFS(SAISIE!$E$5:$E$204,SAISIE!$B$5:$B$204,"*Vent Arr./Av.*",SAISIE!$F$5:$F$204,$F$41),SAISIE!$E$5:$E$204,0)),"-")) | D50: =IF(OR($F$41="",NOT(MAXIFS(SAISIE!$E$5:$E$204,SAISIE!$B$5:$B$204,"*Vent Arr./Av.*",SAISIE!$F$5:$F$204,$F$41)>0)),"",IFERROR(MAXIFS(SAISIE!$E$5:$E$204,SAISIE!$B$5:$B$204,"*Vent Arr./Av.*",SAISIE!$F$5:$F$204,$F$41),"-")) | E50: =IF($F$41="","",IF(OR(D50="",D50="-"),"",IF(D50>0,"(soulevement)",IF(D50<0,"(compression)","-")))) | I50: =IF(OR($M$41="",NOT(MAXIFS(SAISIE!$L$5:$L$204,SAISIE!$J$5:$J$204,"*Vent Arr./Av.*",SAISIE!$M$5:$M$204,$M$41)>0)),"","Vent Arr./Av.") | J50: =IF(OR($M$41="",NOT(MAXIFS(SAISIE!$L$5:$L$204,SAISIE!$J$5:$J$204,"*Vent Arr./Av.*",SAISIE!$M$5:$M$204,$M$41)>0)),"",IFERROR(INDEX(SAISIE!$K$5:$K$204,MATCH(MAXIFS(SAISIE!$L$5:$L$204,SAISIE!$J$5:$J$204,"*Vent Arr./Av.*",SAISIE!$M$5:$M$204,$M$41),SAISIE!$L$5:$L$204,0)),"-")) | K50: =IF(OR($M$41="",NOT(MAXIFS(SAISIE!$L$5:$L$204,SAISIE!$J$5:$J$204,"*Vent Arr./Av.*",SAISIE!$M$5:$M$204,$M$41)>0)),"",IFERROR(MAXIFS(SAISIE!$L$5:$L$204,SAISIE!$J$5:$J$204,"*Vent Arr./Av.*",SAISIE!$M$5:$M$204,$M$41),"-")) | L50: =IF($M$41="","",IF(OR(K50="",K50="-"),"",IF(K50>0,"(soulevement)",IF(K50<0,"(compression)","-"))))
A51: =IF(OR($F$41="",NOT(TRUE)),"","Neige normale") | B51: =IF($F$41="","",IFERROR(INDEX(SAISIE!$C$5:$C$204,MATCH(MINIFS(SAISIE!$E$5:$E$204,SAISIE!$B$5:$B$204,"*Neige*",SAISIE!$B$5:$B$204,"<>*accidentel*",SAISIE!$F$5:$F$204,$F$41),SAISIE!$E$5:$E$204,0)),"-")) | C51: =IF($F$41="","",IFERROR(INDEX(SAISIE!$D$5:$D$204,MATCH(MINIFS(SAISIE!$E$5:$E$204,SAISIE!$B$5:$B$204,"*Neige*",SAISIE!$B$5:$B$204,"<>*accidentel*",SAISIE!$F$5:$F$204,$F$41),SAISIE!$E$5:$E$204,0)),"-")) | D51: =IF($F$41="","",IFERROR(INDEX(SAISIE!$E$5:$E$204,MATCH(MINIFS(SAISIE!$E$5:$E$204,SAISIE!$B$5:$B$204,"*Neige*",SAISIE!$B$5:$B$204,"<>*accidentel*",SAISIE!$F$5:$F$204,$F$41),SAISIE!$E$5:$E$204,0)),"-")) | E51: =IF($F$41="","",IF(OR(D51="",D51="-"),"",IF(D51>0,"(soulevement)",IF(D51<0,"(compression)","-")))) | I51: =IF(OR($M$41="",NOT(TRUE)),"","Neige normale") | J51: =IF($M$41="","",IFERROR(INDEX(SAISIE!$K$5:$K$204,MATCH(MINIFS(SAISIE!$L$5:$L$204,SAISIE!$J$5:$J$204,"*Neige*",SAISIE!$J$5:$J$204,"<>*accidentel*",SAISIE!$M$5:$M$204,$M$41),SAISIE!$L$5:$L$204,0)),"-")) | K51: =IF($M$41="","",IFERROR(INDEX(SAISIE!$L$5:$L$204,MATCH(MINIFS(SAISIE!$L$5:$L$204,SAISIE!$J$5:$J$204,"*Neige*",SAISIE!$J$5:$J$204,"<>*accidentel*",SAISIE!$M$5:$M$204,$M$41),SAISIE!$L$5:$L$204,0)),"-")) | L51: =IF($M$41="","",IF(OR(K51="",K51="-"),"",IF(K51>0,"(soulevement)",IF(K51<0,"(compression)","-"))))
A52: =IF(OR($F$41="",NOT(TRUE)),"","Neige accidentelle") | B52: =IF($F$41="","",IFERROR(LOOKUP(2,1/((SAISIE!$F$5:$F$204=$F$41)*(ISNUMBER(SEARCH("accidentel",SAISIE!$B$5:$B$204)))),SAISIE!$C$5:$C$204),"-")) | C52: =IF($F$41="","",IFERROR(LOOKUP(2,1/((SAISIE!$F$5:$F$204=$F$41)*(ISNUMBER(SEARCH("accidentel",SAISIE!$B$5:$B$204)))),SAISIE!$D$5:$D$204),"-")) | D52: =IF($F$41="","",IFERROR(LOOKUP(2,1/((SAISIE!$F$5:$F$204=$F$41)*(ISNUMBER(SEARCH("accidentel",SAISIE!$B$5:$B$204)))),SAISIE!$E$5:$E$204),"-")) | E52: =IF($F$41="","",IF(OR(D52="",D52="-"),"",IF(D52>0,"(soulevement)",IF(D52<0,"(compression)","-")))) | I52: =IF(OR($M$41="",NOT(TRUE)),"","Neige accidentelle") | J52: =IF($M$41="","",IFERROR(LOOKUP(2,1/((SAISIE!$M$5:$M$204=$M$41)*(ISNUMBER(SEARCH("accidentel",SAISIE!$J$5:$J$204)))),SAISIE!$K$5:$K$204),"-")) | K52: =IF($M$41="","",IFERROR(LOOKUP(2,1/((SAISIE!$M$5:$M$204=$M$41)*(ISNUMBER(SEARCH("accidentel",SAISIE!$J$5:$J$204)))),SAISIE!$L$5:$L$204),"-")) | L52: =IF($M$41="","",IF(OR(K52="",K52="-"),"",IF(K52>0,"(soulevement)",IF(K52<0,"(compression)","-"))))
A53: =IF($F$53="","","Noeud "&$F$53) | F53: =IFERROR(INDEX(SAISIE!$F$5:$F$204,AGGREGATE(15,6,ROW(SAISIE!$F$5:$F$204)-ROW(SAISIE!$F$5)+1/(SAISIE!$F$5:$F$204<>"")/(COUNTIF($F$4:F52,SAISIE!$F$5:$F$204)=0),1)),"") | I53: =IF($M$53="","","Noeud "&$M$53) | M53: =IFERROR(INDEX(SAISIE!$M$5:$M$204,AGGREGATE(15,6,ROW(SAISIE!$M$5:$M$204)-ROW(SAISIE!$M$5)+1/(SAISIE!$M$5:$M$204<>"")/(COUNTIF($M$4:M52,SAISIE!$M$5:$M$204)=0),1)),"")
A54: =IF(OR($F$53="",NOT(TRUE)),"","Couverture") | B54: =IF($F$53="","",IFERROR(IFERROR(LOOKUP(2,1/((SAISIE!$F$5:$F$204=$F$53)*(LEFT(SAISIE!$B$5:$B$204,2)="G ")),SAISIE!$C$5:$C$204),LOOKUP(2,1/((SAISIE!$F$5:$F$204=$F$53)*(ISNUMBER(SEARCH("Couverture",SAISIE!$B$5:$B$204)))),SAISIE!$C$5:$C$204)),"-")) | C54: =IF($F$53="","",IFERROR(IFERROR(LOOKUP(2,1/((SAISIE!$F$5:$F$204=$F$53)*(LEFT(SAISIE!$B$5:$B$204,2)="G ")),SAISIE!$D$5:$D$204),LOOKUP(2,1/((SAISIE!$F$5:$F$204=$F$53)*(ISNUMBER(SEARCH("Couverture",SAISIE!$B$5:$B$204)))),SAISIE!$D$5:$D$204)),"-")) | D54: =IF($F$53="","",IFERROR(IFERROR(LOOKUP(2,1/((SAISIE!$F$5:$F$204=$F$53)*(LEFT(SAISIE!$B$5:$B$204,2)="G ")),SAISIE!$E$5:$E$204),LOOKUP(2,1/((SAISIE!$F$5:$F$204=$F$53)*(ISNUMBER(SEARCH("Couverture",SAISIE!$B$5:$B$204)))),SAISIE!$E$5:$E$204)),"-")) | E54: =IF($F$53="","",IF(OR(D54="",D54="-"),"",IF(D54>0,"(soulevement)",IF(D54<0,"(compression)","-")))) | I54: =IF(OR($M$53="",NOT(TRUE)),"","Couverture") | J54: =IF($M$53="","",IFERROR(IFERROR(LOOKUP(2,1/((SAISIE!$M$5:$M$204=$M$53)*(LEFT(SAISIE!$J$5:$J$204,2)="G ")),SAISIE!$K$5:$K$204),LOOKUP(2,1/((SAISIE!$M$5:$M$204=$M$53)*(ISNUMBER(SEARCH("Couverture",SAISIE!$J$5:$J$204)))),SAISIE!$K$5:$K$204)),"-")) | K54: =IF($M$53="","",IFERROR(IFERROR(LOOKUP(2,1/((SAISIE!$M$5:$M$204=$M$53)*(LEFT(SAISIE!$J$5:$J$204,2)="G ")),SAISIE!$L$5:$L$204),LOOKUP(2,1/((SAISIE!$M$5:$M$204=$M$53)*(ISNUMBER(SEARCH("Couverture",SAISIE!$J$5:$J$204)))),SAISIE!$L$5:$L$204)),"-")) | L54: =IF($M$53="","",IF(OR(K54="",K54="-"),"",IF(K54>0,"(soulevement)",IF(K54<0,"(compression)","-"))))
A55: =IF(OR($F$53="",NOT(COUNTIFS(SAISIE!$B$5:$B$204,"*Vent G/D*",SAISIE!$F$5:$F$204,$F$53)>0)),"","Vent G/D") | B55: =IF(OR($F$53="",NOT(COUNTIFS(SAISIE!$B$5:$B$204,"*Vent G/D*",SAISIE!$F$5:$F$204,$F$53)>0)),"",IFERROR(IF(MINIFS(SAISIE!$E$5:$E$204,SAISIE!$B$5:$B$204,"*Vent G/D*",SAISIE!$F$5:$F$204,$F$53)>=0,MAXIFS(SAISIE!$C$5:$C$204,SAISIE!$B$5:$B$204,"*Vent G/D*",SAISIE!$F$5:$F$204,$F$53),INDEX(SAISIE!$C$5:$C$204,MATCH(MINIFS(SAISIE!$E$5:$E$204,SAISIE!$B$5:$B$204,"*Vent G/D*",SAISIE!$F$5:$F$204,$F$53),SAISIE!$E$5:$E$204,0))),"-")) | C55: =IF(OR($F$53="",NOT(COUNTIFS(SAISIE!$B$5:$B$204,"*Vent G/D*",SAISIE!$F$5:$F$204,$F$53)>0)),"",IFERROR(IF(MINIFS(SAISIE!$E$5:$E$204,SAISIE!$B$5:$B$204,"*Vent G/D*",SAISIE!$F$5:$F$204,$F$53)>=0,INDEX(SAISIE!$D$5:$D$204,MATCH(MAXIFS(SAISIE!$C$5:$C$204,SAISIE!$B$5:$B$204,"*Vent G/D*",SAISIE!$F$5:$F$204,$F$53),SAISIE!$C$5:$C$204,0)),INDEX(SAISIE!$D$5:$D$204,MATCH(MINIFS(SAISIE!$E$5:$E$204,SAISIE!$B$5:$B$204,"*Vent G/D*",SAISIE!$F$5:$F$204,$F$53),SAISIE!$E$5:$E$204,0))),"-")) | D55: =IF(OR($F$53="",NOT(COUNTIFS(SAISIE!$B$5:$B$204,"*Vent G/D*",SAISIE!$F$5:$F$204,$F$53)>0)),"",IFERROR(IF(MINIFS(SAISIE!$E$5:$E$204,SAISIE!$B$5:$B$204,"*Vent G/D*",SAISIE!$F$5:$F$204,$F$53)>=0,0,MINIFS(SAISIE!$E$5:$E$204,SAISIE!$B$5:$B$204,"*Vent G/D*",SAISIE!$F$5:$F$204,$F$53)),"-")) | E55: =IF($F$53="","",IF(OR(D55="",D55="-"),"",IF(D55>0,"(soulevement)",IF(D55<0,"(compression)","-")))) | I55: =IF(OR($M$53="",NOT(COUNTIFS(SAISIE!$J$5:$J$204,"*Vent G/D*",SAISIE!$M$5:$M$204,$M$53)>0)),"","Vent G/D") | J55: =IF(OR($M$53="",NOT(COUNTIFS(SAISIE!$J$5:$J$204,"*Vent G/D*",SAISIE!$M$5:$M$204,$M$53)>0)),"",IFERROR(IF(MINIFS(SAISIE!$L$5:$L$204,SAISIE!$J$5:$J$204,"*Vent G/D*",SAISIE!$M$5:$M$204,$M$53)>=0,MAXIFS(SAISIE!$K$5:$K$204,SAISIE!$J$5:$J$204,"*Vent G/D*",SAISIE!$M$5:$M$204,$M$53),INDEX(SAISIE!$K$5:$K$204,MATCH(MINIFS(SAISIE!$L$5:$L$204,SAISIE!$J$5:$J$204,"*Vent G/D*",SAISIE!$M$5:$M$204,$M$53),SAISIE!$L$5:$L$204,0))),"-")) | K55: =IF(OR($M$53="",NOT(COUNTIFS(SAISIE!$J$5:$J$204,"*Vent G/D*",SAISIE!$M$5:$M$204,$M$53)>0)),"",IFERROR(IF(MINIFS(SAISIE!$L$5:$L$204,SAISIE!$J$5:$J$204,"*Vent G/D*",SAISIE!$M$5:$M$204,$M$53)>=0,0,MINIFS(SAISIE!$L$5:$L$204,SAISIE!$J$5:$J$204,"*Vent G/D*",SAISIE!$M$5:$M$204,$M$53)),"-")) | L55: =IF($M$53="","",IF(OR(K55="",K55="-"),"",IF(K55>0,"(soulevement)",IF(K55<0,"(compression)","-"))))
A56: =IF(OR($F$53="",NOT(MAXIFS(SAISIE!$E$5:$E$204,SAISIE!$B$5:$B$204,"*Vent G/D*",SAISIE!$F$5:$F$204,$F$53)>0)),"","Vent G/D") | B56: =IF(OR($F$53="",NOT(MAXIFS(SAISIE!$E$5:$E$204,SAISIE!$B$5:$B$204,"*Vent G/D*",SAISIE!$F$5:$F$204,$F$53)>0)),"",IFERROR(INDEX(SAISIE!$C$5:$C$204,MATCH(MAXIFS(SAISIE!$E$5:$E$204,SAISIE!$B$5:$B$204,"*Vent G/D*",SAISIE!$F$5:$F$204,$F$53),SAISIE!$E$5:$E$204,0)),"-")) | C56: =IF(OR($F$53="",NOT(MAXIFS(SAISIE!$E$5:$E$204,SAISIE!$B$5:$B$204,"*Vent G/D*",SAISIE!$F$5:$F$204,$F$53)>0)),"",IFERROR(INDEX(SAISIE!$D$5:$D$204,MATCH(MAXIFS(SAISIE!$E$5:$E$204,SAISIE!$B$5:$B$204,"*Vent G/D*",SAISIE!$F$5:$F$204,$F$53),SAISIE!$E$5:$E$204,0)),"-")) | D56: =IF(OR($F$53="",NOT(MAXIFS(SAISIE!$E$5:$E$204,SAISIE!$B$5:$B$204,"*Vent G/D*",SAISIE!$F$5:$F$204,$F$53)>0)),"",IFERROR(MAXIFS(SAISIE!$E$5:$E$204,SAISIE!$B$5:$B$204,"*Vent G/D*",SAISIE!$F$5:$F$204,$F$53),"-")) | E56: =IF($F$53="","",IF(OR(D56="",D56="-"),"",IF(D56>0,"(soulevement)",IF(D56<0,"(compression)","-")))) | I56: =IF(OR($M$53="",NOT(MAXIFS(SAISIE!$L$5:$L$204,SAISIE!$J$5:$J$204,"*Vent G/D*",SAISIE!$M$5:$M$204,$M$53)>0)),"","Vent G/D") | J56: =IF(OR($M$53="",NOT(MAXIFS(SAISIE!$L$5:$L$204,SAISIE!$J$5:$J$204,"*Vent G/D*",SAISIE!$M$5:$M$204,$M$53)>0)),"",IFERROR(INDEX(SAISIE!$K$5:$K$204,MATCH(MAXIFS(SAISIE!$L$5:$L$204,SAISIE!$J$5:$J$204,"*Vent G/D*",SAISIE!$M$5:$M$204,$M$53),SAISIE!$L$5:$L$204,0)),"-")) | K56: =IF(OR($M$53="",NOT(MAXIFS(SAISIE!$L$5:$L$204,SAISIE!$J$5:$J$204,"*Vent G/D*",SAISIE!$M$5:$M$204,$M$53)>0)),"",IFERROR(MAXIFS(SAISIE!$L$5:$L$204,SAISIE!$J$5:$J$204,"*Vent G/D*",SAISIE!$M$5:$M$204,$M$53),"-")) | L56: =IF($M$53="","",IF(OR(K56="",K56="-"),"",IF(K56>0,"(soulevement)",IF(K56<0,"(compression)","-"))))
A57: =IF(OR($F$53="",NOT(COUNTIFS(SAISIE!$B$5:$B$204,"*Vent D/G*",SAISIE!$F$5:$F$204,$F$53)>0)),"","Vent D/G") | B57: =IF(OR($F$53="",NOT(COUNTIFS(SAISIE!$B$5:$B$204,"*Vent D/G*",SAISIE!$F$5:$F$204,$F$53)>0)),"",IFERROR(IF(MINIFS(SAISIE!$E$5:$E$204,SAISIE!$B$5:$B$204,"*Vent D/G*",SAISIE!$F$5:$F$204,$F$53)>=0,MAXIFS(SAISIE!$C$5:$C$204,SAISIE!$B$5:$B$204,"*Vent D/G*",SAISIE!$F$5:$F$204,$F$53),INDEX(SAISIE!$C$5:$C$204,MATCH(MINIFS(SAISIE!$E$5:$E$204,SAISIE!$B$5:$B$204,"*Vent D/G*",SAISIE!$F$5:$F$204,$F$53),SAISIE!$E$5:$E$204,0))),"-")) | C57: =IF(OR($F$53="",NOT(COUNTIFS(SAISIE!$B$5:$B$204,"*Vent D/G*",SAISIE!$F$5:$F$204,$F$53)>0)),"",IFERROR(IF(MINIFS(SAISIE!$E$5:$E$204,SAISIE!$B$5:$B$204,"*Vent D/G*",SAISIE!$F$5:$F$204,$F$53)>=0,INDEX(SAISIE!$D$5:$D$204,MATCH(MAXIFS(SAISIE!$C$5:$C$204,SAISIE!$B$5:$B$204,"*Vent D/G*",SAISIE!$F$5:$F$204,$F$53),SAISIE!$C$5:$C$204,0)),INDEX(SAISIE!$D$5:$D$204,MATCH(MINIFS(SAISIE!$E$5:$E$204,SAISIE!$B$5:$B$204,"*Vent D/G*",SAISIE!$F$5:$F$204,$F$53),SAISIE!$E$5:$E$204,0))),"-")) | D57: =IF(OR($F$53="",NOT(COUNTIFS(SAISIE!$B$5:$B$204,"*Vent D/G*",SAISIE!$F$5:$F$204,$F$53)>0)),"",IFERROR(IF(MINIFS(SAISIE!$E$5:$E$204,SAISIE!$B$5:$B$204,"*Vent D/G*",SAISIE!$F$5:$F$204,$F$53)>=0,0,MINIFS(SAISIE!$E$5:$E$204,SAISIE!$B$5:$B$204,"*Vent D/G*",SAISIE!$F$5:$F$204,$F$53)),"-")) | E57: =IF($F$53="","",IF(OR(D57="",D57="-"),"",IF(D57>0,"(soulevement)",IF(D57<0,"(compression)","-")))) | I57: =IF(OR($M$53="",NOT(COUNTIFS(SAISIE!$J$5:$J$204,"*Vent D/G*",SAISIE!$M$5:$M$204,$M$53)>0)),"","Vent D/G") | J57: =IF(OR($M$53="",NOT(COUNTIFS(SAISIE!$J$5:$J$204,"*Vent D/G*",SAISIE!$M$5:$M$204,$M$53)>0)),"",IFERROR(IF(MINIFS(SAISIE!$L$5:$L$204,SAISIE!$J$5:$J$204,"*Vent D/G*",SAISIE!$M$5:$M$204,$M$53)>=0,MAXIFS(SAISIE!$K$5:$K$204,SAISIE!$J$5:$J$204,"*Vent D/G*",SAISIE!$M$5:$M$204,$M$53),INDEX(SAISIE!$K$5:$K$204,MATCH(MINIFS(SAISIE!$L$5:$L$204,SAISIE!$J$5:$J$204,"*Vent D/G*",SAISIE!$M$5:$M$204,$M$53),SAISIE!$L$5:$L$204,0))),"-")) | K57: =IF(OR($M$53="",NOT(COUNTIFS(SAISIE!$J$5:$J$204,"*Vent D/G*",SAISIE!$M$5:$M$204,$M$53)>0)),"",IFERROR(IF(MINIFS(SAISIE!$L$5:$L$204,SAISIE!$J$5:$J$204,"*Vent D/G*",SAISIE!$M$5:$M$204,$M$53)>=0,0,MINIFS(SAISIE!$L$5:$L$204,SAISIE!$J$5:$J$204,"*Vent D/G*",SAISIE!$M$5:$M$204,$M$53)),"-")) | L57: =IF($M$53="","",IF(OR(K57="",K57="-"),"",IF(K57>0,"(soulevement)",IF(K57<0,"(compression)","-"))))
A58: =IF(OR($F$53="",NOT(MAXIFS(SAISIE!$E$5:$E$204,SAISIE!$B$5:$B$204,"*Vent D/G*",SAISIE!$F$5:$F$204,$F$53)>0)),"","Vent D/G") | B58: =IF(OR($F$53="",NOT(MAXIFS(SAISIE!$E$5:$E$204,SAISIE!$B$5:$B$204,"*Vent D/G*",SAISIE!$F$5:$F$204,$F$53)>0)),"",IFERROR(INDEX(SAISIE!$C$5:$C$204,MATCH(MAXIFS(SAISIE!$E$5:$E$204,SAISIE!$B$5:$B$204,"*Vent D/G*",SAISIE!$F$5:$F$204,$F$53),SAISIE!$E$5:$E$204,0)),"-")) | C58: =IF(OR($F$53="",NOT(MAXIFS(SAISIE!$E$5:$E$204,SAISIE!$B$5:$B$204,"*Vent D/G*",SAISIE!$F$5:$F$204,$F$53)>0)),"",IFERROR(INDEX(SAISIE!$D$5:$D$204,MATCH(MAXIFS(SAISIE!$E$5:$E$204,SAISIE!$B$5:$B$204,"*Vent D/G*",SAISIE!$F$5:$F$204,$F$53),SAISIE!$E$5:$E$204,0)),"-")) | D58: =IF(OR($F$53="",NOT(MAXIFS(SAISIE!$E$5:$E$204,SAISIE!$B$5:$B$204,"*Vent D/G*",SAISIE!$F$5:$F$204,$F$53)>0)),"",IFERROR(MAXIFS(SAISIE!$E$5:$E$204,SAISIE!$B$5:$B$204,"*Vent D/G*",SAISIE!$F$5:$F$204,$F$53),"-")) | E58: =IF($F$53="","",IF(OR(D58="",D58="-"),"",IF(D58>0,"(soulevement)",IF(D58<0,"(compression)","-")))) | I58: =IF(OR($M$53="",NOT(MAXIFS(SAISIE!$L$5:$L$204,SAISIE!$J$5:$J$204,"*Vent D/G*",SAISIE!$M$5:$M$204,$M$53)>0)),"","Vent D/G") | J58: =IF(OR($M$53="",NOT(MAXIFS(SAISIE!$L$5:$L$204,SAISIE!$J$5:$J$204,"*Vent D/G*",SAISIE!$M$5:$M$204,$M$53)>0)),"",IFERROR(INDEX(SAISIE!$K$5:$K$204,MATCH(MAXIFS(SAISIE!$L$5:$L$204,SAISIE!$J$5:$J$204,"*Vent D/G*",SAISIE!$M$5:$M$204,$M$53),SAISIE!$L$5:$L$204,0)),"-")) | K58: =IF(OR($M$53="",NOT(MAXIFS(SAISIE!$L$5:$L$204,SAISIE!$J$5:$J$204,"*Vent D/G*",SAISIE!$M$5:$M$204,$M$53)>0)),"",IFERROR(MAXIFS(SAISIE!$L$5:$L$204,SAISIE!$J$5:$J$204,"*Vent D/G*",SAISIE!$M$5:$M$204,$M$53),"-")) | L58: =IF($M$53="","",IF(OR(K58="",K58="-"),"",IF(K58>0,"(soulevement)",IF(K58<0,"(compression)","-"))))
A59: =IF(OR($F$53="",NOT(COUNTIFS(SAISIE!$B$5:$B$204,"*Vent Av./Arr.*",SAISIE!$F$5:$F$204,$F$53)>0)),"","Vent Av./Arr.") | B59: =IF(OR($F$53="",NOT(COUNTIFS(SAISIE!$B$5:$B$204,"*Vent Av./Arr.*",SAISIE!$F$5:$F$204,$F$53)>0)),"",IFERROR(IF(MINIFS(SAISIE!$E$5:$E$204,SAISIE!$B$5:$B$204,"*Vent Av./Arr.*",SAISIE!$F$5:$F$204,$F$53)>=0,MAXIFS(SAISIE!$C$5:$C$204,SAISIE!$B$5:$B$204,"*Vent Av./Arr.*",SAISIE!$F$5:$F$204,$F$53),INDEX(SAISIE!$C$5:$C$204,MATCH(MINIFS(SAISIE!$E$5:$E$204,SAISIE!$B$5:$B$204,"*Vent Av./Arr.*",SAISIE!$F$5:$F$204,$F$53),SAISIE!$E$5:$E$204,0))),"-")) | C59: =IF(OR($F$53="",NOT(COUNTIFS(SAISIE!$B$5:$B$204,"*Vent Av./Arr.*",SAISIE!$F$5:$F$204,$F$53)>0)),"",IFERROR(IF(MINIFS(SAISIE!$E$5:$E$204,SAISIE!$B$5:$B$204,"*Vent Av./Arr.*",SAISIE!$F$5:$F$204,$F$53)>=0,INDEX(SAISIE!$D$5:$D$204,MATCH(MAXIFS(SAISIE!$C$5:$C$204,SAISIE!$B$5:$B$204,"*Vent Av./Arr.*",SAISIE!$F$5:$F$204,$F$53),SAISIE!$C$5:$C$204,0)),INDEX(SAISIE!$D$5:$D$204,MATCH(MINIFS(SAISIE!$E$5:$E$204,SAISIE!$B$5:$B$204,"*Vent Av./Arr.*",SAISIE!$F$5:$F$204,$F$53),SAISIE!$E$5:$E$204,0))),"-")) | D59: =IF(OR($F$53="",NOT(COUNTIFS(SAISIE!$B$5:$B$204,"*Vent Av./Arr.*",SAISIE!$F$5:$F$204,$F$53)>0)),"",IFERROR(IF(MINIFS(SAISIE!$E$5:$E$204,SAISIE!$B$5:$B$204,"*Vent Av./Arr.*",SAISIE!$F$5:$F$204,$F$53)>=0,0,MINIFS(SAISIE!$E$5:$E$204,SAISIE!$B$5:$B$204,"*Vent Av./Arr.*",SAISIE!$F$5:$F$204,$F$53)),"-")) | E59: =IF($F$53="","",IF(OR(D59="",D59="-"),"",IF(D59>0,"(soulevement)",IF(D59<0,"(compression)","-")))) | I59: =IF(OR($M$53="",NOT(COUNTIFS(SAISIE!$J$5:$J$204,"*Vent Av./Arr.*",SAISIE!$M$5:$M$204,$M$53)>0)),"","Vent Av./Arr.") | J59: =IF(OR($M$53="",NOT(COUNTIFS(SAISIE!$J$5:$J$204,"*Vent Av./Arr.*",SAISIE!$M$5:$M$204,$M$53)>0)),"",IFERROR(IF(MINIFS(SAISIE!$L$5:$L$204,SAISIE!$J$5:$J$204,"*Vent Av./Arr.*",SAISIE!$M$5:$M$204,$M$53)>=0,MAXIFS(SAISIE!$K$5:$K$204,SAISIE!$J$5:$J$204,"*Vent Av./Arr.*",SAISIE!$M$5:$M$204,$M$53),INDEX(SAISIE!$K$5:$K$204,MATCH(MINIFS(SAISIE!$L$5:$L$204,SAISIE!$J$5:$J$204,"*Vent Av./Arr.*",SAISIE!$M$5:$M$204,$M$53),SAISIE!$L$5:$L$204,0))),"-")) | K59: =IF(OR($M$53="",NOT(COUNTIFS(SAISIE!$J$5:$J$204,"*Vent Av./Arr.*",SAISIE!$M$5:$M$204,$M$53)>0)),"",IFERROR(IF(MINIFS(SAISIE!$L$5:$L$204,SAISIE!$J$5:$J$204,"*Vent Av./Arr.*",SAISIE!$M$5:$M$204,$M$53)>=0,0,MINIFS(SAISIE!$L$5:$L$204,SAISIE!$J$5:$J$204,"*Vent Av./Arr.*",SAISIE!$M$5:$M$204,$M$53)),"-")) | L59: =IF($M$53="","",IF(OR(K59="",K59="-"),"",IF(K59>0,"(soulevement)",IF(K59<0,"(compression)","-"))))
A60: =IF(OR($F$53="",NOT(MAXIFS(SAISIE!$E$5:$E$204,SAISIE!$B$5:$B$204,"*Vent Av./Arr.*",SAISIE!$F$5:$F$204,$F$53)>0)),"","Vent Av./Arr.") | B60: =IF(OR($F$53="",NOT(MAXIFS(SAISIE!$E$5:$E$204,SAISIE!$B$5:$B$204,"*Vent Av./Arr.*",SAISIE!$F$5:$F$204,$F$53)>0)),"",IFERROR(INDEX(SAISIE!$C$5:$C$204,MATCH(MAXIFS(SAISIE!$E$5:$E$204,SAISIE!$B$5:$B$204,"*Vent Av./Arr.*",SAISIE!$F$5:$F$204,$F$53),SAISIE!$E$5:$E$204,0)),"-")) | C60: =IF(OR($F$53="",NOT(MAXIFS(SAISIE!$E$5:$E$204,SAISIE!$B$5:$B$204,"*Vent Av./Arr.*",SAISIE!$F$5:$F$204,$F$53)>0)),"",IFERROR(INDEX(SAISIE!$D$5:$D$204,MATCH(MAXIFS(SAISIE!$E$5:$E$204,SAISIE!$B$5:$B$204,"*Vent Av./Arr.*",SAISIE!$F$5:$F$204,$F$53),SAISIE!$E$5:$E$204,0)),"-")) | D60: =IF(OR($F$53="",NOT(MAXIFS(SAISIE!$E$5:$E$204,SAISIE!$B$5:$B$204,"*Vent Av./Arr.*",SAISIE!$F$5:$F$204,$F$53)>0)),"",IFERROR(MAXIFS(SAISIE!$E$5:$E$204,SAISIE!$B$5:$B$204,"*Vent Av./Arr.*",SAISIE!$F$5:$F$204,$F$53),"-")) | E60: =IF($F$53="","",IF(OR(D60="",D60="-"),"",IF(D60>0,"(soulevement)",IF(D60<0,"(compression)","-")))) | I60: =IF(OR($M$53="",NOT(MAXIFS(SAISIE!$L$5:$L$204,SAISIE!$J$5:$J$204,"*Vent Av./Arr.*",SAISIE!$M$5:$M$204,$M$53)>0)),"","Vent Av./Arr.") | J60: =IF(OR($M$53="",NOT(MAXIFS(SAISIE!$L$5:$L$204,SAISIE!$J$5:$J$204,"*Vent Av./Arr.*",SAISIE!$M$5:$M$204,$M$53)>0)),"",IFERROR(INDEX(SAISIE!$K$5:$K$204,MATCH(MAXIFS(SAISIE!$L$5:$L$204,SAISIE!$J$5:$J$204,"*Vent Av./Arr.*",SAISIE!$M$5:$M$204,$M$53),SAISIE!$L$5:$L$204,0)),"-")) | K60: =IF(OR($M$53="",NOT(MAXIFS(SAISIE!$L$5:$L$204,SAISIE!$J$5:$J$204,"*Vent Av./Arr.*",SAISIE!$M$5:$M$204,$M$53)>0)),"",IFERROR(MAXIFS(SAISIE!$L$5:$L$204,SAISIE!$J$5:$J$204,"*Vent Av./Arr.*",SAISIE!$M$5:$M$204,$M$53),"-")) | L60: =IF($M$53="","",IF(OR(K60="",K60="-"),"",IF(K60>0,"(soulevement)",IF(K60<0,"(compression)","-"))))
A61: =IF(OR($F$53="",NOT(COUNTIFS(SAISIE!$B$5:$B$204,"*Vent Arr./Av.*",SAISIE!$F$5:$F$204,$F$53)>0)),"","Vent Arr./Av.") | B61: =IF(OR($F$53="",NOT(COUNTIFS(SAISIE!$B$5:$B$204,"*Vent Arr./Av.*",SAISIE!$F$5:$F$204,$F$53)>0)),"",IFERROR(IF(MINIFS(SAISIE!$E$5:$E$204,SAISIE!$B$5:$B$204,"*Vent Arr./Av.*",SAISIE!$F$5:$F$204,$F$53)>=0,MAXIFS(SAISIE!$C$5:$C$204,SAISIE!$B$5:$B$204,"*Vent Arr./Av.*",SAISIE!$F$5:$F$204,$F$53),INDEX(SAISIE!$C$5:$C$204,MATCH(MINIFS(SAISIE!$E$5:$E$204,SAISIE!$B$5:$B$204,"*Vent Arr./Av.*",SAISIE!$F$5:$F$204,$F$53),SAISIE!$E$5:$E$204,0))),"-")) | C61: =IF(OR($F$53="",NOT(COUNTIFS(SAISIE!$B$5:$B$204,"*Vent Arr./Av.*",SAISIE!$F$5:$F$204,$F$53)>0)),"",IFERROR(IF(MINIFS(SAISIE!$E$5:$E$204,SAISIE!$B$5:$B$204,"*Vent Arr./Av.*",SAISIE!$F$5:$F$204,$F$53)>=0,INDEX(SAISIE!$D$5:$D$204,MATCH(MAXIFS(SAISIE!$C$5:$C$204,SAISIE!$B$5:$B$204,"*Vent Arr./Av.*",SAISIE!$F$5:$F$204,$F$53),SAISIE!$C$5:$C$204,0)),INDEX(SAISIE!$D$5:$D$204,MATCH(MINIFS(SAISIE!$E$5:$E$204,SAISIE!$B$5:$B$204,"*Vent Arr./Av.*",SAISIE!$F$5:$F$204,$F$53),SAISIE!$E$5:$E$204,0))),"-")) | D61: =IF(OR($F$53="",NOT(COUNTIFS(SAISIE!$B$5:$B$204,"*Vent Arr./Av.*",SAISIE!$F$5:$F$204,$F$53)>0)),"",IFERROR(IF(MINIFS(SAISIE!$E$5:$E$204,SAISIE!$B$5:$B$204,"*Vent Arr./Av.*",SAISIE!$F$5:$F$204,$F$53)>=0,0,MINIFS(SAISIE!$E$5:$E$204,SAISIE!$B$5:$B$204,"*Vent Arr./Av.*",SAISIE!$F$5:$F$204,$F$53)),"-")) | E61: =IF($F$53="","",IF(OR(D61="",D61="-"),"",IF(D61>0,"(soulevement)",IF(D61<0,"(compression)","-")))) | I61: =IF(OR($M$53="",NOT(COUNTIFS(SAISIE!$J$5:$J$204,"*Vent Arr./Av.*",SAISIE!$M$5:$M$204,$M$53)>0)),"","Vent Arr./Av.") | J61: =IF(OR($M$53="",NOT(COUNTIFS(SAISIE!$J$5:$J$204,"*Vent Arr./Av.*",SAISIE!$M$5:$M$204,$M$53)>0)),"",IFERROR(IF(MINIFS(SAISIE!$L$5:$L$204,SAISIE!$J$5:$J$204,"*Vent Arr./Av.*",SAISIE!$M$5:$M$204,$M$53)>=0,MAXIFS(SAISIE!$K$5:$K$204,SAISIE!$J$5:$J$204,"*Vent Arr./Av.*",SAISIE!$M$5:$M$204,$M$53),INDEX(SAISIE!$K$5:$K$204,MATCH(MINIFS(SAISIE!$L$5:$L$204,SAISIE!$J$5:$J$204,"*Vent Arr./Av.*",SAISIE!$M$5:$M$204,$M$53),SAISIE!$L$5:$L$204,0))),"-")) | K61: =IF(OR($M$53="",NOT(COUNTIFS(SAISIE!$J$5:$J$204,"*Vent Arr./Av.*",SAISIE!$M$5:$M$204,$M$53)>0)),"",IFERROR(IF(MINIFS(SAISIE!$L$5:$L$204,SAISIE!$J$5:$J$204,"*Vent Arr./Av.*",SAISIE!$M$5:$M$204,$M$53)>=0,0,MINIFS(SAISIE!$L$5:$L$204,SAISIE!$J$5:$J$204,"*Vent Arr./Av.*",SAISIE!$M$5:$M$204,$M$53)),"-")) | L61: =IF($M$53="","",IF(OR(K61="",K61="-"),"",IF(K61>0,"(soulevement)",IF(K61<0,"(compression)","-"))))
A62: =IF(OR($F$53="",NOT(MAXIFS(SAISIE!$E$5:$E$204,SAISIE!$B$5:$B$204,"*Vent Arr./Av.*",SAISIE!$F$5:$F$204,$F$53)>0)),"","Vent Arr./Av.") | B62: =IF(OR($F$53="",NOT(MAXIFS(SAISIE!$E$5:$E$204,SAISIE!$B$5:$B$204,"*Vent Arr./Av.*",SAISIE!$F$5:$F$204,$F$53)>0)),"",IFERROR(INDEX(SAISIE!$C$5:$C$204,MATCH(MAXIFS(SAISIE!$E$5:$E$204,SAISIE!$B$5:$B$204,"*Vent Arr./Av.*",SAISIE!$F$5:$F$204,$F$53),SAISIE!$E$5:$E$204,0)),"-")) | C62: =IF(OR($F$53="",NOT(MAXIFS(SAISIE!$E$5:$E$204,SAISIE!$B$5:$B$204,"*Vent Arr./Av.*",SAISIE!$F$5:$F$204,$F$53)>0)),"",IFERROR(INDEX(SAISIE!$D$5:$D$204,MATCH(MAXIFS(SAISIE!$E$5:$E$204,SAISIE!$B$5:$B$204,"*Vent Arr./Av.*",SAISIE!$F$5:$F$204,$F$53),SAISIE!$E$5:$E$204,0)),"-")) | D62: =IF(OR($F$53="",NOT(MAXIFS(SAISIE!$E$5:$E$204,SAISIE!$B$5:$B$204,"*Vent Arr./Av.*",SAISIE!$F$5:$F$204,$F$53)>0)),"",IFERROR(MAXIFS(SAISIE!$E$5:$E$204,SAISIE!$B$5:$B$204,"*Vent Arr./Av.*",SAISIE!$F$5:$F$204,$F$53),"-")) | E62: =IF($F$53="","",IF(OR(D62="",D62="-"),"",IF(D62>0,"(soulevement)",IF(D62<0,"(compression)","-")))) | I62: =IF(OR($M$53="",NOT(MAXIFS(SAISIE!$L$5:$L$204,SAISIE!$J$5:$J$204,"*Vent Arr./Av.*",SAISIE!$M$5:$M$204,$M$53)>0)),"","Vent Arr./Av.") | J62: =IF(OR($M$53="",NOT(MAXIFS(SAISIE!$L$5:$L$204,SAISIE!$J$5:$J$204,"*Vent Arr./Av.*",SAISIE!$M$5:$M$204,$M$53)>0)),"",IFERROR(INDEX(SAISIE!$K$5:$K$204,MATCH(MAXIFS(SAISIE!$L$5:$L$204,SAISIE!$J$5:$J$204,"*Vent Arr./Av.*",SAISIE!$M$5:$M$204,$M$53),SAISIE!$L$5:$L$204,0)),"-")) | K62: =IF(OR($M$53="",NOT(MAXIFS(SAISIE!$L$5:$L$204,SAISIE!$J$5:$J$204,"*Vent Arr./Av.*",SAISIE!$M$5:$M$204,$M$53)>0)),"",IFERROR(MAXIFS(SAISIE!$L$5:$L$204,SAISIE!$J$5:$J$204,"*Vent Arr./Av.*",SAISIE!$M$5:$M$204,$M$53),"-")) | L62: =IF($M$53="","",IF(OR(K62="",K62="-"),"",IF(K62>0,"(soulevement)",IF(K62<0,"(compression)","-"))))
A63: =IF(OR($F$53="",NOT(TRUE)),"","Neige normale") | B63: =IF($F$53="","",IFERROR(INDEX(SAISIE!$C$5:$C$204,MATCH(MINIFS(SAISIE!$E$5:$E$204,SAISIE!$B$5:$B$204,"*Neige*",SAISIE!$B$5:$B$204,"<>*accidentel*",SAISIE!$F$5:$F$204,$F$53),SAISIE!$E$5:$E$204,0)),"-")) | C63: =IF($F$53="","",IFERROR(INDEX(SAISIE!$D$5:$D$204,MATCH(MINIFS(SAISIE!$E$5:$E$204,SAISIE!$B$5:$B$204,"*Neige*",SAISIE!$B$5:$B$204,"<>*accidentel*",SAISIE!$F$5:$F$204,$F$53),SAISIE!$E$5:$E$204,0)),"-")) | D63: =IF($F$53="","",IFERROR(INDEX(SAISIE!$E$5:$E$204,MATCH(MINIFS(SAISIE!$E$5:$E$204,SAISIE!$B$5:$B$204,"*Neige*",SAISIE!$B$5:$B$204,"<>*accidentel*",SAISIE!$F$5:$F$204,$F$53),SAISIE!$E$5:$E$204,0)),"-")) | E63: =IF($F$53="","",IF(OR(D63="",D63="-"),"",IF(D63>0,"(soulevement)",IF(D63<0,"(compression)","-")))) | I63: =IF(OR($M$53="",NOT(TRUE)),"","Neige normale") | J63: =IF($M$53="","",IFERROR(INDEX(SAISIE!$K$5:$K$204,MATCH(MINIFS(SAISIE!$L$5:$L$204,SAISIE!$J$5:$J$204,"*Neige*",SAISIE!$J$5:$J$204,"<>*accidentel*",SAISIE!$M$5:$M$204,$M$53),SAISIE!$L$5:$L$204,0)),"-")) | K63: =IF($M$53="","",IFERROR(INDEX(SAISIE!$L$5:$L$204,MATCH(MINIFS(SAISIE!$L$5:$L$204,SAISIE!$J$5:$J$204,"*Neige*",SAISIE!$J$5:$J$204,"<>*accidentel*",SAISIE!$M$5:$M$204,$M$53),SAISIE!$L$5:$L$204,0)),"-")) | L63: =IF($M$53="","",IF(OR(K63="",K63="-"),"",IF(K63>0,"(soulevement)",IF(K63<0,"(compression)","-"))))
A64: =IF(OR($F$53="",NOT(TRUE)),"","Neige accidentelle") | B64: =IF($F$53="","",IFERROR(LOOKUP(2,1/((SAISIE!$F$5:$F$204=$F$53)*(ISNUMBER(SEARCH("accidentel",SAISIE!$B$5:$B$204)))),SAISIE!$C$5:$C$204),"-")) | C64: =IF($F$53="","",IFERROR(LOOKUP(2,1/((SAISIE!$F$5:$F$204=$F$53)*(ISNUMBER(SEARCH("accidentel",SAISIE!$B$5:$B$204)))),SAISIE!$D$5:$D$204),"-")) | D64: =IF($F$53="","",IFERROR(LOOKUP(2,1/((SAISIE!$F$5:$F$204=$F$53)*(ISNUMBER(SEARCH("accidentel",SAISIE!$B$5:$B$204)))),SAISIE!$E$5:$E$204),"-")) | E64: =IF($F$53="","",IF(OR(D64="",D64="-"),"",IF(D64>0,"(soulevement)",IF(D64<0,"(compression)","-")))) | I64: =IF(OR($M$53="",NOT(TRUE)),"","Neige accidentelle") | J64: =IF($M$53="","",IFERROR(LOOKUP(2,1/((SAISIE!$M$5:$M$204=$M$53)*(ISNUMBER(SEARCH("accidentel",SAISIE!$J$5:$J$204)))),SAISIE!$K$5:$K$204),"-")) | K64: =IF($M$53="","",IFERROR(LOOKUP(2,1/((SAISIE!$M$5:$M$204=$M$53)*(ISNUMBER(SEARCH("accidentel",SAISIE!$J$5:$J$204)))),SAISIE!$L$5:$L$204),"-")) | L64: =IF($M$53="","",IF(OR(K64="",K64="-"),"",IF(K64>0,"(soulevement)",IF(K64<0,"(compression)","-"))))
A65: =IF($F$65="","","Noeud "&$F$65) | F65: =IFERROR(INDEX(SAISIE!$F$5:$F$204,AGGREGATE(15,6,ROW(SAISIE!$F$5:$F$204)-ROW(SAISIE!$F$5)+1/(SAISIE!$F$5:$F$204<>"")/(COUNTIF($F$4:F64,SAISIE!$F$5:$F$204)=0),1)),"") | I65: =IF($M$65="","","Noeud "&$M$65) | M65: =IFERROR(INDEX(SAISIE!$M$5:$M$204,AGGREGATE(15,6,ROW(SAISIE!$M$5:$M$204)-ROW(SAISIE!$M$5)+1/(SAISIE!$M$5:$M$204<>"")/(COUNTIF($M$4:M64,SAISIE!$M$5:$M$204)=0),1)),"")
A66: =IF(OR($F$65="",NOT(TRUE)),"","Couverture") | B66: =IF($F$65="","",IFERROR(IFERROR(LOOKUP(2,1/((SAISIE!$F$5:$F$204=$F$65)*(LEFT(SAISIE!$B$5:$B$204,2)="G ")),SAISIE!$C$5:$C$204),LOOKUP(2,1/((SAISIE!$F$5:$F$204=$F$65)*(ISNUMBER(SEARCH("Couverture",SAISIE!$B$5:$B$204)))),SAISIE!$C$5:$C$204)),"-")) | C66: =IF($F$65="","",IFERROR(IFERROR(LOOKUP(2,1/((SAISIE!$F$5:$F$204=$F$65)*(LEFT(SAISIE!$B$5:$B$204,2)="G ")),SAISIE!$D$5:$D$204),LOOKUP(2,1/((SAISIE!$F$5:$F$204=$F$65)*(ISNUMBER(SEARCH("Couverture",SAISIE!$B$5:$B$204)))),SAISIE!$D$5:$D$204)),"-")) | D66: =IF($F$65="","",IFERROR(IFERROR(LOOKUP(2,1/((SAISIE!$F$5:$F$204=$F$65)*(LEFT(SAISIE!$B$5:$B$204,2)="G ")),SAISIE!$E$5:$E$204),LOOKUP(2,1/((SAISIE!$F$5:$F$204=$F$65)*(ISNUMBER(SEARCH("Couverture",SAISIE!$B$5:$B$204)))),SAISIE!$E$5:$E$204)),"-")) | E66: =IF($F$65="","",IF(OR(D66="",D66="-"),"",IF(D66>0,"(soulevement)",IF(D66<0,"(compression)","-")))) | I66: =IF(OR($M$65="",NOT(TRUE)),"","Couverture") | J66: =IF($M$65="","",IFERROR(IFERROR(LOOKUP(2,1/((SAISIE!$M$5:$M$204=$M$65)*(LEFT(SAISIE!$J$5:$J$204,2)="G ")),SAISIE!$K$5:$K$204),LOOKUP(2,1/((SAISIE!$M$5:$M$204=$M$65)*(ISNUMBER(SEARCH("Couverture",SAISIE!$J$5:$J$204)))),SAISIE!$K$5:$K$204)),"-")) | K66: =IF($M$65="","",IFERROR(IFERROR(LOOKUP(2,1/((SAISIE!$M$5:$M$204=$M$65)*(LEFT(SAISIE!$J$5:$J$204,2)="G ")),SAISIE!$L$5:$L$204),LOOKUP(2,1/((SAISIE!$M$5:$M$204=$M$65)*(ISNUMBER(SEARCH("Couverture",SAISIE!$J$5:$J$204)))),SAISIE!$L$5:$L$204)),"-")) | L66: =IF($M$65="","",IF(OR(K66="",K66="-"),"",IF(K66>0,"(soulevement)",IF(K66<0,"(compression)","-"))))
A67: =IF(OR($F$65="",NOT(COUNTIFS(SAISIE!$B$5:$B$204,"*Vent G/D*",SAISIE!$F$5:$F$204,$F$65)>0)),"","Vent G/D") | B67: =IF(OR($F$65="",NOT(COUNTIFS(SAISIE!$B$5:$B$204,"*Vent G/D*",SAISIE!$F$5:$F$204,$F$65)>0)),"",IFERROR(IF(MINIFS(SAISIE!$E$5:$E$204,SAISIE!$B$5:$B$204,"*Vent G/D*",SAISIE!$F$5:$F$204,$F$65)>=0,MAXIFS(SAISIE!$C$5:$C$204,SAISIE!$B$5:$B$204,"*Vent G/D*",SAISIE!$F$5:$F$204,$F$65),INDEX(SAISIE!$C$5:$C$204,MATCH(MINIFS(SAISIE!$E$5:$E$204,SAISIE!$B$5:$B$204,"*Vent G/D*",SAISIE!$F$5:$F$204,$F$65),SAISIE!$E$5:$E$204,0))),"-")) | C67: =IF(OR($F$65="",NOT(COUNTIFS(SAISIE!$B$5:$B$204,"*Vent G/D*",SAISIE!$F$5:$F$204,$F$65)>0)),"",IFERROR(IF(MINIFS(SAISIE!$E$5:$E$204,SAISIE!$B$5:$B$204,"*Vent G/D*",SAISIE!$F$5:$F$204,$F$65)>=0,INDEX(SAISIE!$D$5:$D$204,MATCH(MAXIFS(SAISIE!$C$5:$C$204,SAISIE!$B$5:$B$204,"*Vent G/D*",SAISIE!$F$5:$F$204,$F$65),SAISIE!$C$5:$C$204,0)),INDEX(SAISIE!$D$5:$D$204,MATCH(MINIFS(SAISIE!$E$5:$E$204,SAISIE!$B$5:$B$204,"*Vent G/D*",SAISIE!$F$5:$F$204,$F$65),SAISIE!$E$5:$E$204,0))),"-")) | D67: =IF(OR($F$65="",NOT(COUNTIFS(SAISIE!$B$5:$B$204,"*Vent G/D*",SAISIE!$F$5:$F$204,$F$65)>0)),"",IFERROR(IF(MINIFS(SAISIE!$E$5:$E$204,SAISIE!$B$5:$B$204,"*Vent G/D*",SAISIE!$F$5:$F$204,$F$65)>=0,0,MINIFS(SAISIE!$E$5:$E$204,SAISIE!$B$5:$B$204,"*Vent G/D*",SAISIE!$F$5:$F$204,$F$65)),"-")) | E67: =IF($F$65="","",IF(OR(D67="",D67="-"),"",IF(D67>0,"(soulevement)",IF(D67<0,"(compression)","-")))) | I67: =IF(OR($M$65="",NOT(COUNTIFS(SAISIE!$J$5:$J$204,"*Vent G/D*",SAISIE!$M$5:$M$204,$M$65)>0)),"","Vent G/D") | J67: =IF(OR($M$65="",NOT(COUNTIFS(SAISIE!$J$5:$J$204,"*Vent G/D*",SAISIE!$M$5:$M$204,$M$65)>0)),"",IFERROR(IF(MINIFS(SAISIE!$L$5:$L$204,SAISIE!$J$5:$J$204,"*Vent G/D*",SAISIE!$M$5:$M$204,$M$65)>=0,MAXIFS(SAISIE!$K$5:$K$204,SAISIE!$J$5:$J$204,"*Vent G/D*",SAISIE!$M$5:$M$204,$M$65),INDEX(SAISIE!$K$5:$K$204,MATCH(MINIFS(SAISIE!$L$5:$L$204,SAISIE!$J$5:$J$204,"*Vent G/D*",SAISIE!$M$5:$M$204,$M$65),SAISIE!$L$5:$L$204,0))),"-")) | K67: =IF(OR($M$65="",NOT(COUNTIFS(SAISIE!$J$5:$J$204,"*Vent G/D*",SAISIE!$M$5:$M$204,$M$65)>0)),"",IFERROR(IF(MINIFS(SAISIE!$L$5:$L$204,SAISIE!$J$5:$J$204,"*Vent G/D*",SAISIE!$M$5:$M$204,$M$65)>=0,0,MINIFS(SAISIE!$L$5:$L$204,SAISIE!$J$5:$J$204,"*Vent G/D*",SAISIE!$M$5:$M$204,$M$65)),"-")) | L67: =IF($M$65="","",IF(OR(K67="",K67="-"),"",IF(K67>0,"(soulevement)",IF(K67<0,"(compression)","-"))))
A68: =IF(OR($F$65="",NOT(MAXIFS(SAISIE!$E$5:$E$204,SAISIE!$B$5:$B$204,"*Vent G/D*",SAISIE!$F$5:$F$204,$F$65)>0)),"","Vent G/D") | B68: =IF(OR($F$65="",NOT(MAXIFS(SAISIE!$E$5:$E$204,SAISIE!$B$5:$B$204,"*Vent G/D*",SAISIE!$F$5:$F$204,$F$65)>0)),"",IFERROR(INDEX(SAISIE!$C$5:$C$204,MATCH(MAXIFS(SAISIE!$E$5:$E$204,SAISIE!$B$5:$B$204,"*Vent G/D*",SAISIE!$F$5:$F$204,$F$65),SAISIE!$E$5:$E$204,0)),"-")) | C68: =IF(OR($F$65="",NOT(MAXIFS(SAISIE!$E$5:$E$204,SAISIE!$B$5:$B$204,"*Vent G/D*",SAISIE!$F$5:$F$204,$F$65)>0)),"",IFERROR(INDEX(SAISIE!$D$5:$D$204,MATCH(MAXIFS(SAISIE!$E$5:$E$204,SAISIE!$B$5:$B$204,"*Vent G/D*",SAISIE!$F$5:$F$204,$F$65),SAISIE!$E$5:$E$204,0)),"-")) | D68: =IF(OR($F$65="",NOT(MAXIFS(SAISIE!$E$5:$E$204,SAISIE!$B$5:$B$204,"*Vent G/D*",SAISIE!$F$5:$F$204,$F$65)>0)),"",IFERROR(MAXIFS(SAISIE!$E$5:$E$204,SAISIE!$B$5:$B$204,"*Vent G/D*",SAISIE!$F$5:$F$204,$F$65),"-")) | E68: =IF($F$65="","",IF(OR(D68="",D68="-"),"",IF(D68>0,"(soulevement)",IF(D68<0,"(compression)","-")))) | I68: =IF(OR($M$65="",NOT(MAXIFS(SAISIE!$L$5:$L$204,SAISIE!$J$5:$J$204,"*Vent G/D*",SAISIE!$M$5:$M$204,$M$65)>0)),"","Vent G/D") | J68: =IF(OR($M$65="",NOT(MAXIFS(SAISIE!$L$5:$L$204,SAISIE!$J$5:$J$204,"*Vent G/D*",SAISIE!$M$5:$M$204,$M$65)>0)),"",IFERROR(INDEX(SAISIE!$K$5:$K$204,MATCH(MAXIFS(SAISIE!$L$5:$L$204,SAISIE!$J$5:$J$204,"*Vent G/D*",SAISIE!$M$5:$M$204,$M$65),SAISIE!$L$5:$L$204,0)),"-")) | K68: =IF(OR($M$65="",NOT(MAXIFS(SAISIE!$L$5:$L$204,SAISIE!$J$5:$J$204,"*Vent G/D*",SAISIE!$M$5:$M$204,$M$65)>0)),"",IFERROR(MAXIFS(SAISIE!$L$5:$L$204,SAISIE!$J$5:$J$204,"*Vent G/D*",SAISIE!$M$5:$M$204,$M$65),"-")) | L68: =IF($M$65="","",IF(OR(K68="",K68="-"),"",IF(K68>0,"(soulevement)",IF(K68<0,"(compression)","-"))))
A69: =IF(OR($F$65="",NOT(COUNTIFS(SAISIE!$B$5:$B$204,"*Vent D/G*",SAISIE!$F$5:$F$204,$F$65)>0)),"","Vent D/G") | B69: =IF(OR($F$65="",NOT(COUNTIFS(SAISIE!$B$5:$B$204,"*Vent D/G*",SAISIE!$F$5:$F$204,$F$65)>0)),"",IFERROR(IF(MINIFS(SAISIE!$E$5:$E$204,SAISIE!$B$5:$B$204,"*Vent D/G*",SAISIE!$F$5:$F$204,$F$65)>=0,MAXIFS(SAISIE!$C$5:$C$204,SAISIE!$B$5:$B$204,"*Vent D/G*",SAISIE!$F$5:$F$204,$F$65),INDEX(SAISIE!$C$5:$C$204,MATCH(MINIFS(SAISIE!$E$5:$E$204,SAISIE!$B$5:$B$204,"*Vent D/G*",SAISIE!$F$5:$F$204,$F$65),SAISIE!$E$5:$E$204,0))),"-")) | C69: =IF(OR($F$65="",NOT(COUNTIFS(SAISIE!$B$5:$B$204,"*Vent D/G*",SAISIE!$F$5:$F$204,$F$65)>0)),"",IFERROR(IF(MINIFS(SAISIE!$E$5:$E$204,SAISIE!$B$5:$B$204,"*Vent D/G*",SAISIE!$F$5:$F$204,$F$65)>=0,INDEX(SAISIE!$D$5:$D$204,MATCH(MAXIFS(SAISIE!$C$5:$C$204,SAISIE!$B$5:$B$204,"*Vent D/G*",SAISIE!$F$5:$F$204,$F$65),SAISIE!$C$5:$C$204,0)),INDEX(SAISIE!$D$5:$D$204,MATCH(MINIFS(SAISIE!$E$5:$E$204,SAISIE!$B$5:$B$204,"*Vent D/G*",SAISIE!$F$5:$F$204,$F$65),SAISIE!$E$5:$E$204,0))),"-")) | D69: =IF(OR($F$65="",NOT(COUNTIFS(SAISIE!$B$5:$B$204,"*Vent D/G*",SAISIE!$F$5:$F$204,$F$65)>0)),"",IFERROR(IF(MINIFS(SAISIE!$E$5:$E$204,SAISIE!$B$5:$B$204,"*Vent D/G*",SAISIE!$F$5:$F$204,$F$65)>=0,0,MINIFS(SAISIE!$E$5:$E$204,SAISIE!$B$5:$B$204,"*Vent D/G*",SAISIE!$F$5:$F$204,$F$65)),"-")) | E69: =IF($F$65="","",IF(OR(D69="",D69="-"),"",IF(D69>0,"(soulevement)",IF(D69<0,"(compression)","-")))) | I69: =IF(OR($M$65="",NOT(COUNTIFS(SAISIE!$J$5:$J$204,"*Vent D/G*",SAISIE!$M$5:$M$204,$M$65)>0)),"","Vent D/G") | J69: =IF(OR($M$65="",NOT(COUNTIFS(SAISIE!$J$5:$J$204,"*Vent D/G*",SAISIE!$M$5:$M$204,$M$65)>0)),"",IFERROR(IF(MINIFS(SAISIE!$L$5:$L$204,SAISIE!$J$5:$J$204,"*Vent D/G*",SAISIE!$M$5:$M$204,$M$65)>=0,MAXIFS(SAISIE!$K$5:$K$204,SAISIE!$J$5:$J$204,"*Vent D/G*",SAISIE!$M$5:$M$204,$M$65),INDEX(SAISIE!$K$5:$K$204,MATCH(MINIFS(SAISIE!$L$5:$L$204,SAISIE!$J$5:$J$204,"*Vent D/G*",SAISIE!$M$5:$M$204,$M$65),SAISIE!$L$5:$L$204,0))),"-")) | K69: =IF(OR($M$65="",NOT(COUNTIFS(SAISIE!$J$5:$J$204,"*Vent D/G*",SAISIE!$M$5:$M$204,$M$65)>0)),"",IFERROR(IF(MINIFS(SAISIE!$L$5:$L$204,SAISIE!$J$5:$J$204,"*Vent D/G*",SAISIE!$M$5:$M$204,$M$65)>=0,0,MINIFS(SAISIE!$L$5:$L$204,SAISIE!$J$5:$J$204,"*Vent D/G*",SAISIE!$M$5:$M$204,$M$65)),"-")) | L69: =IF($M$65="","",IF(OR(K69="",K69="-"),"",IF(K69>0,"(soulevement)",IF(K69<0,"(compression)","-"))))
A70: =IF(OR($F$65="",NOT(MAXIFS(SAISIE!$E$5:$E$204,SAISIE!$B$5:$B$204,"*Vent D/G*",SAISIE!$F$5:$F$204,$F$65)>0)),"","Vent D/G") | B70: =IF(OR($F$65="",NOT(MAXIFS(SAISIE!$E$5:$E$204,SAISIE!$B$5:$B$204,"*Vent D/G*",SAISIE!$F$5:$F$204,$F$65)>0)),"",IFERROR(INDEX(SAISIE!$C$5:$C$204,MATCH(MAXIFS(SAISIE!$E$5:$E$204,SAISIE!$B$5:$B$204,"*Vent D/G*",SAISIE!$F$5:$F$204,$F$65),SAISIE!$E$5:$E$204,0)),"-")) | C70: =IF(OR($F$65="",NOT(MAXIFS(SAISIE!$E$5:$E$204,SAISIE!$B$5:$B$204,"*Vent D/G*",SAISIE!$F$5:$F$204,$F$65)>0)),"",IFERROR(INDEX(SAISIE!$D$5:$D$204,MATCH(MAXIFS(SAISIE!$E$5:$E$204,SAISIE!$B$5:$B$204,"*Vent D/G*",SAISIE!$F$5:$F$204,$F$65),SAISIE!$E$5:$E$204,0)),"-")) | D70: =IF(OR($F$65="",NOT(MAXIFS(SAISIE!$E$5:$E$204,SAISIE!$B$5:$B$204,"*Vent D/G*",SAISIE!$F$5:$F$204,$F$65)>0)),"",IFERROR(MAXIFS(SAISIE!$E$5:$E$204,SAISIE!$B$5:$B$204,"*Vent D/G*",SAISIE!$F$5:$F$204,$F$65),"-")) | E70: =IF($F$65="","",IF(OR(D70="",D70="-"),"",IF(D70>0,"(soulevement)",IF(D70<0,"(compression)","-")))) | I70: =IF(OR($M$65="",NOT(MAXIFS(SAISIE!$L$5:$L$204,SAISIE!$J$5:$J$204,"*Vent D/G*",SAISIE!$M$5:$M$204,$M$65)>0)),"","Vent D/G") | J70: =IF(OR($M$65="",NOT(MAXIFS(SAISIE!$L$5:$L$204,SAISIE!$J$5:$J$204,"*Vent D/G*",SAISIE!$M$5:$M$204,$M$65)>0)),"",IFERROR(INDEX(SAISIE!$K$5:$K$204,MATCH(MAXIFS(SAISIE!$L$5:$L$204,SAISIE!$J$5:$J$204,"*Vent D/G*",SAISIE!$M$5:$M$204,$M$65),SAISIE!$L$5:$L$204,0)),"-")) | K70: =IF(OR($M$65="",NOT(MAXIFS(SAISIE!$L$5:$L$204,SAISIE!$J$5:$J$204,"*Vent D/G*",SAISIE!$M$5:$M$204,$M$65)>0)),"",IFERROR(MAXIFS(SAISIE!$L$5:$L$204,SAISIE!$J$5:$J$204,"*Vent D/G*",SAISIE!$M$5:$M$204,$M$65),"-")) | L70: =IF($M$65="","",IF(OR(K70="",K70="-"),"",IF(K70>0,"(soulevement)",IF(K70<0,"(compression)","-"))))
A71: =IF(OR($F$65="",NOT(COUNTIFS(SAISIE!$B$5:$B$204,"*Vent Av./Arr.*",SAISIE!$F$5:$F$204,$F$65)>0)),"","Vent Av./Arr.") | B71: =IF(OR($F$65="",NOT(COUNTIFS(SAISIE!$B$5:$B$204,"*Vent Av./Arr.*",SAISIE!$F$5:$F$204,$F$65)>0)),"",IFERROR(IF(MINIFS(SAISIE!$E$5:$E$204,SAISIE!$B$5:$B$204,"*Vent Av./Arr.*",SAISIE!$F$5:$F$204,$F$65)>=0,MAXIFS(SAISIE!$C$5:$C$204,SAISIE!$B$5:$B$204,"*Vent Av./Arr.*",SAISIE!$F$5:$F$204,$F$65),INDEX(SAISIE!$C$5:$C$204,MATCH(MINIFS(SAISIE!$E$5:$E$204,SAISIE!$B$5:$B$204,"*Vent Av./Arr.*",SAISIE!$F$5:$F$204,$F$65),SAISIE!$E$5:$E$204,0))),"-")) | C71: =IF(OR($F$65="",NOT(COUNTIFS(SAISIE!$B$5:$B$204,"*Vent Av./Arr.*",SAISIE!$F$5:$F$204,$F$65)>0)),"",IFERROR(IF(MINIFS(SAISIE!$E$5:$E$204,SAISIE!$B$5:$B$204,"*Vent Av./Arr.*",SAISIE!$F$5:$F$204,$F$65)>=0,INDEX(SAISIE!$D$5:$D$204,MATCH(MAXIFS(SAISIE!$C$5:$C$204,SAISIE!$B$5:$B$204,"*Vent Av./Arr.*",SAISIE!$F$5:$F$204,$F$65),SAISIE!$C$5:$C$204,0)),INDEX(SAISIE!$D$5:$D$204,MATCH(MINIFS(SAISIE!$E$5:$E$204,SAISIE!$B$5:$B$204,"*Vent Av./Arr.*",SAISIE!$F$5:$F$204,$F$65),SAISIE!$E$5:$E$204,0))),"-")) | D71: =IF(OR($F$65="",NOT(COUNTIFS(SAISIE!$B$5:$B$204,"*Vent Av./Arr.*",SAISIE!$F$5:$F$204,$F$65)>0)),"",IFERROR(IF(MINIFS(SAISIE!$E$5:$E$204,SAISIE!$B$5:$B$204,"*Vent Av./Arr.*",SAISIE!$F$5:$F$204,$F$65)>=0,0,MINIFS(SAISIE!$E$5:$E$204,SAISIE!$B$5:$B$204,"*Vent Av./Arr.*",SAISIE!$F$5:$F$204,$F$65)),"-")) | E71: =IF($F$65="","",IF(OR(D71="",D71="-"),"",IF(D71>0,"(soulevement)",IF(D71<0,"(compression)","-")))) | I71: =IF(OR($M$65="",NOT(COUNTIFS(SAISIE!$J$5:$J$204,"*Vent Av./Arr.*",SAISIE!$M$5:$M$204,$M$65)>0)),"","Vent Av./Arr.") | J71: =IF(OR($M$65="",NOT(COUNTIFS(SAISIE!$J$5:$J$204,"*Vent Av./Arr.*",SAISIE!$M$5:$M$204,$M$65)>0)),"",IFERROR(IF(MINIFS(SAISIE!$L$5:$L$204,SAISIE!$J$5:$J$204,"*Vent Av./Arr.*",SAISIE!$M$5:$M$204,$M$65)>=0,MAXIFS(SAISIE!$K$5:$K$204,SAISIE!$J$5:$J$204,"*Vent Av./Arr.*",SAISIE!$M$5:$M$204,$M$65),INDEX(SAISIE!$K$5:$K$204,MATCH(MINIFS(SAISIE!$L$5:$L$204,SAISIE!$J$5:$J$204,"*Vent Av./Arr.*",SAISIE!$M$5:$M$204,$M$65),SAISIE!$L$5:$L$204,0))),"-")) | K71: =IF(OR($M$65="",NOT(COUNTIFS(SAISIE!$J$5:$J$204,"*Vent Av./Arr.*",SAISIE!$M$5:$M$204,$M$65)>0)),"",IFERROR(IF(MINIFS(SAISIE!$L$5:$L$204,SAISIE!$J$5:$J$204,"*Vent Av./Arr.*",SAISIE!$M$5:$M$204,$M$65)>=0,0,MINIFS(SAISIE!$L$5:$L$204,SAISIE!$J$5:$J$204,"*Vent Av./Arr.*",SAISIE!$M$5:$M$204,$M$65)),"-")) | L71: =IF($M$65="","",IF(OR(K71="",K71="-"),"",IF(K71>0,"(soulevement)",IF(K71<0,"(compression)","-"))))
A72: =IF(OR($F$65="",NOT(MAXIFS(SAISIE!$E$5:$E$204,SAISIE!$B$5:$B$204,"*Vent Av./Arr.*",SAISIE!$F$5:$F$204,$F$65)>0)),"","Vent Av./Arr.") | B72: =IF(OR($F$65="",NOT(MAXIFS(SAISIE!$E$5:$E$204,SAISIE!$B$5:$B$204,"*Vent Av./Arr.*",SAISIE!$F$5:$F$204,$F$65)>0)),"",IFERROR(INDEX(SAISIE!$C$5:$C$204,MATCH(MAXIFS(SAISIE!$E$5:$E$204,SAISIE!$B$5:$B$204,"*Vent Av./Arr.*",SAISIE!$F$5:$F$204,$F$65),SAISIE!$E$5:$E$204,0)),"-")) | C72: =IF(OR($F$65="",NOT(MAXIFS(SAISIE!$E$5:$E$204,SAISIE!$B$5:$B$204,"*Vent Av./Arr.*",SAISIE!$F$5:$F$204,$F$65)>0)),"",IFERROR(INDEX(SAISIE!$D$5:$D$204,MATCH(MAXIFS(SAISIE!$E$5:$E$204,SAISIE!$B$5:$B$204,"*Vent Av./Arr.*",SAISIE!$F$5:$F$204,$F$65),SAISIE!$E$5:$E$204,0)),"-")) | D72: =IF(OR($F$65="",NOT(MAXIFS(SAISIE!$E$5:$E$204,SAISIE!$B$5:$B$204,"*Vent Av./Arr.*",SAISIE!$F$5:$F$204,$F$65)>0)),"",IFERROR(MAXIFS(SAISIE!$E$5:$E$204,SAISIE!$B$5:$B$204,"*Vent Av./Arr.*",SAISIE!$F$5:$F$204,$F$65),"-")) | E72: =IF($F$65="","",IF(OR(D72="",D72="-"),"",IF(D72>0,"(soulevement)",IF(D72<0,"(compression)","-")))) | I72: =IF(OR($M$65="",NOT(MAXIFS(SAISIE!$L$5:$L$204,SAISIE!$J$5:$J$204,"*Vent Av./Arr.*",SAISIE!$M$5:$M$204,$M$65)>0)),"","Vent Av./Arr.") | J72: =IF(OR($M$65="",NOT(MAXIFS(SAISIE!$L$5:$L$204,SAISIE!$J$5:$J$204,"*Vent Av./Arr.*",SAISIE!$M$5:$M$204,$M$65)>0)),"",IFERROR(INDEX(SAISIE!$K$5:$K$204,MATCH(MAXIFS(SAISIE!$L$5:$L$204,SAISIE!$J$5:$J$204,"*Vent Av./Arr.*",SAISIE!$M$5:$M$204,$M$65),SAISIE!$L$5:$L$204,0)),"-")) | K72: =IF(OR($M$65="",NOT(MAXIFS(SAISIE!$L$5:$L$204,SAISIE!$J$5:$J$204,"*Vent Av./Arr.*",SAISIE!$M$5:$M$204,$M$65)>0)),"",IFERROR(MAXIFS(SAISIE!$L$5:$L$204,SAISIE!$J$5:$J$204,"*Vent Av./Arr.*",SAISIE!$M$5:$M$204,$M$65),"-")) | L72: =IF($M$65="","",IF(OR(K72="",K72="-"),"",IF(K72>0,"(soulevement)",IF(K72<0,"(compression)","-"))))
A73: =IF(OR($F$65="",NOT(COUNTIFS(SAISIE!$B$5:$B$204,"*Vent Arr./Av.*",SAISIE!$F$5:$F$204,$F$65)>0)),"","Vent Arr./Av.") | B73: =IF(OR($F$65="",NOT(COUNTIFS(SAISIE!$B$5:$B$204,"*Vent Arr./Av.*",SAISIE!$F$5:$F$204,$F$65)>0)),"",IFERROR(IF(MINIFS(SAISIE!$E$5:$E$204,SAISIE!$B$5:$B$204,"*Vent Arr./Av.*",SAISIE!$F$5:$F$204,$F$65)>=0,MAXIFS(SAISIE!$C$5:$C$204,SAISIE!$B$5:$B$204,"*Vent Arr./Av.*",SAISIE!$F$5:$F$204,$F$65),INDEX(SAISIE!$C$5:$C$204,MATCH(MINIFS(SAISIE!$E$5:$E$204,SAISIE!$B$5:$B$204,"*Vent Arr./Av.*",SAISIE!$F$5:$F$204,$F$65),SAISIE!$E$5:$E$204,0))),"-")) | C73: =IF(OR($F$65="",NOT(COUNTIFS(SAISIE!$B$5:$B$204,"*Vent Arr./Av.*",SAISIE!$F$5:$F$204,$F$65)>0)),"",IFERROR(IF(MINIFS(SAISIE!$E$5:$E$204,SAISIE!$B$5:$B$204,"*Vent Arr./Av.*",SAISIE!$F$5:$F$204,$F$65)>=0,INDEX(SAISIE!$D$5:$D$204,MATCH(MAXIFS(SAISIE!$C$5:$C$204,SAISIE!$B$5:$B$204,"*Vent Arr./Av.*",SAISIE!$F$5:$F$204,$F$65),SAISIE!$C$5:$C$204,0)),INDEX(SAISIE!$D$5:$D$204,MATCH(MINIFS(SAISIE!$E$5:$E$204,SAISIE!$B$5:$B$204,"*Vent Arr./Av.*",SAISIE!$F$5:$F$204,$F$65),SAISIE!$E$5:$E$204,0))),"-")) | D73: =IF(OR($F$65="",NOT(COUNTIFS(SAISIE!$B$5:$B$204,"*Vent Arr./Av.*",SAISIE!$F$5:$F$204,$F$65)>0)),"",IFERROR(IF(MINIFS(SAISIE!$E$5:$E$204,SAISIE!$B$5:$B$204,"*Vent Arr./Av.*",SAISIE!$F$5:$F$204,$F$65)>=0,0,MINIFS(SAISIE!$E$5:$E$204,SAISIE!$B$5:$B$204,"*Vent Arr./Av.*",SAISIE!$F$5:$F$204,$F$65)),"-")) | E73: =IF($F$65="","",IF(OR(D73="",D73="-"),"",IF(D73>0,"(soulevement)",IF(D73<0,"(compression)","-")))) | I73: =IF(OR($M$65="",NOT(COUNTIFS(SAISIE!$J$5:$J$204,"*Vent Arr./Av.*",SAISIE!$M$5:$M$204,$M$65)>0)),"","Vent Arr./Av.") | J73: =IF(OR($M$65="",NOT(COUNTIFS(SAISIE!$J$5:$J$204,"*Vent Arr./Av.*",SAISIE!$M$5:$M$204,$M$65)>0)),"",IFERROR(IF(MINIFS(SAISIE!$L$5:$L$204,SAISIE!$J$5:$J$204,"*Vent Arr./Av.*",SAISIE!$M$5:$M$204,$M$65)>=0,MAXIFS(SAISIE!$K$5:$K$204,SAISIE!$J$5:$J$204,"*Vent Arr./Av.*",SAISIE!$M$5:$M$204,$M$65),INDEX(SAISIE!$K$5:$K$204,MATCH(MINIFS(SAISIE!$L$5:$L$204,SAISIE!$J$5:$J$204,"*Vent Arr./Av.*",SAISIE!$M$5:$M$204,$M$65),SAISIE!$L$5:$L$204,0))),"-")) | K73: =IF(OR($M$65="",NOT(COUNTIFS(SAISIE!$J$5:$J$204,"*Vent Arr./Av.*",SAISIE!$M$5:$M$204,$M$65)>0)),"",IFERROR(IF(MINIFS(SAISIE!$L$5:$L$204,SAISIE!$J$5:$J$204,"*Vent Arr./Av.*",SAISIE!$M$5:$M$204,$M$65)>=0,0,MINIFS(SAISIE!$L$5:$L$204,SAISIE!$J$5:$J$204,"*Vent Arr./Av.*",SAISIE!$M$5:$M$204,$M$65)),"-")) | L73: =IF($M$65="","",IF(OR(K73="",K73="-"),"",IF(K73>0,"(soulevement)",IF(K73<0,"(compression)","-"))))
A74: =IF(OR($F$65="",NOT(MAXIFS(SAISIE!$E$5:$E$204,SAISIE!$B$5:$B$204,"*Vent Arr./Av.*",SAISIE!$F$5:$F$204,$F$65)>0)),"","Vent Arr./Av.") | B74: =IF(OR($F$65="",NOT(MAXIFS(SAISIE!$E$5:$E$204,SAISIE!$B$5:$B$204,"*Vent Arr./Av.*",SAISIE!$F$5:$F$204,$F$65)>0)),"",IFERROR(INDEX(SAISIE!$C$5:$C$204,MATCH(MAXIFS(SAISIE!$E$5:$E$204,SAISIE!$B$5:$B$204,"*Vent Arr./Av.*",SAISIE!$F$5:$F$204,$F$65),SAISIE!$E$5:$E$204,0)),"-")) | C74: =IF(OR($F$65="",NOT(MAXIFS(SAISIE!$E$5:$E$204,SAISIE!$B$5:$B$204,"*Vent Arr./Av.*",SAISIE!$F$5:$F$204,$F$65)>0)),"",IFERROR(INDEX(SAISIE!$D$5:$D$204,MATCH(MAXIFS(SAISIE!$E$5:$E$204,SAISIE!$B$5:$B$204,"*Vent Arr./Av.*",SAISIE!$F$5:$F$204,$F$65),SAISIE!$E$5:$E$204,0)),"-")) | D74: =IF(OR($F$65="",NOT(MAXIFS(SAISIE!$E$5:$E$204,SAISIE!$B$5:$B$204,"*Vent Arr./Av.*",SAISIE!$F$5:$F$204,$F$65)>0)),"",IFERROR(MAXIFS(SAISIE!$E$5:$E$204,SAISIE!$B$5:$B$204,"*Vent Arr./Av.*",SAISIE!$F$5:$F$204,$F$65),"-")) | E74: =IF($F$65="","",IF(OR(D74="",D74="-"),"",IF(D74>0,"(soulevement)",IF(D74<0,"(compression)","-")))) | I74: =IF(OR($M$65="",NOT(MAXIFS(SAISIE!$L$5:$L$204,SAISIE!$J$5:$J$204,"*Vent Arr./Av.*",SAISIE!$M$5:$M$204,$M$65)>0)),"","Vent Arr./Av.") | J74: =IF(OR($M$65="",NOT(MAXIFS(SAISIE!$L$5:$L$204,SAISIE!$J$5:$J$204,"*Vent Arr./Av.*",SAISIE!$M$5:$M$204,$M$65)>0)),"",IFERROR(INDEX(SAISIE!$K$5:$K$204,MATCH(MAXIFS(SAISIE!$L$5:$L$204,SAISIE!$J$5:$J$204,"*Vent Arr./Av.*",SAISIE!$M$5:$M$204,$M$65),SAISIE!$L$5:$L$204,0)),"-")) | K74: =IF(OR($M$65="",NOT(MAXIFS(SAISIE!$L$5:$L$204,SAISIE!$J$5:$J$204,"*Vent Arr./Av.*",SAISIE!$M$5:$M$204,$M$65)>0)),"",IFERROR(MAXIFS(SAISIE!$L$5:$L$204,SAISIE!$J$5:$J$204,"*Vent Arr./Av.*",SAISIE!$M$5:$M$204,$M$65),"-")) | L74: =IF($M$65="","",IF(OR(K74="",K74="-"),"",IF(K74>0,"(soulevement)",IF(K74<0,"(compression)","-"))))
A75: =IF(OR($F$65="",NOT(TRUE)),"","Neige normale") | B75: =IF($F$65="","",IFERROR(INDEX(SAISIE!$C$5:$C$204,MATCH(MINIFS(SAISIE!$E$5:$E$204,SAISIE!$B$5:$B$204,"*Neige*",SAISIE!$B$5:$B$204,"<>*accidentel*",SAISIE!$F$5:$F$204,$F$65),SAISIE!$E$5:$E$204,0)),"-")) | C75: =IF($F$65="","",IFERROR(INDEX(SAISIE!$D$5:$D$204,MATCH(MINIFS(SAISIE!$E$5:$E$204,SAISIE!$B$5:$B$204,"*Neige*",SAISIE!$B$5:$B$204,"<>*accidentel*",SAISIE!$F$5:$F$204,$F$65),SAISIE!$E$5:$E$204,0)),"-")) | D75: =IF($F$65="","",IFERROR(INDEX(SAISIE!$E$5:$E$204,MATCH(MINIFS(SAISIE!$E$5:$E$204,SAISIE!$B$5:$B$204,"*Neige*",SAISIE!$B$5:$B$204,"<>*accidentel*",SAISIE!$F$5:$F$204,$F$65),SAISIE!$E$5:$E$204,0)),"-")) | E75: =IF($F$65="","",IF(OR(D75="",D75="-"),"",IF(D75>0,"(soulevement)",IF(D75<0,"(compression)","-")))) | I75: =IF(OR($M$65="",NOT(TRUE)),"","Neige normale") | J75: =IF($M$65="","",IFERROR(INDEX(SAISIE!$K$5:$K$204,MATCH(MINIFS(SAISIE!$L$5:$L$204,SAISIE!$J$5:$J$204,"*Neige*",SAISIE!$J$5:$J$204,"<>*accidentel*",SAISIE!$M$5:$M$204,$M$65),SAISIE!$L$5:$L$204,0)),"-")) | K75: =IF($M$65="","",IFERROR(INDEX(SAISIE!$L$5:$L$204,MATCH(MINIFS(SAISIE!$L$5:$L$204,SAISIE!$J$5:$J$204,"*Neige*",SAISIE!$J$5:$J$204,"<>*accidentel*",SAISIE!$M$5:$M$204,$M$65),SAISIE!$L$5:$L$204,0)),"-")) | L75: =IF($M$65="","",IF(OR(K75="",K75="-"),"",IF(K75>0,"(soulevement)",IF(K75<0,"(compression)","-"))))
A76: =IF(OR($F$65="",NOT(TRUE)),"","Neige accidentelle") | B76: =IF($F$65="","",IFERROR(LOOKUP(2,1/((SAISIE!$F$5:$F$204=$F$65)*(ISNUMBER(SEARCH("accidentel",SAISIE!$B$5:$B$204)))),SAISIE!$C$5:$C$204),"-")) | C76: =IF($F$65="","",IFERROR(LOOKUP(2,1/((SAISIE!$F$5:$F$204=$F$65)*(ISNUMBER(SEARCH("accidentel",SAISIE!$B$5:$B$204)))),SAISIE!$D$5:$D$204),"-")) | D76: =IF($F$65="","",IFERROR(LOOKUP(2,1/((SAISIE!$F$5:$F$204=$F$65)*(ISNUMBER(SEARCH("accidentel",SAISIE!$B$5:$B$204)))),SAISIE!$E$5:$E$204),"-")) | E76: =IF($F$65="","",IF(OR(D76="",D76="-"),"",IF(D76>0,"(soulevement)",IF(D76<0,"(compression)","-")))) | I76: =IF(OR($M$65="",NOT(TRUE)),"","Neige accidentelle") | J76: =IF($M$65="","",IFERROR(LOOKUP(2,1/((SAISIE!$M$5:$M$204=$M$65)*(ISNUMBER(SEARCH("accidentel",SAISIE!$J$5:$J$204)))),SAISIE!$K$5:$K$204),"-")) | K76: =IF($M$65="","",IFERROR(LOOKUP(2,1/((SAISIE!$M$5:$M$204=$M$65)*(ISNUMBER(SEARCH("accidentel",SAISIE!$J$5:$J$204)))),SAISIE!$L$5:$L$204),"-")) | L76: =IF($M$65="","",IF(OR(K76="",K76="-"),"",IF(K76>0,"(soulevement)",IF(K76<0,"(compression)","-"))))
A77: =IF($F$77="","","Noeud "&$F$77) | F77: =IFERROR(INDEX(SAISIE!$F$5:$F$204,AGGREGATE(15,6,ROW(SAISIE!$F$5:$F$204)-ROW(SAISIE!$F$5)+1/(SAISIE!$F$5:$F$204<>"")/(COUNTIF($F$4:F76,SAISIE!$F$5:$F$204)=0),1)),"") | I77: =IF($M$77="","","Noeud "&$M$77) | M77: =IFERROR(INDEX(SAISIE!$M$5:$M$204,AGGREGATE(15,6,ROW(SAISIE!$M$5:$M$204)-ROW(SAISIE!$M$5)+1/(SAISIE!$M$5:$M$204<>"")/(COUNTIF($M$4:M76,SAISIE!$M$5:$M$204)=0),1)),"")
A78: =IF(OR($F$77="",NOT(TRUE)),"","Couverture") | B78: =IF($F$77="","",IFERROR(IFERROR(LOOKUP(2,1/((SAISIE!$F$5:$F$204=$F$77)*(LEFT(SAISIE!$B$5:$B$204,2)="G ")),SAISIE!$C$5:$C$204),LOOKUP(2,1/((SAISIE!$F$5:$F$204=$F$77)*(ISNUMBER(SEARCH("Couverture",SAISIE!$B$5:$B$204)))),SAISIE!$C$5:$C$204)),"-")) | C78: =IF($F$77="","",IFERROR(IFERROR(LOOKUP(2,1/((SAISIE!$F$5:$F$204=$F$77)*(LEFT(SAISIE!$B$5:$B$204,2)="G ")),SAISIE!$D$5:$D$204),LOOKUP(2,1/((SAISIE!$F$5:$F$204=$F$77)*(ISNUMBER(SEARCH("Couverture",SAISIE!$B$5:$B$204)))),SAISIE!$D$5:$D$204)),"-")) | D78: =IF($F$77="","",IFERROR(IFERROR(LOOKUP(2,1/((SAISIE!$F$5:$F$204=$F$77)*(LEFT(SAISIE!$B$5:$B$204,2)="G ")),SAISIE!$E$5:$E$204),LOOKUP(2,1/((SAISIE!$F$5:$F$204=$F$77)*(ISNUMBER(SEARCH("Couverture",SAISIE!$B$5:$B$204)))),SAISIE!$E$5:$E$204)),"-")) | E78: =IF($F$77="","",IF(OR(D78="",D78="-"),"",IF(D78>0,"(soulevement)",IF(D78<0,"(compression)","-")))) | I78: =IF(OR($M$77="",NOT(TRUE)),"","Couverture") | J78: =IF($M$77="","",IFERROR(IFERROR(LOOKUP(2,1/((SAISIE!$M$5:$M$204=$M$77)*(LEFT(SAISIE!$J$5:$J$204,2)="G ")),SAISIE!$K$5:$K$204),LOOKUP(2,1/((SAISIE!$M$5:$M$204=$M$77)*(ISNUMBER(SEARCH("Couverture",SAISIE!$J$5:$J$204)))),SAISIE!$K$5:$K$204)),"-")) | K78: =IF($M$77="","",IFERROR(IFERROR(LOOKUP(2,1/((SAISIE!$M$5:$M$204=$M$77)*(LEFT(SAISIE!$J$5:$J$204,2)="G ")),SAISIE!$L$5:$L$204),LOOKUP(2,1/((SAISIE!$M$5:$M$204=$M$77)*(ISNUMBER(SEARCH("Couverture",SAISIE!$J$5:$J$204)))),SAISIE!$L$5:$L$204)),"-")) | L78: =IF($M$77="","",IF(OR(K78="",K78="-"),"",IF(K78>0,"(soulevement)",IF(K78<0,"(compression)","-"))))
A79: =IF(OR($F$77="",NOT(COUNTIFS(SAISIE!$B$5:$B$204,"*Vent G/D*",SAISIE!$F$5:$F$204,$F$77)>0)),"","Vent G/D") | B79: =IF(OR($F$77="",NOT(COUNTIFS(SAISIE!$B$5:$B$204,"*Vent G/D*",SAISIE!$F$5:$F$204,$F$77)>0)),"",IFERROR(IF(MINIFS(SAISIE!$E$5:$E$204,SAISIE!$B$5:$B$204,"*Vent G/D*",SAISIE!$F$5:$F$204,$F$77)>=0,MAXIFS(SAISIE!$C$5:$C$204,SAISIE!$B$5:$B$204,"*Vent G/D*",SAISIE!$F$5:$F$204,$F$77),INDEX(SAISIE!$C$5:$C$204,MATCH(MINIFS(SAISIE!$E$5:$E$204,SAISIE!$B$5:$B$204,"*Vent G/D*",SAISIE!$F$5:$F$204,$F$77),SAISIE!$E$5:$E$204,0))),"-")) | C79: =IF(OR($F$77="",NOT(COUNTIFS(SAISIE!$B$5:$B$204,"*Vent G/D*",SAISIE!$F$5:$F$204,$F$77)>0)),"",IFERROR(IF(MINIFS(SAISIE!$E$5:$E$204,SAISIE!$B$5:$B$204,"*Vent G/D*",SAISIE!$F$5:$F$204,$F$77)>=0,INDEX(SAISIE!$D$5:$D$204,MATCH(MAXIFS(SAISIE!$C$5:$C$204,SAISIE!$B$5:$B$204,"*Vent G/D*",SAISIE!$F$5:$F$204,$F$77),SAISIE!$C$5:$C$204,0)),INDEX(SAISIE!$D$5:$D$204,MATCH(MINIFS(SAISIE!$E$5:$E$204,SAISIE!$B$5:$B$204,"*Vent G/D*",SAISIE!$F$5:$F$204,$F$77),SAISIE!$E$5:$E$204,0))),"-")) | D79: =IF(OR($F$77="",NOT(COUNTIFS(SAISIE!$B$5:$B$204,"*Vent G/D*",SAISIE!$F$5:$F$204,$F$77)>0)),"",IFERROR(IF(MINIFS(SAISIE!$E$5:$E$204,SAISIE!$B$5:$B$204,"*Vent G/D*",SAISIE!$F$5:$F$204,$F$77)>=0,0,MINIFS(SAISIE!$E$5:$E$204,SAISIE!$B$5:$B$204,"*Vent G/D*",SAISIE!$F$5:$F$204,$F$77)),"-")) | E79: =IF($F$77="","",IF(OR(D79="",D79="-"),"",IF(D79>0,"(soulevement)",IF(D79<0,"(compression)","-")))) | I79: =IF(OR($M$77="",NOT(COUNTIFS(SAISIE!$J$5:$J$204,"*Vent G/D*",SAISIE!$M$5:$M$204,$M$77)>0)),"","Vent G/D") | J79: =IF(OR($M$77="",NOT(COUNTIFS(SAISIE!$J$5:$J$204,"*Vent G/D*",SAISIE!$M$5:$M$204,$M$77)>0)),"",IFERROR(IF(MINIFS(SAISIE!$L$5:$L$204,SAISIE!$J$5:$J$204,"*Vent G/D*",SAISIE!$M$5:$M$204,$M$77)>=0,MAXIFS(SAISIE!$K$5:$K$204,SAISIE!$J$5:$J$204,"*Vent G/D*",SAISIE!$M$5:$M$204,$M$77),INDEX(SAISIE!$K$5:$K$204,MATCH(MINIFS(SAISIE!$L$5:$L$204,SAISIE!$J$5:$J$204,"*Vent G/D*",SAISIE!$M$5:$M$204,$M$77),SAISIE!$L$5:$L$204,0))),"-")) | K79: =IF(OR($M$77="",NOT(COUNTIFS(SAISIE!$J$5:$J$204,"*Vent G/D*",SAISIE!$M$5:$M$204,$M$77)>0)),"",IFERROR(IF(MINIFS(SAISIE!$L$5:$L$204,SAISIE!$J$5:$J$204,"*Vent G/D*",SAISIE!$M$5:$M$204,$M$77)>=0,0,MINIFS(SAISIE!$L$5:$L$204,SAISIE!$J$5:$J$204,"*Vent G/D*",SAISIE!$M$5:$M$204,$M$77)),"-")) | L79: =IF($M$77="","",IF(OR(K79="",K79="-"),"",IF(K79>0,"(soulevement)",IF(K79<0,"(compression)","-"))))
A80: =IF(OR($F$77="",NOT(MAXIFS(SAISIE!$E$5:$E$204,SAISIE!$B$5:$B$204,"*Vent G/D*",SAISIE!$F$5:$F$204,$F$77)>0)),"","Vent G/D") | B80: =IF(OR($F$77="",NOT(MAXIFS(SAISIE!$E$5:$E$204,SAISIE!$B$5:$B$204,"*Vent G/D*",SAISIE!$F$5:$F$204,$F$77)>0)),"",IFERROR(INDEX(SAISIE!$C$5:$C$204,MATCH(MAXIFS(SAISIE!$E$5:$E$204,SAISIE!$B$5:$B$204,"*Vent G/D*",SAISIE!$F$5:$F$204,$F$77),SAISIE!$E$5:$E$204,0)),"-")) | C80: =IF(OR($F$77="",NOT(MAXIFS(SAISIE!$E$5:$E$204,SAISIE!$B$5:$B$204,"*Vent G/D*",SAISIE!$F$5:$F$204,$F$77)>0)),"",IFERROR(INDEX(SAISIE!$D$5:$D$204,MATCH(MAXIFS(SAISIE!$E$5:$E$204,SAISIE!$B$5:$B$204,"*Vent G/D*",SAISIE!$F$5:$F$204,$F$77),SAISIE!$E$5:$E$204,0)),"-")) | D80: =IF(OR($F$77="",NOT(MAXIFS(SAISIE!$E$5:$E$204,SAISIE!$B$5:$B$204,"*Vent G/D*",SAISIE!$F$5:$F$204,$F$77)>0)),"",IFERROR(MAXIFS(SAISIE!$E$5:$E$204,SAISIE!$B$5:$B$204,"*Vent G/D*",SAISIE!$F$5:$F$204,$F$77),"-")) | E80: =IF($F$77="","",IF(OR(D80="",D80="-"),"",IF(D80>0,"(soulevement)",IF(D80<0,"(compression)","-")))) | I80: =IF(OR($M$77="",NOT(MAXIFS(SAISIE!$L$5:$L$204,SAISIE!$J$5:$J$204,"*Vent G/D*",SAISIE!$M$5:$M$204,$M$77)>0)),"","Vent G/D") | J80: =IF(OR($M$77="",NOT(MAXIFS(SAISIE!$L$5:$L$204,SAISIE!$J$5:$J$204,"*Vent G/D*",SAISIE!$M$5:$M$204,$M$77)>0)),"",IFERROR(INDEX(SAISIE!$K$5:$K$204,MATCH(MAXIFS(SAISIE!$L$5:$L$204,SAISIE!$J$5:$J$204,"*Vent G/D*",SAISIE!$M$5:$M$204,$M$77),SAISIE!$L$5:$L$204,0)),"-")) | K80: =IF(OR($M$77="",NOT(MAXIFS(SAISIE!$L$5:$L$204,SAISIE!$J$5:$J$204,"*Vent G/D*",SAISIE!$M$5:$M$204,$M$77)>0)),"",IFERROR(MAXIFS(SAISIE!$L$5:$L$204,SAISIE!$J$5:$J$204,"*Vent G/D*",SAISIE!$M$5:$M$204,$M$77),"-")) | L80: =IF($M$77="","",IF(OR(K80="",K80="-"),"",IF(K80>0,"(soulevement)",IF(K80<0,"(compression)","-"))))
A81: =IF(OR($F$77="",NOT(COUNTIFS(SAISIE!$B$5:$B$204,"*Vent D/G*",SAISIE!$F$5:$F$204,$F$77)>0)),"","Vent D/G") | B81: =IF(OR($F$77="",NOT(COUNTIFS(SAISIE!$B$5:$B$204,"*Vent D/G*",SAISIE!$F$5:$F$204,$F$77)>0)),"",IFERROR(IF(MINIFS(SAISIE!$E$5:$E$204,SAISIE!$B$5:$B$204,"*Vent D/G*",SAISIE!$F$5:$F$204,$F$77)>=0,MAXIFS(SAISIE!$C$5:$C$204,SAISIE!$B$5:$B$204,"*Vent D/G*",SAISIE!$F$5:$F$204,$F$77),INDEX(SAISIE!$C$5:$C$204,MATCH(MINIFS(SAISIE!$E$5:$E$204,SAISIE!$B$5:$B$204,"*Vent D/G*",SAISIE!$F$5:$F$204,$F$77),SAISIE!$E$5:$E$204,0))),"-")) | C81: =IF(OR($F$77="",NOT(COUNTIFS(SAISIE!$B$5:$B$204,"*Vent D/G*",SAISIE!$F$5:$F$204,$F$77)>0)),"",IFERROR(IF(MINIFS(SAISIE!$E$5:$E$204,SAISIE!$B$5:$B$204,"*Vent D/G*",SAISIE!$F$5:$F$204,$F$77)>=0,INDEX(SAISIE!$D$5:$D$204,MATCH(MAXIFS(SAISIE!$C$5:$C$204,SAISIE!$B$5:$B$204,"*Vent D/G*",SAISIE!$F$5:$F$204,$F$77),SAISIE!$C$5:$C$204,0)),INDEX(SAISIE!$D$5:$D$204,MATCH(MINIFS(SAISIE!$E$5:$E$204,SAISIE!$B$5:$B$204,"*Vent D/G*",SAISIE!$F$5:$F$204,$F$77),SAISIE!$E$5:$E$204,0))),"-")) | D81: =IF(OR($F$77="",NOT(COUNTIFS(SAISIE!$B$5:$B$204,"*Vent D/G*",SAISIE!$F$5:$F$204,$F$77)>0)),"",IFERROR(IF(MINIFS(SAISIE!$E$5:$E$204,SAISIE!$B$5:$B$204,"*Vent D/G*",SAISIE!$F$5:$F$204,$F$77)>=0,0,MINIFS(SAISIE!$E$5:$E$204,SAISIE!$B$5:$B$204,"*Vent D/G*",SAISIE!$F$5:$F$204,$F$77)),"-")) | E81: =IF($F$77="","",IF(OR(D81="",D81="-"),"",IF(D81>0,"(soulevement)",IF(D81<0,"(compression)","-")))) | I81: =IF(OR($M$77="",NOT(COUNTIFS(SAISIE!$J$5:$J$204,"*Vent D/G*",SAISIE!$M$5:$M$204,$M$77)>0)),"","Vent D/G") | J81: =IF(OR($M$77="",NOT(COUNTIFS(SAISIE!$J$5:$J$204,"*Vent D/G*",SAISIE!$M$5:$M$204,$M$77)>0)),"",IFERROR(IF(MINIFS(SAISIE!$L$5:$L$204,SAISIE!$J$5:$J$204,"*Vent D/G*",SAISIE!$M$5:$M$204,$M$77)>=0,MAXIFS(SAISIE!$K$5:$K$204,SAISIE!$J$5:$J$204,"*Vent D/G*",SAISIE!$M$5:$M$204,$M$77),INDEX(SAISIE!$K$5:$K$204,MATCH(MINIFS(SAISIE!$L$5:$L$204,SAISIE!$J$5:$J$204,"*Vent D/G*",SAISIE!$M$5:$M$204,$M$77),SAISIE!$L$5:$L$204,0))),"-")) | K81: =IF(OR($M$77="",NOT(COUNTIFS(SAISIE!$J$5:$J$204,"*Vent D/G*",SAISIE!$M$5:$M$204,$M$77)>0)),"",IFERROR(IF(MINIFS(SAISIE!$L$5:$L$204,SAISIE!$J$5:$J$204,"*Vent D/G*",SAISIE!$M$5:$M$204,$M$77)>=0,0,MINIFS(SAISIE!$L$5:$L$204,SAISIE!$J$5:$J$204,"*Vent D/G*",SAISIE!$M$5:$M$204,$M$77)),"-")) | L81: =IF($M$77="","",IF(OR(K81="",K81="-"),"",IF(K81>0,"(soulevement)",IF(K81<0,"(compression)","-"))))
A82: =IF(OR($F$77="",NOT(MAXIFS(SAISIE!$E$5:$E$204,SAISIE!$B$5:$B$204,"*Vent D/G*",SAISIE!$F$5:$F$204,$F$77)>0)),"","Vent D/G") | B82: =IF(OR($F$77="",NOT(MAXIFS(SAISIE!$E$5:$E$204,SAISIE!$B$5:$B$204,"*Vent D/G*",SAISIE!$F$5:$F$204,$F$77)>0)),"",IFERROR(INDEX(SAISIE!$C$5:$C$204,MATCH(MAXIFS(SAISIE!$E$5:$E$204,SAISIE!$B$5:$B$204,"*Vent D/G*",SAISIE!$F$5:$F$204,$F$77),SAISIE!$E$5:$E$204,0)),"-")) | C82: =IF(OR($F$77="",NOT(MAXIFS(SAISIE!$E$5:$E$204,SAISIE!$B$5:$B$204,"*Vent D/G*",SAISIE!$F$5:$F$204,$F$77)>0)),"",IFERROR(INDEX(SAISIE!$D$5:$D$204,MATCH(MAXIFS(SAISIE!$E$5:$E$204,SAISIE!$B$5:$B$204,"*Vent D/G*",SAISIE!$F$5:$F$204,$F$77),SAISIE!$E$5:$E$204,0)),"-")) | D82: =IF(OR($F$77="",NOT(MAXIFS(SAISIE!$E$5:$E$204,SAISIE!$B$5:$B$204,"*Vent D/G*",SAISIE!$F$5:$F$204,$F$77)>0)),"",IFERROR(MAXIFS(SAISIE!$E$5:$E$204,SAISIE!$B$5:$B$204,"*Vent D/G*",SAISIE!$F$5:$F$204,$F$77),"-")) | E82: =IF($F$77="","",IF(OR(D82="",D82="-"),"",IF(D82>0,"(soulevement)",IF(D82<0,"(compression)","-")))) | I82: =IF(OR($M$77="",NOT(MAXIFS(SAISIE!$L$5:$L$204,SAISIE!$J$5:$J$204,"*Vent D/G*",SAISIE!$M$5:$M$204,$M$77)>0)),"","Vent D/G") | J82: =IF(OR($M$77="",NOT(MAXIFS(SAISIE!$L$5:$L$204,SAISIE!$J$5:$J$204,"*Vent D/G*",SAISIE!$M$5:$M$204,$M$77)>0)),"",IFERROR(INDEX(SAISIE!$K$5:$K$204,MATCH(MAXIFS(SAISIE!$L$5:$L$204,SAISIE!$J$5:$J$204,"*Vent D/G*",SAISIE!$M$5:$M$204,$M$77),SAISIE!$L$5:$L$204,0)),"-")) | K82: =IF(OR($M$77="",NOT(MAXIFS(SAISIE!$L$5:$L$204,SAISIE!$J$5:$J$204,"*Vent D/G*",SAISIE!$M$5:$M$204,$M$77)>0)),"",IFERROR(MAXIFS(SAISIE!$L$5:$L$204,SAISIE!$J$5:$J$204,"*Vent D/G*",SAISIE!$M$5:$M$204,$M$77),"-")) | L82: =IF($M$77="","",IF(OR(K82="",K82="-"),"",IF(K82>0,"(soulevement)",IF(K82<0,"(compression)","-"))))
A83: =IF(OR($F$77="",NOT(COUNTIFS(SAISIE!$B$5:$B$204,"*Vent Av./Arr.*",SAISIE!$F$5:$F$204,$F$77)>0)),"","Vent Av./Arr.") | B83: =IF(OR($F$77="",NOT(COUNTIFS(SAISIE!$B$5:$B$204,"*Vent Av./Arr.*",SAISIE!$F$5:$F$204,$F$77)>0)),"",IFERROR(IF(MINIFS(SAISIE!$E$5:$E$204,SAISIE!$B$5:$B$204,"*Vent Av./Arr.*",SAISIE!$F$5:$F$204,$F$77)>=0,MAXIFS(SAISIE!$C$5:$C$204,SAISIE!$B$5:$B$204,"*Vent Av./Arr.*",SAISIE!$F$5:$F$204,$F$77),INDEX(SAISIE!$C$5:$C$204,MATCH(MINIFS(SAISIE!$E$5:$E$204,SAISIE!$B$5:$B$204,"*Vent Av./Arr.*",SAISIE!$F$5:$F$204,$F$77),SAISIE!$E$5:$E$204,0))),"-")) | C83: =IF(OR($F$77="",NOT(COUNTIFS(SAISIE!$B$5:$B$204,"*Vent Av./Arr.*",SAISIE!$F$5:$F$204,$F$77)>0)),"",IFERROR(IF(MINIFS(SAISIE!$E$5:$E$204,SAISIE!$B$5:$B$204,"*Vent Av./Arr.*",SAISIE!$F$5:$F$204,$F$77)>=0,INDEX(SAISIE!$D$5:$D$204,MATCH(MAXIFS(SAISIE!$C$5:$C$204,SAISIE!$B$5:$B$204,"*Vent Av./Arr.*",SAISIE!$F$5:$F$204,$F$77),SAISIE!$C$5:$C$204,0)),INDEX(SAISIE!$D$5:$D$204,MATCH(MINIFS(SAISIE!$E$5:$E$204,SAISIE!$B$5:$B$204,"*Vent Av./Arr.*",SAISIE!$F$5:$F$204,$F$77),SAISIE!$E$5:$E$204,0))),"-")) | D83: =IF(OR($F$77="",NOT(COUNTIFS(SAISIE!$B$5:$B$204,"*Vent Av./Arr.*",SAISIE!$F$5:$F$204,$F$77)>0)),"",IFERROR(IF(MINIFS(SAISIE!$E$5:$E$204,SAISIE!$B$5:$B$204,"*Vent Av./Arr.*",SAISIE!$F$5:$F$204,$F$77)>=0,0,MINIFS(SAISIE!$E$5:$E$204,SAISIE!$B$5:$B$204,"*Vent Av./Arr.*",SAISIE!$F$5:$F$204,$F$77)),"-")) | E83: =IF($F$77="","",IF(OR(D83="",D83="-"),"",IF(D83>0,"(soulevement)",IF(D83<0,"(compression)","-")))) | I83: =IF(OR($M$77="",NOT(COUNTIFS(SAISIE!$J$5:$J$204,"*Vent Av./Arr.*",SAISIE!$M$5:$M$204,$M$77)>0)),"","Vent Av./Arr.") | J83: =IF(OR($M$77="",NOT(COUNTIFS(SAISIE!$J$5:$J$204,"*Vent Av./Arr.*",SAISIE!$M$5:$M$204,$M$77)>0)),"",IFERROR(IF(MINIFS(SAISIE!$L$5:$L$204,SAISIE!$J$5:$J$204,"*Vent Av./Arr.*",SAISIE!$M$5:$M$204,$M$77)>=0,MAXIFS(SAISIE!$K$5:$K$204,SAISIE!$J$5:$J$204,"*Vent Av./Arr.*",SAISIE!$M$5:$M$204,$M$77),INDEX(SAISIE!$K$5:$K$204,MATCH(MINIFS(SAISIE!$L$5:$L$204,SAISIE!$J$5:$J$204,"*Vent Av./Arr.*",SAISIE!$M$5:$M$204,$M$77),SAISIE!$L$5:$L$204,0))),"-")) | K83: =IF(OR($M$77="",NOT(COUNTIFS(SAISIE!$J$5:$J$204,"*Vent Av./Arr.*",SAISIE!$M$5:$M$204,$M$77)>0)),"",IFERROR(IF(MINIFS(SAISIE!$L$5:$L$204,SAISIE!$J$5:$J$204,"*Vent Av./Arr.*",SAISIE!$M$5:$M$204,$M$77)>=0,0,MINIFS(SAISIE!$L$5:$L$204,SAISIE!$J$5:$J$204,"*Vent Av./Arr.*",SAISIE!$M$5:$M$204,$M$77)),"-")) | L83: =IF($M$77="","",IF(OR(K83="",K83="-"),"",IF(K83>0,"(soulevement)",IF(K83<0,"(compression)","-"))))
A84: =IF(OR($F$77="",NOT(MAXIFS(SAISIE!$E$5:$E$204,SAISIE!$B$5:$B$204,"*Vent Av./Arr.*",SAISIE!$F$5:$F$204,$F$77)>0)),"","Vent Av./Arr.") | B84: =IF(OR($F$77="",NOT(MAXIFS(SAISIE!$E$5:$E$204,SAISIE!$B$5:$B$204,"*Vent Av./Arr.*",SAISIE!$F$5:$F$204,$F$77)>0)),"",IFERROR(INDEX(SAISIE!$C$5:$C$204,MATCH(MAXIFS(SAISIE!$E$5:$E$204,SAISIE!$B$5:$B$204,"*Vent Av./Arr.*",SAISIE!$F$5:$F$204,$F$77),SAISIE!$E$5:$E$204,0)),"-")) | C84: =IF(OR($F$77="",NOT(MAXIFS(SAISIE!$E$5:$E$204,SAISIE!$B$5:$B$204,"*Vent Av./Arr.*",SAISIE!$F$5:$F$204,$F$77)>0)),"",IFERROR(INDEX(SAISIE!$D$5:$D$204,MATCH(MAXIFS(SAISIE!$E$5:$E$204,SAISIE!$B$5:$B$204,"*Vent Av./Arr.*",SAISIE!$F$5:$F$204,$F$77),SAISIE!$E$5:$E$204,0)),"-")) | D84: =IF(OR($F$77="",NOT(MAXIFS(SAISIE!$E$5:$E$204,SAISIE!$B$5:$B$204,"*Vent Av./Arr.*",SAISIE!$F$5:$F$204,$F$77)>0)),"",IFERROR(MAXIFS(SAISIE!$E$5:$E$204,SAISIE!$B$5:$B$204,"*Vent Av./Arr.*",SAISIE!$F$5:$F$204,$F$77),"-")) | E84: =IF($F$77="","",IF(OR(D84="",D84="-"),"",IF(D84>0,"(soulevement)",IF(D84<0,"(compression)","-")))) | I84: =IF(OR($M$77="",NOT(MAXIFS(SAISIE!$L$5:$L$204,SAISIE!$J$5:$J$204,"*Vent Av./Arr.*",SAISIE!$M$5:$M$204,$M$77)>0)),"","Vent Av./Arr.") | J84: =IF(OR($M$77="",NOT(MAXIFS(SAISIE!$L$5:$L$204,SAISIE!$J$5:$J$204,"*Vent Av./Arr.*",SAISIE!$M$5:$M$204,$M$77)>0)),"",IFERROR(INDEX(SAISIE!$K$5:$K$204,MATCH(MAXIFS(SAISIE!$L$5:$L$204,SAISIE!$J$5:$J$204,"*Vent Av./Arr.*",SAISIE!$M$5:$M$204,$M$77),SAISIE!$L$5:$L$204,0)),"-")) | K84: =IF(OR($M$77="",NOT(MAXIFS(SAISIE!$L$5:$L$204,SAISIE!$J$5:$J$204,"*Vent Av./Arr.*",SAISIE!$M$5:$M$204,$M$77)>0)),"",IFERROR(MAXIFS(SAISIE!$L$5:$L$204,SAISIE!$J$5:$J$204,"*Vent Av./Arr.*",SAISIE!$M$5:$M$204,$M$77),"-")) | L84: =IF($M$77="","",IF(OR(K84="",K84="-"),"",IF(K84>0,"(soulevement)",IF(K84<0,"(compression)","-"))))
A85: =IF(OR($F$77="",NOT(COUNTIFS(SAISIE!$B$5:$B$204,"*Vent Arr./Av.*",SAISIE!$F$5:$F$204,$F$77)>0)),"","Vent Arr./Av.") | B85: =IF(OR($F$77="",NOT(COUNTIFS(SAISIE!$B$5:$B$204,"*Vent Arr./Av.*",SAISIE!$F$5:$F$204,$F$77)>0)),"",IFERROR(IF(MINIFS(SAISIE!$E$5:$E$204,SAISIE!$B$5:$B$204,"*Vent Arr./Av.*",SAISIE!$F$5:$F$204,$F$77)>=0,MAXIFS(SAISIE!$C$5:$C$204,SAISIE!$B$5:$B$204,"*Vent Arr./Av.*",SAISIE!$F$5:$F$204,$F$77),INDEX(SAISIE!$C$5:$C$204,MATCH(MINIFS(SAISIE!$E$5:$E$204,SAISIE!$B$5:$B$204,"*Vent Arr./Av.*",SAISIE!$F$5:$F$204,$F$77),SAISIE!$E$5:$E$204,0))),"-")) | C85: =IF(OR($F$77="",NOT(COUNTIFS(SAISIE!$B$5:$B$204,"*Vent Arr./Av.*",SAISIE!$F$5:$F$204,$F$77)>0)),"",IFERROR(IF(MINIFS(SAISIE!$E$5:$E$204,SAISIE!$B$5:$B$204,"*Vent Arr./Av.*",SAISIE!$F$5:$F$204,$F$77)>=0,INDEX(SAISIE!$D$5:$D$204,MATCH(MAXIFS(SAISIE!$C$5:$C$204,SAISIE!$B$5:$B$204,"*Vent Arr./Av.*",SAISIE!$F$5:$F$204,$F$77),SAISIE!$C$5:$C$204,0)),INDEX(SAISIE!$D$5:$D$204,MATCH(MINIFS(SAISIE!$E$5:$E$204,SAISIE!$B$5:$B$204,"*Vent Arr./Av.*",SAISIE!$F$5:$F$204,$F$77),SAISIE!$E$5:$E$204,0))),"-")) | D85: =IF(OR($F$77="",NOT(COUNTIFS(SAISIE!$B$5:$B$204,"*Vent Arr./Av.*",SAISIE!$F$5:$F$204,$F$77)>0)),"",IFERROR(IF(MINIFS(SAISIE!$E$5:$E$204,SAISIE!$B$5:$B$204,"*Vent Arr./Av.*",SAISIE!$F$5:$F$204,$F$77)>=0,0,MINIFS(SAISIE!$E$5:$E$204,SAISIE!$B$5:$B$204,"*Vent Arr./Av.*",SAISIE!$F$5:$F$204,$F$77)),"-")) | E85: =IF($F$77="","",IF(OR(D85="",D85="-"),"",IF(D85>0,"(soulevement)",IF(D85<0,"(compression)","-")))) | I85: =IF(OR($M$77="",NOT(COUNTIFS(SAISIE!$J$5:$J$204,"*Vent Arr./Av.*",SAISIE!$M$5:$M$204,$M$77)>0)),"","Vent Arr./Av.") | J85: =IF(OR($M$77="",NOT(COUNTIFS(SAISIE!$J$5:$J$204,"*Vent Arr./Av.*",SAISIE!$M$5:$M$204,$M$77)>0)),"",IFERROR(IF(MINIFS(SAISIE!$L$5:$L$204,SAISIE!$J$5:$J$204,"*Vent Arr./Av.*",SAISIE!$M$5:$M$204,$M$77)>=0,MAXIFS(SAISIE!$K$5:$K$204,SAISIE!$J$5:$J$204,"*Vent Arr./Av.*",SAISIE!$M$5:$M$204,$M$77),INDEX(SAISIE!$K$5:$K$204,MATCH(MINIFS(SAISIE!$L$5:$L$204,SAISIE!$J$5:$J$204,"*Vent Arr./Av.*",SAISIE!$M$5:$M$204,$M$77),SAISIE!$L$5:$L$204,0))),"-")) | K85: =IF(OR($M$77="",NOT(COUNTIFS(SAISIE!$J$5:$J$204,"*Vent Arr./Av.*",SAISIE!$M$5:$M$204,$M$77)>0)),"",IFERROR(IF(MINIFS(SAISIE!$L$5:$L$204,SAISIE!$J$5:$J$204,"*Vent Arr./Av.*",SAISIE!$M$5:$M$204,$M$77)>=0,0,MINIFS(SAISIE!$L$5:$L$204,SAISIE!$J$5:$J$204,"*Vent Arr./Av.*",SAISIE!$M$5:$M$204,$M$77)),"-")) | L85: =IF($M$77="","",IF(OR(K85="",K85="-"),"",IF(K85>0,"(soulevement)",IF(K85<0,"(compression)","-"))))
A86: =IF(OR($F$77="",NOT(MAXIFS(SAISIE!$E$5:$E$204,SAISIE!$B$5:$B$204,"*Vent Arr./Av.*",SAISIE!$F$5:$F$204,$F$77)>0)),"","Vent Arr./Av.") | B86: =IF(OR($F$77="",NOT(MAXIFS(SAISIE!$E$5:$E$204,SAISIE!$B$5:$B$204,"*Vent Arr./Av.*",SAISIE!$F$5:$F$204,$F$77)>0)),"",IFERROR(INDEX(SAISIE!$C$5:$C$204,MATCH(MAXIFS(SAISIE!$E$5:$E$204,SAISIE!$B$5:$B$204,"*Vent Arr./Av.*",SAISIE!$F$5:$F$204,$F$77),SAISIE!$E$5:$E$204,0)),"-")) | C86: =IF(OR($F$77="",NOT(MAXIFS(SAISIE!$E$5:$E$204,SAISIE!$B$5:$B$204,"*Vent Arr./Av.*",SAISIE!$F$5:$F$204,$F$77)>0)),"",IFERROR(INDEX(SAISIE!$D$5:$D$204,MATCH(MAXIFS(SAISIE!$E$5:$E$204,SAISIE!$B$5:$B$204,"*Vent Arr./Av.*",SAISIE!$F$5:$F$204,$F$77),SAISIE!$E$5:$E$204,0)),"-")) | D86: =IF(OR($F$77="",NOT(MAXIFS(SAISIE!$E$5:$E$204,SAISIE!$B$5:$B$204,"*Vent Arr./Av.*",SAISIE!$F$5:$F$204,$F$77)>0)),"",IFERROR(MAXIFS(SAISIE!$E$5:$E$204,SAISIE!$B$5:$B$204,"*Vent Arr./Av.*",SAISIE!$F$5:$F$204,$F$77),"-")) | E86: =IF($F$77="","",IF(OR(D86="",D86="-"),"",IF(D86>0,"(soulevement)",IF(D86<0,"(compression)","-")))) | I86: =IF(OR($M$77="",NOT(MAXIFS(SAISIE!$L$5:$L$204,SAISIE!$J$5:$J$204,"*Vent Arr./Av.*",SAISIE!$M$5:$M$204,$M$77)>0)),"","Vent Arr./Av.") | J86: =IF(OR($M$77="",NOT(MAXIFS(SAISIE!$L$5:$L$204,SAISIE!$J$5:$J$204,"*Vent Arr./Av.*",SAISIE!$M$5:$M$204,$M$77)>0)),"",IFERROR(INDEX(SAISIE!$K$5:$K$204,MATCH(MAXIFS(SAISIE!$L$5:$L$204,SAISIE!$J$5:$J$204,"*Vent Arr./Av.*",SAISIE!$M$5:$M$204,$M$77),SAISIE!$L$5:$L$204,0)),"-")) | K86: =IF(OR($M$77="",NOT(MAXIFS(SAISIE!$L$5:$L$204,SAISIE!$J$5:$J$204,"*Vent Arr./Av.*",SAISIE!$M$5:$M$204,$M$77)>0)),"",IFERROR(MAXIFS(SAISIE!$L$5:$L$204,SAISIE!$J$5:$J$204,"*Vent Arr./Av.*",SAISIE!$M$5:$M$204,$M$77),"-")) | L86: =IF($M$77="","",IF(OR(K86="",K86="-"),"",IF(K86>0,"(soulevement)",IF(K86<0,"(compression)","-"))))
A87: =IF(OR($F$77="",NOT(TRUE)),"","Neige normale") | B87: =IF($F$77="","",IFERROR(INDEX(SAISIE!$C$5:$C$204,MATCH(MINIFS(SAISIE!$E$5:$E$204,SAISIE!$B$5:$B$204,"*Neige*",SAISIE!$B$5:$B$204,"<>*accidentel*",SAISIE!$F$5:$F$204,$F$77),SAISIE!$E$5:$E$204,0)),"-")) | C87: =IF($F$77="","",IFERROR(INDEX(SAISIE!$D$5:$D$204,MATCH(MINIFS(SAISIE!$E$5:$E$204,SAISIE!$B$5:$B$204,"*Neige*",SAISIE!$B$5:$B$204,"<>*accidentel*",SAISIE!$F$5:$F$204,$F$77),SAISIE!$E$5:$E$204,0)),"-")) | D87: =IF($F$77="","",IFERROR(INDEX(SAISIE!$E$5:$E$204,MATCH(MINIFS(SAISIE!$E$5:$E$204,SAISIE!$B$5:$B$204,"*Neige*",SAISIE!$B$5:$B$204,"<>*accidentel*",SAISIE!$F$5:$F$204,$F$77),SAISIE!$E$5:$E$204,0)),"-")) | E87: =IF($F$77="","",IF(OR(D87="",D87="-"),"",IF(D87>0,"(soulevement)",IF(D87<0,"(compression)","-")))) | I87: =IF(OR($M$77="",NOT(TRUE)),"","Neige normale") | J87: =IF($M$77="","",IFERROR(INDEX(SAISIE!$K$5:$K$204,MATCH(MINIFS(SAISIE!$L$5:$L$204,SAISIE!$J$5:$J$204,"*Neige*",SAISIE!$J$5:$J$204,"<>*accidentel*",SAISIE!$M$5:$M$204,$M$77),SAISIE!$L$5:$L$204,0)),"-")) | K87: =IF($M$77="","",IFERROR(INDEX(SAISIE!$L$5:$L$204,MATCH(MINIFS(SAISIE!$L$5:$L$204,SAISIE!$J$5:$J$204,"*Neige*",SAISIE!$J$5:$J$204,"<>*accidentel*",SAISIE!$M$5:$M$204,$M$77),SAISIE!$L$5:$L$204,0)),"-")) | L87: =IF($M$77="","",IF(OR(K87="",K87="-"),"",IF(K87>0,"(soulevement)",IF(K87<0,"(compression)","-"))))
A88: =IF(OR($F$77="",NOT(TRUE)),"","Neige accidentelle") | B88: =IF($F$77="","",IFERROR(LOOKUP(2,1/((SAISIE!$F$5:$F$204=$F$77)*(ISNUMBER(SEARCH("accidentel",SAISIE!$B$5:$B$204)))),SAISIE!$C$5:$C$204),"-")) | C88: =IF($F$77="","",IFERROR(LOOKUP(2,1/((SAISIE!$F$5:$F$204=$F$77)*(ISNUMBER(SEARCH("accidentel",SAISIE!$B$5:$B$204)))),SAISIE!$D$5:$D$204),"-")) | D88: =IF($F$77="","",IFERROR(LOOKUP(2,1/((SAISIE!$F$5:$F$204=$F$77)*(ISNUMBER(SEARCH("accidentel",SAISIE!$B$5:$B$204)))),SAISIE!$E$5:$E$204),"-")) | E88: =IF($F$77="","",IF(OR(D88="",D88="-"),"",IF(D88>0,"(soulevement)",IF(D88<0,"(compression)","-")))) | I88: =IF(OR($M$77="",NOT(TRUE)),"","Neige accidentelle") | J88: =IF($M$77="","",IFERROR(LOOKUP(2,1/((SAISIE!$M$5:$M$204=$M$77)*(ISNUMBER(SEARCH("accidentel",SAISIE!$J$5:$J$204)))),SAISIE!$K$5:$K$204),"-")) | K88: =IF($M$77="","",IFERROR(LOOKUP(2,1/((SAISIE!$M$5:$M$204=$M$77)*(ISNUMBER(SEARCH("accidentel",SAISIE!$J$5:$J$204)))),SAISIE!$L$5:$L$204),"-")) | L88: =IF($M$77="","",IF(OR(K88="",K88="-"),"",IF(K88>0,"(soulevement)",IF(K88<0,"(compression)","-"))))
A89: =IF($F$89="","","Noeud "&$F$89) | F89: =IFERROR(INDEX(SAISIE!$F$5:$F$204,AGGREGATE(15,6,ROW(SAISIE!$F$5:$F$204)-ROW(SAISIE!$F$5)+1/(SAISIE!$F$5:$F$204<>"")/(COUNTIF($F$4:F88,SAISIE!$F$5:$F$204)=0),1)),"") | I89: =IF($M$89="","","Noeud "&$M$89) | M89: =IFERROR(INDEX(SAISIE!$M$5:$M$204,AGGREGATE(15,6,ROW(SAISIE!$M$5:$M$204)-ROW(SAISIE!$M$5)+1/(SAISIE!$M$5:$M$204<>"")/(COUNTIF($M$4:M88,SAISIE!$M$5:$M$204)=0),1)),"")
A90: =IF(OR($F$89="",NOT(TRUE)),"","Couverture") | B90: =IF($F$89="","",IFERROR(IFERROR(LOOKUP(2,1/((SAISIE!$F$5:$F$204=$F$89)*(LEFT(SAISIE!$B$5:$B$204,2)="G ")),SAISIE!$C$5:$C$204),LOOKUP(2,1/((SAISIE!$F$5:$F$204=$F$89)*(ISNUMBER(SEARCH("Couverture",SAISIE!$B$5:$B$204)))),SAISIE!$C$5:$C$204)),"-")) | C90: =IF($F$89="","",IFERROR(IFERROR(LOOKUP(2,1/((SAISIE!$F$5:$F$204=$F$89)*(LEFT(SAISIE!$B$5:$B$204,2)="G ")),SAISIE!$D$5:$D$204),LOOKUP(2,1/((SAISIE!$F$5:$F$204=$F$89)*(ISNUMBER(SEARCH("Couverture",SAISIE!$B$5:$B$204)))),SAISIE!$D$5:$D$204)),"-")) | D90: =IF($F$89="","",IFERROR(IFERROR(LOOKUP(2,1/((SAISIE!$F$5:$F$204=$F$89)*(LEFT(SAISIE!$B$5:$B$204,2)="G ")),SAISIE!$E$5:$E$204),LOOKUP(2,1/((SAISIE!$F$5:$F$204=$F$89)*(ISNUMBER(SEARCH("Couverture",SAISIE!$B$5:$B$204)))),SAISIE!$E$5:$E$204)),"-")) | E90: =IF($F$89="","",IF(OR(D90="",D90="-"),"",IF(D90>0,"(soulevement)",IF(D90<0,"(compression)","-")))) | I90: =IF(OR($M$89="",NOT(TRUE)),"","Couverture") | J90: =IF($M$89="","",IFERROR(IFERROR(LOOKUP(2,1/((SAISIE!$M$5:$M$204=$M$89)*(LEFT(SAISIE!$J$5:$J$204,2)="G ")),SAISIE!$K$5:$K$204),LOOKUP(2,1/((SAISIE!$M$5:$M$204=$M$89)*(ISNUMBER(SEARCH("Couverture",SAISIE!$J$5:$J$204)))),SAISIE!$K$5:$K$204)),"-")) | K90: =IF($M$89="","",IFERROR(IFERROR(LOOKUP(2,1/((SAISIE!$M$5:$M$204=$M$89)*(LEFT(SAISIE!$J$5:$J$204,2)="G ")),SAISIE!$L$5:$L$204),LOOKUP(2,1/((SAISIE!$M$5:$M$204=$M$89)*(ISNUMBER(SEARCH("Couverture",SAISIE!$J$5:$J$204)))),SAISIE!$L$5:$L$204)),"-")) | L90: =IF($M$89="","",IF(OR(K90="",K90="-"),"",IF(K90>0,"(soulevement)",IF(K90<0,"(compression)","-"))))
A91: =IF(OR($F$89="",NOT(COUNTIFS(SAISIE!$B$5:$B$204,"*Vent G/D*",SAISIE!$F$5:$F$204,$F$89)>0)),"","Vent G/D") | B91: =IF(OR($F$89="",NOT(COUNTIFS(SAISIE!$B$5:$B$204,"*Vent G/D*",SAISIE!$F$5:$F$204,$F$89)>0)),"",IFERROR(IF(MINIFS(SAISIE!$E$5:$E$204,SAISIE!$B$5:$B$204,"*Vent G/D*",SAISIE!$F$5:$F$204,$F$89)>=0,MAXIFS(SAISIE!$C$5:$C$204,SAISIE!$B$5:$B$204,"*Vent G/D*",SAISIE!$F$5:$F$204,$F$89),INDEX(SAISIE!$C$5:$C$204,MATCH(MINIFS(SAISIE!$E$5:$E$204,SAISIE!$B$5:$B$204,"*Vent G/D*",SAISIE!$F$5:$F$204,$F$89),SAISIE!$E$5:$E$204,0))),"-")) | C91: =IF(OR($F$89="",NOT(COUNTIFS(SAISIE!$B$5:$B$204,"*Vent G/D*",SAISIE!$F$5:$F$204,$F$89)>0)),"",IFERROR(IF(MINIFS(SAISIE!$E$5:$E$204,SAISIE!$B$5:$B$204,"*Vent G/D*",SAISIE!$F$5:$F$204,$F$89)>=0,INDEX(SAISIE!$D$5:$D$204,MATCH(MAXIFS(SAISIE!$C$5:$C$204,SAISIE!$B$5:$B$204,"*Vent G/D*",SAISIE!$F$5:$F$204,$F$89),SAISIE!$C$5:$C$204,0)),INDEX(SAISIE!$D$5:$D$204,MATCH(MINIFS(SAISIE!$E$5:$E$204,SAISIE!$B$5:$B$204,"*Vent G/D*",SAISIE!$F$5:$F$204,$F$89),SAISIE!$E$5:$E$204,0))),"-")) | D91: =IF(OR($F$89="",NOT(COUNTIFS(SAISIE!$B$5:$B$204,"*Vent G/D*",SAISIE!$F$5:$F$204,$F$89)>0)),"",IFERROR(IF(MINIFS(SAISIE!$E$5:$E$204,SAISIE!$B$5:$B$204,"*Vent G/D*",SAISIE!$F$5:$F$204,$F$89)>=0,0,MINIFS(SAISIE!$E$5:$E$204,SAISIE!$B$5:$B$204,"*Vent G/D*",SAISIE!$F$5:$F$204,$F$89)),"-")) | E91: =IF($F$89="","",IF(OR(D91="",D91="-"),"",IF(D91>0,"(soulevement)",IF(D91<0,"(compression)","-")))) | I91: =IF(OR($M$89="",NOT(COUNTIFS(SAISIE!$J$5:$J$204,"*Vent G/D*",SAISIE!$M$5:$M$204,$M$89)>0)),"","Vent G/D") | J91: =IF(OR($M$89="",NOT(COUNTIFS(SAISIE!$J$5:$J$204,"*Vent G/D*",SAISIE!$M$5:$M$204,$M$89)>0)),"",IFERROR(IF(MINIFS(SAISIE!$L$5:$L$204,SAISIE!$J$5:$J$204,"*Vent G/D*",SAISIE!$M$5:$M$204,$M$89)>=0,MAXIFS(SAISIE!$K$5:$K$204,SAISIE!$J$5:$J$204,"*Vent G/D*",SAISIE!$M$5:$M$204,$M$89),INDEX(SAISIE!$K$5:$K$204,MATCH(MINIFS(SAISIE!$L$5:$L$204,SAISIE!$J$5:$J$204,"*Vent G/D*",SAISIE!$M$5:$M$204,$M$89),SAISIE!$L$5:$L$204,0))),"-")) | K91: =IF(OR($M$89="",NOT(COUNTIFS(SAISIE!$J$5:$J$204,"*Vent G/D*",SAISIE!$M$5:$M$204,$M$89)>0)),"",IFERROR(IF(MINIFS(SAISIE!$L$5:$L$204,SAISIE!$J$5:$J$204,"*Vent G/D*",SAISIE!$M$5:$M$204,$M$89)>=0,0,MINIFS(SAISIE!$L$5:$L$204,SAISIE!$J$5:$J$204,"*Vent G/D*",SAISIE!$M$5:$M$204,$M$89)),"-")) | L91: =IF($M$89="","",IF(OR(K91="",K91="-"),"",IF(K91>0,"(soulevement)",IF(K91<0,"(compression)","-"))))
A92: =IF(OR($F$89="",NOT(MAXIFS(SAISIE!$E$5:$E$204,SAISIE!$B$5:$B$204,"*Vent G/D*",SAISIE!$F$5:$F$204,$F$89)>0)),"","Vent G/D") | B92: =IF(OR($F$89="",NOT(MAXIFS(SAISIE!$E$5:$E$204,SAISIE!$B$5:$B$204,"*Vent G/D*",SAISIE!$F$5:$F$204,$F$89)>0)),"",IFERROR(INDEX(SAISIE!$C$5:$C$204,MATCH(MAXIFS(SAISIE!$E$5:$E$204,SAISIE!$B$5:$B$204,"*Vent G/D*",SAISIE!$F$5:$F$204,$F$89),SAISIE!$E$5:$E$204,0)),"-")) | C92: =IF(OR($F$89="",NOT(MAXIFS(SAISIE!$E$5:$E$204,SAISIE!$B$5:$B$204,"*Vent G/D*",SAISIE!$F$5:$F$204,$F$89)>0)),"",IFERROR(INDEX(SAISIE!$D$5:$D$204,MATCH(MAXIFS(SAISIE!$E$5:$E$204,SAISIE!$B$5:$B$204,"*Vent G/D*",SAISIE!$F$5:$F$204,$F$89),SAISIE!$E$5:$E$204,0)),"-")) | D92: =IF(OR($F$89="",NOT(MAXIFS(SAISIE!$E$5:$E$204,SAISIE!$B$5:$B$204,"*Vent G/D*",SAISIE!$F$5:$F$204,$F$89)>0)),"",IFERROR(MAXIFS(SAISIE!$E$5:$E$204,SAISIE!$B$5:$B$204,"*Vent G/D*",SAISIE!$F$5:$F$204,$F$89),"-")) | E92: =IF($F$89="","",IF(OR(D92="",D92="-"),"",IF(D92>0,"(soulevement)",IF(D92<0,"(compression)","-")))) | I92: =IF(OR($M$89="",NOT(MAXIFS(SAISIE!$L$5:$L$204,SAISIE!$J$5:$J$204,"*Vent G/D*",SAISIE!$M$5:$M$204,$M$89)>0)),"","Vent G/D") | J92: =IF(OR($M$89="",NOT(MAXIFS(SAISIE!$L$5:$L$204,SAISIE!$J$5:$J$204,"*Vent G/D*",SAISIE!$M$5:$M$204,$M$89)>0)),"",IFERROR(INDEX(SAISIE!$K$5:$K$204,MATCH(MAXIFS(SAISIE!$L$5:$L$204,SAISIE!$J$5:$J$204,"*Vent G/D*",SAISIE!$M$5:$M$204,$M$89),SAISIE!$L$5:$L$204,0)),"-")) | K92: =IF(OR($M$89="",NOT(MAXIFS(SAISIE!$L$5:$L$204,SAISIE!$J$5:$J$204,"*Vent G/D*",SAISIE!$M$5:$M$204,$M$89)>0)),"",IFERROR(MAXIFS(SAISIE!$L$5:$L$204,SAISIE!$J$5:$J$204,"*Vent G/D*",SAISIE!$M$5:$M$204,$M$89),"-")) | L92: =IF($M$89="","",IF(OR(K92="",K92="-"),"",IF(K92>0,"(soulevement)",IF(K92<0,"(compression)","-"))))
A93: =IF(OR($F$89="",NOT(COUNTIFS(SAISIE!$B$5:$B$204,"*Vent D/G*",SAISIE!$F$5:$F$204,$F$89)>0)),"","Vent D/G") | B93: =IF(OR($F$89="",NOT(COUNTIFS(SAISIE!$B$5:$B$204,"*Vent D/G*",SAISIE!$F$5:$F$204,$F$89)>0)),"",IFERROR(IF(MINIFS(SAISIE!$E$5:$E$204,SAISIE!$B$5:$B$204,"*Vent D/G*",SAISIE!$F$5:$F$204,$F$89)>=0,MAXIFS(SAISIE!$C$5:$C$204,SAISIE!$B$5:$B$204,"*Vent D/G*",SAISIE!$F$5:$F$204,$F$89),INDEX(SAISIE!$C$5:$C$204,MATCH(MINIFS(SAISIE!$E$5:$E$204,SAISIE!$B$5:$B$204,"*Vent D/G*",SAISIE!$F$5:$F$204,$F$89),SAISIE!$E$5:$E$204,0))),"-")) | C93: =IF(OR($F$89="",NOT(COUNTIFS(SAISIE!$B$5:$B$204,"*Vent D/G*",SAISIE!$F$5:$F$204,$F$89)>0)),"",IFERROR(IF(MINIFS(SAISIE!$E$5:$E$204,SAISIE!$B$5:$B$204,"*Vent D/G*",SAISIE!$F$5:$F$204,$F$89)>=0,INDEX(SAISIE!$D$5:$D$204,MATCH(MAXIFS(SAISIE!$C$5:$C$204,SAISIE!$B$5:$B$204,"*Vent D/G*",SAISIE!$F$5:$F$204,$F$89),SAISIE!$C$5:$C$204,0)),INDEX(SAISIE!$D$5:$D$204,MATCH(MINIFS(SAISIE!$E$5:$E$204,SAISIE!$B$5:$B$204,"*Vent D/G*",SAISIE!$F$5:$F$204,$F$89),SAISIE!$E$5:$E$204,0))),"-")) | D93: =IF(OR($F$89="",NOT(COUNTIFS(SAISIE!$B$5:$B$204,"*Vent D/G*",SAISIE!$F$5:$F$204,$F$89)>0)),"",IFERROR(IF(MINIFS(SAISIE!$E$5:$E$204,SAISIE!$B$5:$B$204,"*Vent D/G*",SAISIE!$F$5:$F$204,$F$89)>=0,0,MINIFS(SAISIE!$E$5:$E$204,SAISIE!$B$5:$B$204,"*Vent D/G*",SAISIE!$F$5:$F$204,$F$89)),"-")) | E93: =IF($F$89="","",IF(OR(D93="",D93="-"),"",IF(D93>0,"(soulevement)",IF(D93<0,"(compression)","-")))) | I93: =IF(OR($M$89="",NOT(COUNTIFS(SAISIE!$J$5:$J$204,"*Vent D/G*",SAISIE!$M$5:$M$204,$M$89)>0)),"","Vent D/G") | J93: =IF(OR($M$89="",NOT(COUNTIFS(SAISIE!$J$5:$J$204,"*Vent D/G*",SAISIE!$M$5:$M$204,$M$89)>0)),"",IFERROR(IF(MINIFS(SAISIE!$L$5:$L$204,SAISIE!$J$5:$J$204,"*Vent D/G*",SAISIE!$M$5:$M$204,$M$89)>=0,MAXIFS(SAISIE!$K$5:$K$204,SAISIE!$J$5:$J$204,"*Vent D/G*",SAISIE!$M$5:$M$204,$M$89),INDEX(SAISIE!$K$5:$K$204,MATCH(MINIFS(SAISIE!$L$5:$L$204,SAISIE!$J$5:$J$204,"*Vent D/G*",SAISIE!$M$5:$M$204,$M$89),SAISIE!$L$5:$L$204,0))),"-")) | K93: =IF(OR($M$89="",NOT(COUNTIFS(SAISIE!$J$5:$J$204,"*Vent D/G*",SAISIE!$M$5:$M$204,$M$89)>0)),"",IFERROR(IF(MINIFS(SAISIE!$L$5:$L$204,SAISIE!$J$5:$J$204,"*Vent D/G*",SAISIE!$M$5:$M$204,$M$89)>=0,0,MINIFS(SAISIE!$L$5:$L$204,SAISIE!$J$5:$J$204,"*Vent D/G*",SAISIE!$M$5:$M$204,$M$89)),"-")) | L93: =IF($M$89="","",IF(OR(K93="",K93="-"),"",IF(K93>0,"(soulevement)",IF(K93<0,"(compression)","-"))))
A94: =IF(OR($F$89="",NOT(MAXIFS(SAISIE!$E$5:$E$204,SAISIE!$B$5:$B$204,"*Vent D/G*",SAISIE!$F$5:$F$204,$F$89)>0)),"","Vent D/G") | B94: =IF(OR($F$89="",NOT(MAXIFS(SAISIE!$E$5:$E$204,SAISIE!$B$5:$B$204,"*Vent D/G*",SAISIE!$F$5:$F$204,$F$89)>0)),"",IFERROR(INDEX(SAISIE!$C$5:$C$204,MATCH(MAXIFS(SAISIE!$E$5:$E$204,SAISIE!$B$5:$B$204,"*Vent D/G*",SAISIE!$F$5:$F$204,$F$89),SAISIE!$E$5:$E$204,0)),"-")) | C94: =IF(OR($F$89="",NOT(MAXIFS(SAISIE!$E$5:$E$204,SAISIE!$B$5:$B$204,"*Vent D/G*",SAISIE!$F$5:$F$204,$F$89)>0)),"",IFERROR(INDEX(SAISIE!$D$5:$D$204,MATCH(MAXIFS(SAISIE!$E$5:$E$204,SAISIE!$B$5:$B$204,"*Vent D/G*",SAISIE!$F$5:$F$204,$F$89),SAISIE!$E$5:$E$204,0)),"-")) | D94: =IF(OR($F$89="",NOT(MAXIFS(SAISIE!$E$5:$E$204,SAISIE!$B$5:$B$204,"*Vent D/G*",SAISIE!$F$5:$F$204,$F$89)>0)),"",IFERROR(MAXIFS(SAISIE!$E$5:$E$204,SAISIE!$B$5:$B$204,"*Vent D/G*",SAISIE!$F$5:$F$204,$F$89),"-")) | E94: =IF($F$89="","",IF(OR(D94="",D94="-"),"",IF(D94>0,"(soulevement)",IF(D94<0,"(compression)","-")))) | I94: =IF(OR($M$89="",NOT(MAXIFS(SAISIE!$L$5:$L$204,SAISIE!$J$5:$J$204,"*Vent D/G*",SAISIE!$M$5:$M$204,$M$89)>0)),"","Vent D/G") | J94: =IF(OR($M$89="",NOT(MAXIFS(SAISIE!$L$5:$L$204,SAISIE!$J$5:$J$204,"*Vent D/G*",SAISIE!$M$5:$M$204,$M$89)>0)),"",IFERROR(INDEX(SAISIE!$K$5:$K$204,MATCH(MAXIFS(SAISIE!$L$5:$L$204,SAISIE!$J$5:$J$204,"*Vent D/G*",SAISIE!$M$5:$M$204,$M$89),SAISIE!$L$5:$L$204,0)),"-")) | K94: =IF(OR($M$89="",NOT(MAXIFS(SAISIE!$L$5:$L$204,SAISIE!$J$5:$J$204,"*Vent D/G*",SAISIE!$M$5:$M$204,$M$89)>0)),"",IFERROR(MAXIFS(SAISIE!$L$5:$L$204,SAISIE!$J$5:$J$204,"*Vent D/G*",SAISIE!$M$5:$M$204,$M$89),"-")) | L94: =IF($M$89="","",IF(OR(K94="",K94="-"),"",IF(K94>0,"(soulevement)",IF(K94<0,"(compression)","-"))))
A95: =IF(OR($F$89="",NOT(COUNTIFS(SAISIE!$B$5:$B$204,"*Vent Av./Arr.*",SAISIE!$F$5:$F$204,$F$89)>0)),"","Vent Av./Arr.") | B95: =IF(OR($F$89="",NOT(COUNTIFS(SAISIE!$B$5:$B$204,"*Vent Av./Arr.*",SAISIE!$F$5:$F$204,$F$89)>0)),"",IFERROR(IF(MINIFS(SAISIE!$E$5:$E$204,SAISIE!$B$5:$B$204,"*Vent Av./Arr.*",SAISIE!$F$5:$F$204,$F$89)>=0,MAXIFS(SAISIE!$C$5:$C$204,SAISIE!$B$5:$B$204,"*Vent Av./Arr.*",SAISIE!$F$5:$F$204,$F$89),INDEX(SAISIE!$C$5:$C$204,MATCH(MINIFS(SAISIE!$E$5:$E$204,SAISIE!$B$5:$B$204,"*Vent Av./Arr.*",SAISIE!$F$5:$F$204,$F$89),SAISIE!$E$5:$E$204,0))),"-")) | C95: =IF(OR($F$89="",NOT(COUNTIFS(SAISIE!$B$5:$B$204,"*Vent Av./Arr.*",SAISIE!$F$5:$F$204,$F$89)>0)),"",IFERROR(IF(MINIFS(SAISIE!$E$5:$E$204,SAISIE!$B$5:$B$204,"*Vent Av./Arr.*",SAISIE!$F$5:$F$204,$F$89)>=0,INDEX(SAISIE!$D$5:$D$204,MATCH(MAXIFS(SAISIE!$C$5:$C$204,SAISIE!$B$5:$B$204,"*Vent Av./Arr.*",SAISIE!$F$5:$F$204,$F$89),SAISIE!$C$5:$C$204,0)),INDEX(SAISIE!$D$5:$D$204,MATCH(MINIFS(SAISIE!$E$5:$E$204,SAISIE!$B$5:$B$204,"*Vent Av./Arr.*",SAISIE!$F$5:$F$204,$F$89),SAISIE!$E$5:$E$204,0))),"-")) | D95: =IF(OR($F$89="",NOT(COUNTIFS(SAISIE!$B$5:$B$204,"*Vent Av./Arr.*",SAISIE!$F$5:$F$204,$F$89)>0)),"",IFERROR(IF(MINIFS(SAISIE!$E$5:$E$204,SAISIE!$B$5:$B$204,"*Vent Av./Arr.*",SAISIE!$F$5:$F$204,$F$89)>=0,0,MINIFS(SAISIE!$E$5:$E$204,SAISIE!$B$5:$B$204,"*Vent Av./Arr.*",SAISIE!$F$5:$F$204,$F$89)),"-")) | E95: =IF($F$89="","",IF(OR(D95="",D95="-"),"",IF(D95>0,"(soulevement)",IF(D95<0,"(compression)","-")))) | I95: =IF(OR($M$89="",NOT(COUNTIFS(SAISIE!$J$5:$J$204,"*Vent Av./Arr.*",SAISIE!$M$5:$M$204,$M$89)>0)),"","Vent Av./Arr.") | J95: =IF(OR($M$89="",NOT(COUNTIFS(SAISIE!$J$5:$J$204,"*Vent Av./Arr.*",SAISIE!$M$5:$M$204,$M$89)>0)),"",IFERROR(IF(MINIFS(SAISIE!$L$5:$L$204,SAISIE!$J$5:$J$204,"*Vent Av./Arr.*",SAISIE!$M$5:$M$204,$M$89)>=0,MAXIFS(SAISIE!$K$5:$K$204,SAISIE!$J$5:$J$204,"*Vent Av./Arr.*",SAISIE!$M$5:$M$204,$M$89),INDEX(SAISIE!$K$5:$K$204,MATCH(MINIFS(SAISIE!$L$5:$L$204,SAISIE!$J$5:$J$204,"*Vent Av./Arr.*",SAISIE!$M$5:$M$204,$M$89),SAISIE!$L$5:$L$204,0))),"-")) | K95: =IF(OR($M$89="",NOT(COUNTIFS(SAISIE!$J$5:$J$204,"*Vent Av./Arr.*",SAISIE!$M$5:$M$204,$M$89)>0)),"",IFERROR(IF(MINIFS(SAISIE!$L$5:$L$204,SAISIE!$J$5:$J$204,"*Vent Av./Arr.*",SAISIE!$M$5:$M$204,$M$89)>=0,0,MINIFS(SAISIE!$L$5:$L$204,SAISIE!$J$5:$J$204,"*Vent Av./Arr.*",SAISIE!$M$5:$M$204,$M$89)),"-")) | L95: =IF($M$89="","",IF(OR(K95="",K95="-"),"",IF(K95>0,"(soulevement)",IF(K95<0,"(compression)","-"))))
A96: =IF(OR($F$89="",NOT(MAXIFS(SAISIE!$E$5:$E$204,SAISIE!$B$5:$B$204,"*Vent Av./Arr.*",SAISIE!$F$5:$F$204,$F$89)>0)),"","Vent Av./Arr.") | B96: =IF(OR($F$89="",NOT(MAXIFS(SAISIE!$E$5:$E$204,SAISIE!$B$5:$B$204,"*Vent Av./Arr.*",SAISIE!$F$5:$F$204,$F$89)>0)),"",IFERROR(INDEX(SAISIE!$C$5:$C$204,MATCH(MAXIFS(SAISIE!$E$5:$E$204,SAISIE!$B$5:$B$204,"*Vent Av./Arr.*",SAISIE!$F$5:$F$204,$F$89),SAISIE!$E$5:$E$204,0)),"-")) | C96: =IF(OR($F$89="",NOT(MAXIFS(SAISIE!$E$5:$E$204,SAISIE!$B$5:$B$204,"*Vent Av./Arr.*",SAISIE!$F$5:$F$204,$F$89)>0)),"",IFERROR(INDEX(SAISIE!$D$5:$D$204,MATCH(MAXIFS(SAISIE!$E$5:$E$204,SAISIE!$B$5:$B$204,"*Vent Av./Arr.*",SAISIE!$F$5:$F$204,$F$89),SAISIE!$E$5:$E$204,0)),"-")) | D96: =IF(OR($F$89="",NOT(MAXIFS(SAISIE!$E$5:$E$204,SAISIE!$B$5:$B$204,"*Vent Av./Arr.*",SAISIE!$F$5:$F$204,$F$89)>0)),"",IFERROR(MAXIFS(SAISIE!$E$5:$E$204,SAISIE!$B$5:$B$204,"*Vent Av./Arr.*",SAISIE!$F$5:$F$204,$F$89),"-")) | E96: =IF($F$89="","",IF(OR(D96="",D96="-"),"",IF(D96>0,"(soulevement)",IF(D96<0,"(compression)","-")))) | I96: =IF(OR($M$89="",NOT(MAXIFS(SAISIE!$L$5:$L$204,SAISIE!$J$5:$J$204,"*Vent Av./Arr.*",SAISIE!$M$5:$M$204,$M$89)>0)),"","Vent Av./Arr.") | J96: =IF(OR($M$89="",NOT(MAXIFS(SAISIE!$L$5:$L$204,SAISIE!$J$5:$J$204,"*Vent Av./Arr.*",SAISIE!$M$5:$M$204,$M$89)>0)),"",IFERROR(INDEX(SAISIE!$K$5:$K$204,MATCH(MAXIFS(SAISIE!$L$5:$L$204,SAISIE!$J$5:$J$204,"*Vent Av./Arr.*",SAISIE!$M$5:$M$204,$M$89),SAISIE!$L$5:$L$204,0)),"-")) | K96: =IF(OR($M$89="",NOT(MAXIFS(SAISIE!$L$5:$L$204,SAISIE!$J$5:$J$204,"*Vent Av./Arr.*",SAISIE!$M$5:$M$204,$M$89)>0)),"",IFERROR(MAXIFS(SAISIE!$L$5:$L$204,SAISIE!$J$5:$J$204,"*Vent Av./Arr.*",SAISIE!$M$5:$M$204,$M$89),"-")) | L96: =IF($M$89="","",IF(OR(K96="",K96="-"),"",IF(K96>0,"(soulevement)",IF(K96<0,"(compression)","-"))))
A97: =IF(OR($F$89="",NOT(COUNTIFS(SAISIE!$B$5:$B$204,"*Vent Arr./Av.*",SAISIE!$F$5:$F$204,$F$89)>0)),"","Vent Arr./Av.") | B97: =IF(OR($F$89="",NOT(COUNTIFS(SAISIE!$B$5:$B$204,"*Vent Arr./Av.*",SAISIE!$F$5:$F$204,$F$89)>0)),"",IFERROR(IF(MINIFS(SAISIE!$E$5:$E$204,SAISIE!$B$5:$B$204,"*Vent Arr./Av.*",SAISIE!$F$5:$F$204,$F$89)>=0,MAXIFS(SAISIE!$C$5:$C$204,SAISIE!$B$5:$B$204,"*Vent Arr./Av.*",SAISIE!$F$5:$F$204,$F$89),INDEX(SAISIE!$C$5:$C$204,MATCH(MINIFS(SAISIE!$E$5:$E$204,SAISIE!$B$5:$B$204,"*Vent Arr./Av.*",SAISIE!$F$5:$F$204,$F$89),SAISIE!$E$5:$E$204,0))),"-")) | C97: =IF(OR($F$89="",NOT(COUNTIFS(SAISIE!$B$5:$B$204,"*Vent Arr./Av.*",SAISIE!$F$5:$F$204,$F$89)>0)),"",IFERROR(IF(MINIFS(SAISIE!$E$5:$E$204,SAISIE!$B$5:$B$204,"*Vent Arr./Av.*",SAISIE!$F$5:$F$204,$F$89)>=0,INDEX(SAISIE!$D$5:$D$204,MATCH(MAXIFS(SAISIE!$C$5:$C$204,SAISIE!$B$5:$B$204,"*Vent Arr./Av.*",SAISIE!$F$5:$F$204,$F$89),SAISIE!$C$5:$C$204,0)),INDEX(SAISIE!$D$5:$D$204,MATCH(MINIFS(SAISIE!$E$5:$E$204,SAISIE!$B$5:$B$204,"*Vent Arr./Av.*",SAISIE!$F$5:$F$204,$F$89),SAISIE!$E$5:$E$204,0))),"-")) | D97: =IF(OR($F$89="",NOT(COUNTIFS(SAISIE!$B$5:$B$204,"*Vent Arr./Av.*",SAISIE!$F$5:$F$204,$F$89)>0)),"",IFERROR(IF(MINIFS(SAISIE!$E$5:$E$204,SAISIE!$B$5:$B$204,"*Vent Arr./Av.*",SAISIE!$F$5:$F$204,$F$89)>=0,0,MINIFS(SAISIE!$E$5:$E$204,SAISIE!$B$5:$B$204,"*Vent Arr./Av.*",SAISIE!$F$5:$F$204,$F$89)),"-")) | E97: =IF($F$89="","",IF(OR(D97="",D97="-"),"",IF(D97>0,"(soulevement)",IF(D97<0,"(compression)","-")))) | I97: =IF(OR($M$89="",NOT(COUNTIFS(SAISIE!$J$5:$J$204,"*Vent Arr./Av.*",SAISIE!$M$5:$M$204,$M$89)>0)),"","Vent Arr./Av.") | J97: =IF(OR($M$89="",NOT(COUNTIFS(SAISIE!$J$5:$J$204,"*Vent Arr./Av.*",SAISIE!$M$5:$M$204,$M$89)>0)),"",IFERROR(IF(MINIFS(SAISIE!$L$5:$L$204,SAISIE!$J$5:$J$204,"*Vent Arr./Av.*",SAISIE!$M$5:$M$204,$M$89)>=0,MAXIFS(SAISIE!$K$5:$K$204,SAISIE!$J$5:$J$204,"*Vent Arr./Av.*",SAISIE!$M$5:$M$204,$M$89),INDEX(SAISIE!$K$5:$K$204,MATCH(MINIFS(SAISIE!$L$5:$L$204,SAISIE!$J$5:$J$204,"*Vent Arr./Av.*",SAISIE!$M$5:$M$204,$M$89),SAISIE!$L$5:$L$204,0))),"-")) | K97: =IF(OR($M$89="",NOT(COUNTIFS(SAISIE!$J$5:$J$204,"*Vent Arr./Av.*",SAISIE!$M$5:$M$204,$M$89)>0)),"",IFERROR(IF(MINIFS(SAISIE!$L$5:$L$204,SAISIE!$J$5:$J$204,"*Vent Arr./Av.*",SAISIE!$M$5:$M$204,$M$89)>=0,0,MINIFS(SAISIE!$L$5:$L$204,SAISIE!$J$5:$J$204,"*Vent Arr./Av.*",SAISIE!$M$5:$M$204,$M$89)),"-")) | L97: =IF($M$89="","",IF(OR(K97="",K97="-"),"",IF(K97>0,"(soulevement)",IF(K97<0,"(compression)","-"))))
A98: =IF(OR($F$89="",NOT(MAXIFS(SAISIE!$E$5:$E$204,SAISIE!$B$5:$B$204,"*Vent Arr./Av.*",SAISIE!$F$5:$F$204,$F$89)>0)),"","Vent Arr./Av.") | B98: =IF(OR($F$89="",NOT(MAXIFS(SAISIE!$E$5:$E$204,SAISIE!$B$5:$B$204,"*Vent Arr./Av.*",SAISIE!$F$5:$F$204,$F$89)>0)),"",IFERROR(INDEX(SAISIE!$C$5:$C$204,MATCH(MAXIFS(SAISIE!$E$5:$E$204,SAISIE!$B$5:$B$204,"*Vent Arr./Av.*",SAISIE!$F$5:$F$204,$F$89),SAISIE!$E$5:$E$204,0)),"-")) | C98: =IF(OR($F$89="",NOT(MAXIFS(SAISIE!$E$5:$E$204,SAISIE!$B$5:$B$204,"*Vent Arr./Av.*",SAISIE!$F$5:$F$204,$F$89)>0)),"",IFERROR(INDEX(SAISIE!$D$5:$D$204,MATCH(MAXIFS(SAISIE!$E$5:$E$204,SAISIE!$B$5:$B$204,"*Vent Arr./Av.*",SAISIE!$F$5:$F$204,$F$89),SAISIE!$E$5:$E$204,0)),"-")) | D98: =IF(OR($F$89="",NOT(MAXIFS(SAISIE!$E$5:$E$204,SAISIE!$B$5:$B$204,"*Vent Arr./Av.*",SAISIE!$F$5:$F$204,$F$89)>0)),"",IFERROR(MAXIFS(SAISIE!$E$5:$E$204,SAISIE!$B$5:$B$204,"*Vent Arr./Av.*",SAISIE!$F$5:$F$204,$F$89),"-")) | E98: =IF($F$89="","",IF(OR(D98="",D98="-"),"",IF(D98>0,"(soulevement)",IF(D98<0,"(compression)","-")))) | I98: =IF(OR($M$89="",NOT(MAXIFS(SAISIE!$L$5:$L$204,SAISIE!$J$5:$J$204,"*Vent Arr./Av.*",SAISIE!$M$5:$M$204,$M$89)>0)),"","Vent Arr./Av.") | J98: =IF(OR($M$89="",NOT(MAXIFS(SAISIE!$L$5:$L$204,SAISIE!$J$5:$J$204,"*Vent Arr./Av.*",SAISIE!$M$5:$M$204,$M$89)>0)),"",IFERROR(INDEX(SAISIE!$K$5:$K$204,MATCH(MAXIFS(SAISIE!$L$5:$L$204,SAISIE!$J$5:$J$204,"*Vent Arr./Av.*",SAISIE!$M$5:$M$204,$M$89),SAISIE!$L$5:$L$204,0)),"-")) | K98: =IF(OR($M$89="",NOT(MAXIFS(SAISIE!$L$5:$L$204,SAISIE!$J$5:$J$204,"*Vent Arr./Av.*",SAISIE!$M$5:$M$204,$M$89)>0)),"",IFERROR(MAXIFS(SAISIE!$L$5:$L$204,SAISIE!$J$5:$J$204,"*Vent Arr./Av.*",SAISIE!$M$5:$M$204,$M$89),"-")) | L98: =IF($M$89="","",IF(OR(K98="",K98="-"),"",IF(K98>0,"(soulevement)",IF(K98<0,"(compression)","-"))))
A99: =IF(OR($F$89="",NOT(TRUE)),"","Neige normale") | B99: =IF($F$89="","",IFERROR(INDEX(SAISIE!$C$5:$C$204,MATCH(MINIFS(SAISIE!$E$5:$E$204,SAISIE!$B$5:$B$204,"*Neige*",SAISIE!$B$5:$B$204,"<>*accidentel*",SAISIE!$F$5:$F$204,$F$89),SAISIE!$E$5:$E$204,0)),"-")) | C99: =IF($F$89="","",IFERROR(INDEX(SAISIE!$D$5:$D$204,MATCH(MINIFS(SAISIE!$E$5:$E$204,SAISIE!$B$5:$B$204,"*Neige*",SAISIE!$B$5:$B$204,"<>*accidentel*",SAISIE!$F$5:$F$204,$F$89),SAISIE!$E$5:$E$204,0)),"-")) | D99: =IF($F$89="","",IFERROR(INDEX(SAISIE!$E$5:$E$204,MATCH(MINIFS(SAISIE!$E$5:$E$204,SAISIE!$B$5:$B$204,"*Neige*",SAISIE!$B$5:$B$204,"<>*accidentel*",SAISIE!$F$5:$F$204,$F$89),SAISIE!$E$5:$E$204,0)),"-")) | E99: =IF($F$89="","",IF(OR(D99="",D99="-"),"",IF(D99>0,"(soulevement)",IF(D99<0,"(compression)","-")))) | I99: =IF(OR($M$89="",NOT(TRUE)),"","Neige normale") | J99: =IF($M$89="","",IFERROR(INDEX(SAISIE!$K$5:$K$204,MATCH(MINIFS(SAISIE!$L$5:$L$204,SAISIE!$J$5:$J$204,"*Neige*",SAISIE!$J$5:$J$204,"<>*accidentel*",SAISIE!$M$5:$M$204,$M$89),SAISIE!$L$5:$L$204,0)),"-")) | K99: =IF($M$89="","",IFERROR(INDEX(SAISIE!$L$5:$L$204,MATCH(MINIFS(SAISIE!$L$5:$L$204,SAISIE!$J$5:$J$204,"*Neige*",SAISIE!$J$5:$J$204,"<>*accidentel*",SAISIE!$M$5:$M$204,$M$89),SAISIE!$L$5:$L$204,0)),"-")) | L99: =IF($M$89="","",IF(OR(K99="",K99="-"),"",IF(K99>0,"(soulevement)",IF(K99<0,"(compression)","-"))))
A100: =IF(OR($F$89="",NOT(TRUE)),"","Neige accidentelle") | B100: =IF($F$89="","",IFERROR(LOOKUP(2,1/((SAISIE!$F$5:$F$204=$F$89)*(ISNUMBER(SEARCH("accidentel",SAISIE!$B$5:$B$204)))),SAISIE!$C$5:$C$204),"-")) | C100: =IF($F$89="","",IFERROR(LOOKUP(2,1/((SAISIE!$F$5:$F$204=$F$89)*(ISNUMBER(SEARCH("accidentel",SAISIE!$B$5:$B$204)))),SAISIE!$D$5:$D$204),"-")) | D100: =IF($F$89="","",IFERROR(LOOKUP(2,1/((SAISIE!$F$5:$F$204=$F$89)*(ISNUMBER(SEARCH("accidentel",SAISIE!$B$5:$B$204)))),SAISIE!$E$5:$E$204),"-")) | E100: =IF($F$89="","",IF(OR(D100="",D100="-"),"",IF(D100>0,"(soulevement)",IF(D100<0,"(compression)","-")))) | I100: =IF(OR($M$89="",NOT(TRUE)),"","Neige accidentelle") | J100: =IF($M$89="","",IFERROR(LOOKUP(2,1/((SAISIE!$M$5:$M$204=$M$89)*(ISNUMBER(SEARCH("accidentel",SAISIE!$J$5:$J$204)))),SAISIE!$K$5:$K$204),"-")) | K100: =IF($M$89="","",IFERROR(LOOKUP(2,1/((SAISIE!$M$5:$M$204=$M$89)*(ISNUMBER(SEARCH("accidentel",SAISIE!$J$5:$J$204)))),SAISIE!$L$5:$L$204),"-")) | L100: =IF($M$89="","",IF(OR(K100="",K100="-"),"",IF(K100>0,"(soulevement)",IF(K100<0,"(compression)","-"))))
...
